
//init setting
static kal_uint16 addr_data_pair_init_mot_naples_s5khm9_part1[] = {
	0x6028, 0x2001,
	0x602A, 0xD394,
	0x6F12, 0x0000,
	0x6F12, 0x0000,
	0x6F12, 0x0000,
	0x6F12, 0x0000,
	0x6F12, 0x0000,
	0x6F12, 0x0000,
	0x6F12, 0x0849,
	0x6F12, 0x10B5,
	0x6F12, 0x0648,
	0x6F12, 0xC1F8,
	0x6F12, 0x700A,
	0x6F12, 0x0749,
	0x6F12, 0x081A,
	0x6F12, 0x0549,
	0x6F12, 0xA1F8,
	0x6F12, 0x740A,
	0x6F12, 0x00F0,
	0x6F12, 0xA5FC,
	0x6F12, 0xBDE8,
	0x6F12, 0x1040,
	0x6F12, 0x00F0,
	0x6F12, 0xA8BE,
	0x6F12, 0x2001,
	0x6F12, 0xE0F4,
	0x6F12, 0x2001,
	0x6F12, 0x3550,
	0x6F12, 0x2002,
	0x6F12, 0x8284,
	0x602A, 0xD3DC,
	0x6F12, 0x0000,
	0x6F12, 0x0000,
	0x6F12, 0x2DE9,
	0x6F12, 0xF041,
	0x6F12, 0x0446,
	0x6F12, 0xFF48,
	0x6F12, 0x0E46,
	0x6F12, 0x0022,
	0x6F12, 0x0068,
	0x6F12, 0x87B2,
	0x6F12, 0x050C,
	0x6F12, 0x3946,
	0x6F12, 0x2846,
	0x6F12, 0x00F0,
	0x6F12, 0x4FFD,
	0x6F12, 0x3146,
	0x6F12, 0x2046,
	0x6F12, 0x00F0,
	0x6F12, 0x50FD,
	0x6F12, 0x0122,
	0x6F12, 0x3946,
	0x6F12, 0x2846,
	0x6F12, 0x00F0,
	0x6F12, 0x46FD,
	0x6F12, 0x0020,
	0x6F12, 0x00F0,
	0x6F12, 0x4DFD,
	0x6F12, 0x2189,
	0x6F12, 0x401E,
	0x6F12, 0x0844,
	0x6F12, 0x6081,
	0x6F12, 0x0020,
	0x6F12, 0x00F0,
	0x6F12, 0x4BFD,
	0x6F12, 0xA189,
	0x6F12, 0x401E,
	0x6F12, 0x0844,
	0x6F12, 0xE081,
	0x6F12, 0xBDE8,
	0x6F12, 0xF081,
	0x6F12, 0x2DE9,
	0x6F12, 0xF041,
	0x6F12, 0x8046,
	0x6F12, 0xEC48,
	0x6F12, 0x1646,
	0x6F12, 0x0F46,
	0x6F12, 0x4068,
	0x6F12, 0x0022,
	0x6F12, 0x85B2,
	0x6F12, 0x040C,
	0x6F12, 0x2946,
	0x6F12, 0x2046,
	0x6F12, 0x00F0,
	0x6F12, 0x28FD,
	0x6F12, 0x3246,
	0x6F12, 0x3946,
	0x6F12, 0x4046,
	0x6F12, 0x00F0,
	0x6F12, 0x37FD,
	0x6F12, 0xE54A,
	0x6F12, 0xE549,
	0x6F12, 0x9068,
	0x6F12, 0x91F8,
	0x6F12, 0xC01C,
	0x6F12, 0x90F8,
	0x6F12, 0x5230,
	0x6F12, 0xB9B1,
	0x6F12, 0x0021,
	0x6F12, 0x43EA,
	0x6F12, 0x4111,
	0x6F12, 0x80F8,
	0x6F12, 0x5210,
	0x6F12, 0xE048,
	0x6F12, 0x5268,
	0x6F12, 0xD0F8,
	0x6F12, 0x8032,
	0x6F12, 0x180C,
	0x6F12, 0x010A,
	0x6F12, 0x02F8,
	0x6F12, 0xA81F,
	0x6F12, 0x2946,
	0x6F12, 0x9070,
	0x6F12, 0x180A,
	0x6F12, 0x1071,
	0x6F12, 0x9371,
	0x6F12, 0x2046,
	0x6F12, 0xBDE8,
	0x6F12, 0xF041,
	0x6F12, 0x0122,
	0x6F12, 0x00F0,
	0x6F12, 0x03BD,
	0x6F12, 0x0121,
	0x6F12, 0xE6E7,
	0x6F12, 0x2DE9,
	0x6F12, 0xF047,
	0x6F12, 0xD54B,
	0x6F12, 0xD449,
	0x6F12, 0xDFF8,
	0x6F12, 0x54A3,
	0x6F12, 0x01EB,
	0x6F12, 0x8001,
	0x6F12, 0xD3F8,
	0x6F12, 0xE079,
	0x6F12, 0xD3F8,
	0x6F12, 0xE469,
	0x6F12, 0xD1F8,
	0x6F12, 0x04CA,
	0x6F12, 0xF51B,
	0x6F12, 0xB3F8,
	0x6F12, 0xE443,
	0x6F12, 0xD3F8,
	0x6F12, 0x5C24,
	0x6F12, 0xD3F8,
	0x6F12, 0xE819,
	0x6F12, 0x4FF0,
	0x6F12, 0x0009,
	0x6F12, 0x03F5,
	0x6F12, 0x2068,
	0x6F12, 0xBCF1,
	0x6F12, 0x000F,
	0x6F12, 0x09D0,
	0x6F12, 0x0CFB,
	0x6F12, 0x0213,
	0x6F12, 0x5B1E,
	0x6F12, 0xB3FB,
	0x6F12, 0xF1FC,
	0x6F12, 0x07EB,
	0x6F12, 0x0C03,
	0x6F12, 0x9E42,
	0x6F12, 0x17D8,
	0x6F12, 0x12E0,
	0x6F12, 0x0AEB,
	0x6F12, 0x4003,
	0x6F12, 0x4FF0,
	0x6F12, 0xFF3C,
	0x6F12, 0x5B89,
	0x6F12, 0x0CEB,
	0x6F12, 0x0323,
	0x6F12, 0x0B44,
	0x6F12, 0xB3FB,
	0x6F12, 0xF1F3,
	0x6F12, 0xDFF8,
	0x6F12, 0xF8C2,
	0x6F12, 0x1F44,
	0x6F12, 0xB742,
	0x6F12, 0xCCF8,
	0x6F12, 0xF839,
	0x6F12, 0x01D2,
	0x6F12, 0xEB1A,
	0x6F12, 0x05E0,
	0x6F12, 0xB949,
	0x6F12, 0xC1F8,
	0x6F12, 0xFC99,
	0x6F12, 0x15E0,
	0x6F12, 0xA5EB,
	0x6F12, 0x0C03,
	0x6F12, 0xB64D,
	0x6F12, 0xC5F8,
	0x6F12, 0xFC39,
	0x6F12, 0x2B46,
	0x6F12, 0xD3F8,
	0x6F12, 0xFC39,
	0x6F12, 0x63B1,
	0x6F12, 0xB5F8,
	0x6F12, 0xEC59,
	0x6F12, 0x8542,
	0x6F12, 0x0DD0,
	0x6F12, 0x03FB,
	0x6F12, 0x0121,
	0x6F12, 0x491E,
	0x6F12, 0xB1FB,
	0x6F12, 0xF2F1,
	0x6F12, 0xAE4A,
	0x6F12, 0xC2F8,
	0x6F12, 0x001A,
	0x6F12, 0x07E0,
	0x6F12, 0xAC48,
	0x6F12, 0xC0F8,
	0x6F12, 0x004A,
	0x6F12, 0xBDE8,
	0x6F12, 0xF087,
	0x6F12, 0xAA49,
	0x6F12, 0xC1F8,
	0x6F12, 0x003A,
	0x6F12, 0xA849,
	0x6F12, 0x0AEB,
	0x6F12, 0x4000,
	0x6F12, 0xD1F8,
	0x6F12, 0x001A,
	0x6F12, 0x808B,
	0x6F12, 0x8142,
	0x6F12, 0xEFD9,
	0x6F12, 0x081A,
	0x6F12, 0xC8F8,
	0x6F12, 0x0000,
	0x6F12, 0xEEE7,
	0x6F12, 0x10B5,
	0x6F12, 0x0128,
	0x6F12, 0x03D0,
	0x6F12, 0xBDE8,
	0x6F12, 0x1040,
	0x6F12, 0x00F0,
	0x6F12, 0xACBC,
	0x6F12, 0xA048,
	0x6F12, 0xC088,
	0x6F12, 0x0028,
	0x6F12, 0x14D0,
	0x6F12, 0x9D48,
	0x6F12, 0x90F8,
	0x6F12, 0x7304,
	0x6F12, 0x0228,
	0x6F12, 0x04D0,
	0x6F12, 0x9A48,
	0x6F12, 0x90F8,
	0x6F12, 0x7204,
	0x6F12, 0x0128,
	0x6F12, 0x0AD1,
	0x6F12, 0x9A4C,
	0x6F12, 0x94F8,
	0x6F12, 0x6C01,
	0x6F12, 0xFFF7,
	0x6F12, 0x7FFF,
	0x6F12, 0x94F8,
	0x6F12, 0x6C01,
	0x6F12, 0xBDE8,
	0x6F12, 0x1040,
	0x6F12, 0x00F0,
	0x6F12, 0x98BC,
	0x6F12, 0x10BD,
	0x6F12, 0x2DE9,
	0x6F12, 0xF041,
	0x6F12, 0x0446,
	0x6F12, 0x8D48,
	0x6F12, 0x0E46,
	0x6F12, 0x0022,
	0x6F12, 0x8068,
	0x6F12, 0x87B2,
	0x6F12, 0x050C,
	0x6F12, 0x3946,
	0x6F12, 0x2846,
	0x6F12, 0x00F0,
	0x6F12, 0x6CFC,
	0x6F12, 0x3146,
	0x6F12, 0x2046,
	0x6F12, 0x00F0,
	0x6F12, 0x8BFC,
	0x6F12, 0x0122,
	0x6F12, 0x3946,
	0x6F12, 0x2846,
	0x6F12, 0x00F0,
	0x6F12, 0x63FC,
	0x6F12, 0x94F8,
	0x6F12, 0x8500,
	0x6F12, 0x0228,
	0x6F12, 0x04D1,
	0x6F12, 0x34F8,
	0x6F12, 0xAC0F,
	0x6F12, 0x6080,
	0x6F12, 0xA088,
	0x6F12, 0xE080,
	0x6F12, 0x20E7,
	0x6F12, 0x2DE9,
	0x6F12, 0xF043,
	0x6F12, 0x844C,
	0x6F12, 0x8DB0,
	0x6F12, 0x5FEA,
	0x6F12, 0x0008,
	0x6F12, 0x8946,
	0x6F12, 0x4FF0,
	0x6F12, 0x0005,
	0x6F12, 0x2ED0,
	0x6F12, 0x2688,
	0x6F12, 0x86B1,
	0x6F12, 0x3421,
	0x6F12, 0x6846,
	0x6F12, 0x00F0,
	0x6F12, 0x71FC,
	0x6F12, 0x3422,
	0x6F12, 0x6946,
	0x6F12, 0x3046,
	0x6F12, 0x00F0,
	0x6F12, 0x71FC,
	0x6F12, 0xBDF8,
	0x6F12, 0x0000,
	0x6F12, 0x20B1,
	0x6F12, 0x3422,
	0x6F12, 0x6946,
	0x6F12, 0x7948,
	0x6F12, 0x00F0,
	0x6F12, 0x6EFC,
	0x6F12, 0x7048,
	0x6F12, 0x3426,
	0x6F12, 0x4C30,
	0x6F12, 0x3246,
	0x6F12, 0x0021,
	0x6F12, 0x0746,
	0x6F12, 0x00F0,
	0x6F12, 0x6BFC,
	0x6F12, 0xE088,
	0x6F12, 0x18B1,
	0x6F12, 0x3246,
	0x6F12, 0x3946,
	0x6F12, 0x00F0,
	0x6F12, 0x5BFC,
	0x6F12, 0x694E,
	0x6F12, 0x0222,
	0x6F12, 0x4436,
	0x6F12, 0x06F1,
	0x6F12, 0x3C01,
	0x6F12, 0xB587,
	0x6F12, 0x3420,
	0x6F12, 0x00F0,
	0x6F12, 0x52FC,
	0x6F12, 0xB08F,
	0x6F12, 0x10B1,
	0x6F12, 0x6C49,
	0x6F12, 0xA1F8,
	0x6F12, 0x8201,
	0x6F12, 0x6248,
	0x6F12, 0x0022,
	0x6F12, 0xC168,
	0x6F12, 0x0E0C,
	0x6F12, 0x8FB2,
	0x6F12, 0x3946,
	0x6F12, 0x3046,
	0x6F12, 0x00F0,
	0x6F12, 0x17FC,
	0x6F12, 0x4946,
	0x6F12, 0x4046,
	0x6F12, 0x00F0,
	0x6F12, 0x4FFC,
	0x6F12, 0x8046,
	0x6F12, 0x0122,
	0x6F12, 0x3946,
	0x6F12, 0x3046,
	0x6F12, 0x00F0,
	0x6F12, 0x0DFC,
	0x6F12, 0x6088,
	0x6F12, 0x0128,
	0x6F12, 0x01D1,
	0x6F12, 0x6048,
	0x6F12, 0x0580,
	0x6F12, 0x0DB0,
	0x6F12, 0x4046,
	0x6F12, 0xBDE8,
	0x6F12, 0xF083,
	0x6F12, 0x2DE9,
	0x6F12, 0xF041,
	0x6F12, 0x0F46,
	0x6F12, 0x1D46,
	0x6F12, 0x1446,
	0x6F12, 0x0646,
	0x6F12, 0x1146,
	0x6F12, 0x00F0,
	0x6F12, 0x3CFC,
	0x6F12, 0xD7E9,
	0x6F12, 0x0410,
	0x6F12, 0x4843,
	0x6F12, 0x020B,
	0x6F12, 0x5848,
	0x6F12, 0x0088,
	0x6F12, 0x00EB,
	0x6F12, 0x8001,
	0x6F12, 0x01EB,
	0x6F12, 0xC001,
	0x6F12, 0x4B48,
	0x6F12, 0x4430,
	0x6F12, 0x00EB,
	0x6F12, 0x4101,
	0x6F12, 0x4E48,
	0x6F12, 0x90F8,
	0x6F12, 0xDB00,
	0x6F12, 0x01EB,
	0x6F12, 0x4000,
	0x6F12, 0x0089,
	0x6F12, 0x08B1,
	0x6F12, 0x5043,
	0x6F12, 0x020B,
	0x6F12, 0x06EB,
	0x6F12, 0x0411,
	0x6F12, 0x05EB,
	0x6F12, 0x0410,
	0x6F12, 0xBDE8,
	0x6F12, 0xF041,
	0x6F12, 0x00F0,
	0x6F12, 0x22BC,
	0x6F12, 0x70B5,
	0x6F12, 0x0446,
	0x6F12, 0x3F48,
	0x6F12, 0x0022,
	0x6F12, 0x4169,
	0x6F12, 0x0D0C,
	0x6F12, 0x8EB2,
	0x6F12, 0x3146,
	0x6F12, 0x2846,
	0x6F12, 0x00F0,
	0x6F12, 0xD1FB,
	0x6F12, 0x2046,
	0x6F12, 0x00F0,
	0x6F12, 0x19FC,
	0x6F12, 0x0122,
	0x6F12, 0x3146,
	0x6F12, 0x2846,
	0x6F12, 0x00F0,
	0x6F12, 0xC9FB,
	0x6F12, 0x0023,
	0x6F12, 0x1A46,
	0x6F12, 0x0E21,
	0x6F12, 0x4FF4,
	0x6F12, 0x8040,
	0x6F12, 0x00F0,
	0x6F12, 0x12FC,
	0x6F12, 0xC0F3,
	0x6F12, 0x8001,
	0x6F12, 0x3248,
	0x6F12, 0x3D4A,
	0x6F12, 0x4430,
	0x6F12, 0x9442,
	0x6F12, 0x0170,
	0x6F12, 0x01D1,
	0x6F12, 0x4170,
	0x6F12, 0x70BD,
	0x6F12, 0x8170,
	0x6F12, 0x70BD,
	0x6F12, 0x10B5,
	0x6F12, 0x0446,
	0x6F12, 0x00F0,
	0x6F12, 0x07FC,
	0x6F12, 0x002C,
	0x6F12, 0x03D0,
	0x6F12, 0x2A48,
	0x6F12, 0x4430,
	0x6F12, 0x8178,
	0x6F12, 0xC170,
	0x6F12, 0x10BD,
	0x6F12, 0x70B5,
	0x6F12, 0x2A48,
	0x6F12, 0x90F8,
	0x6F12, 0x3802,
	0x6F12, 0x18B1,
	0x6F12, 0x2548,
	0x6F12, 0x4430,
	0x6F12, 0x4178,
	0x6F12, 0x8170,
	0x6F12, 0x2348,
	0x6F12, 0x0022,
	0x6F12, 0x8169,
	0x6F12, 0x0C0C,
	0x6F12, 0x8DB2,
	0x6F12, 0x2946,
	0x6F12, 0x2046,
	0x6F12, 0x00F0,
	0x6F12, 0x99FB,
	0x6F12, 0x00F0,
	0x6F12, 0xF1FB,
	0x6F12, 0x2946,
	0x6F12, 0x2046,
	0x6F12, 0xBDE8,
	0x6F12, 0x7040,
	0x6F12, 0x0122,
	0x6F12, 0x00F0,
	0x6F12, 0x90BB,
	0x6F12, 0x1D48,
	0x6F12, 0x10B5,
	0x6F12, 0x90F8,
	0x6F12, 0x7407,
	0x6F12, 0x28B1,
	0x6F12, 0x1B48,
	0x6F12, 0x90F8,
	0x6F12, 0x7807,
	0x6F12, 0x08B1,
	0x6F12, 0x0120,
	0x6F12, 0x00E0,
	0x6F12, 0x0020,
	0x6F12, 0x204C,
	0x6F12, 0x6081,
	0x6F12, 0x00F0,
	0x6F12, 0xDFFB,
	0x6F12, 0x0021,
	0x6F12, 0x00B9,
	0x6F12, 0x6181,
	0x6F12, 0x1148,
	0x6F12, 0x4430,
	0x6F12, 0xC078,
	0x6F12, 0x0028,
	0x6F12, 0x00D0,
	0x6F12, 0x6181,
	0x6F12, 0x10BD,
	0x6F12, 0x10B5,
	0x6F12, 0x00F0,
	0x6F12, 0xD7FB,
	0x6F12, 0xBDE8,
	0x6F12, 0x1040,
	0x6F12, 0xDFE7,
	0x6F12, 0x70B5,
	0x6F12, 0x0546,
	0x6F12, 0x0F48,
	0x6F12, 0x8088,
	0x6F12, 0x78B1,
	0x6F12, 0x0B48,
	0x6F12, 0x90F8,
	0x6F12, 0x820A,
	0x6F12, 0x58B9,
	0x6F12, 0x0948,
	0x6F12, 0x054A,
	0x6F12, 0x4432,
	0x6F12, 0xD0F8,
	0x6F12, 0x0817,
	0x6F12, 0x5068,
	0x6F12, 0x431C,
	0x6F12, 0x02D0,
	0x6F12, 0x054B,
	0x6F12, 0xC3F8,
	0x6F12, 0x0807,
	0x6F12, 0x5160,
	0x6F12, 0x19E0,
	0x6F12, 0x2001,
	0x6F12, 0xE070,
	0x6F12, 0x2001,
	0x6F12, 0x4E84,
	0x6F12, 0x2001,
	0x6F12, 0x1DD0,
	0x6F12, 0x2001,
	0x6F12, 0x3550,
	0x6F12, 0x2000,
	0x6F12, 0x19D0,
	0x6F12, 0x2001,
	0x6F12, 0x53E0,
	0x6F12, 0x2001,
	0x6F12, 0xD3D0,
	0x6F12, 0x2000,
	0x6F12, 0x7F4A,
	0x6F12, 0x2000,
	0x6F12, 0xDA90,
	0x6F12, 0x4500,
	0x6F12, 0x0602,
	0x6F12, 0x2000,
	0x6F12, 0x8538,
	0x6F12, 0x2001,
	0x6F12, 0x3B38,
	0x6F12, 0x2001,
	0x6F12, 0x4F70,
	0x6F12, 0xFE48,
	0x6F12, 0x0022,
	0x6F12, 0xC169,
	0x6F12, 0x0C0C,
	0x6F12, 0x8EB2,
	0x6F12, 0x3146,
	0x6F12, 0x2046,
	0x6F12, 0x00F0,
	0x6F12, 0x37FB,
	0x6F12, 0x2846,
	0x6F12, 0x00F0,
	0x6F12, 0x9DFB,
	0x6F12, 0x3146,
	0x6F12, 0x2046,
	0x6F12, 0xBDE8,
	0x6F12, 0x7040,
	0x6F12, 0x0122,
	0x6F12, 0x00F0,
	0x6F12, 0x2DBB,
	0x6F12, 0x2DE9,
	0x6F12, 0xF05F,
	0x6F12, 0x8346,
	0x6F12, 0xF348,
	0x6F12, 0x8A46,
	0x6F12, 0x9146,
	0x6F12, 0x006A,
	0x6F12, 0x1C46,
	0x6F12, 0x070C,
	0x6F12, 0x80B2,
	0x6F12, 0x8046,
	0x6F12, 0x0146,
	0x6F12, 0x0022,
	0x6F12, 0x3846,
	0x6F12, 0x00F0,
	0x6F12, 0x1DFB,
	0x6F12, 0xEE48,
	0x6F12, 0x0088,
	0x6F12, 0x10B3,
	0x6F12, 0x04EB,
	0x6F12, 0x4400,
	0x6F12, 0x00EB,
	0x6F12, 0x0411,
	0x6F12, 0xEB48,
	0x6F12, 0x09EB,
	0x6F12, 0x8105,
	0x6F12, 0x90F8,
	0x6F12, 0xE010,
	0x6F12, 0x2E8F,
	0x6F12, 0x0129,
	0x6F12, 0x03D1,
	0x6F12, 0x90F8,
	0x6F12, 0xE100,
	0x6F12, 0x0128,
	0x6F12, 0x00D0,
	0x6F12, 0x0020,
	0x6F12, 0x0028,
	0x6F12, 0xE548,
	0x6F12, 0x02D0,
	0x6F12, 0x45F2,
	0x6F12, 0x4241,
	0x6F12, 0x01E0,
	0x6F12, 0x45F2,
	0x6F12, 0x4041,
	0x6F12, 0x405A,
	0x6F12, 0x2887,
	0x6F12, 0x2346,
	0x6F12, 0x4A46,
	0x6F12, 0x5146,
	0x6F12, 0x5846,
	0x6F12, 0x00F0,
	0x6F12, 0x67FB,
	0x6F12, 0x2E87,
	0x6F12, 0x05E0,
	0x6F12, 0x2346,
	0x6F12, 0x4A46,
	0x6F12, 0x5146,
	0x6F12, 0x5846,
	0x6F12, 0x00F0,
	0x6F12, 0x5FFB,
	0x6F12, 0x4146,
	0x6F12, 0x3846,
	0x6F12, 0xBDE8,
	0x6F12, 0xF05F,
	0x6F12, 0x0122,
	0x6F12, 0x00F0,
	0x6F12, 0xEABA,
	0x6F12, 0x2DE9,
	0x6F12, 0xF05F,
	0x6F12, 0xD749,
	0x6F12, 0xDFF8,
	0x6F12, 0x5893,
	0x6F12, 0x0026,
	0x6F12, 0x00EB,
	0x6F12, 0x8000,
	0x6F12, 0x4FF0,
	0x6F12, 0x8048,
	0x6F12, 0x3546,
	0x6F12, 0x4FF6,
	0x6F12, 0xFC4B,
	0x6F12, 0x01EB,
	0x6F12, 0xC007,
	0x6F12, 0x09F5,
	0x6F12, 0x8054,
	0x6F12, 0x8A46,
	0x6F12, 0x52E0,
	0x6F12, 0x5845,
	0x6F12, 0x22D3,
	0x6F12, 0x06D1,
	0x6F12, 0x07EB,
	0x6F12, 0x4500,
	0x6F12, 0xB0F8,
	0x6F12, 0x7003,
	0x6F12, 0x4FEA,
	0x6F12, 0x0048,
	0x6F12, 0x45E0,
	0x6F12, 0xA0F5,
	0x6F12, 0x7F41,
	0x6F12, 0xFC39,
	0x6F12, 0x01D1,
	0x6F12, 0x0126,
	0x6F12, 0x3FE0,
	0x6F12, 0xA0F5,
	0x6F12, 0x7F41,
	0x6F12, 0xFD39,
	0x6F12, 0x01D1,
	0x6F12, 0x0026,
	0x6F12, 0x39E0,
	0x6F12, 0xA0F5,
	0x6F12, 0x7F41,
	0x6F12, 0xFE39,
	0x6F12, 0x35D1,
	0x6F12, 0x07EB,
	0x6F12, 0x4500,
	0x6F12, 0x0022,
	0x6F12, 0xB0F8,
	0x6F12, 0x7003,
	0x6F12, 0x1146,
	0x6F12, 0x40EA,
	0x6F12, 0x0800,
	0x6F12, 0x00F0,
	0x6F12, 0x26FB,
	0x6F12, 0x2AE0,
	0x6F12, 0x07EB,
	0x6F12, 0x4501,
	0x6F12, 0x94F8,
	0x6F12, 0x0322,
	0x6F12, 0xB1F8,
	0x6F12, 0x7013,
	0x6F12, 0x40EA,
	0x6F12, 0x0800,
	0x6F12, 0xEAB1,
	0x6F12, 0xD4F8,
	0x6F12, 0x0822,
	0x6F12, 0x8242,
	0x6F12, 0x19D8,
	0x6F12, 0xB4F8,
	0x6F12, 0x0422,
	0x6F12, 0x142A,
	0x6F12, 0x15D2,
	0x6F12, 0x09EB,
	0x6F12, 0x8202,
	0x6F12, 0x02F5,
	0x6F12, 0x8052,
	0x6F12, 0xC2F8,
	0x6F12, 0x0C02,
	0x6F12, 0x06B1,
	0x6F12, 0xC9B2,
	0x6F12, 0xB4F8,
	0x6F12, 0x0402,
	0x6F12, 0x09EB,
	0x6F12, 0x4000,
	0x6F12, 0x00F5,
	0x6F12, 0x8050,
	0x6F12, 0xA0F8,
	0x6F12, 0x5C12,
	0x6F12, 0xB4F8,
	0x6F12, 0x0402,
	0x6F12, 0x401C,
	0x6F12, 0xA4F8,
	0x6F12, 0x0402,
	0x6F12, 0x03E0,
	0x6F12, 0x0EB1,
	0x6F12, 0x0170,
	0x6F12, 0x00E0,
	0x6F12, 0x0180,
	0x6F12, 0x6D1C,
	0x6F12, 0x142D,
	0x6F12, 0x05D2,
	0x6F12, 0x0AEB,
	0x6F12, 0x4500,
	0x6F12, 0xB0F8,
	0x6F12, 0x4803,
	0x6F12, 0x0028,
	0x6F12, 0xA6D1,
	0x6F12, 0xBDE8,
	0x6F12, 0xF09F,
	0x6F12, 0x2DE9,
	0x6F12, 0xF047,
	0x6F12, 0x9146,
	0x6F12, 0x0D46,
	0x6F12, 0x0646,
	0x6F12, 0x0628,
	0x6F12, 0x16D0,
	0x6F12, 0x9948,
	0x6F12, 0x0022,
	0x6F12, 0x806A,
	0x6F12, 0x070C,
	0x6F12, 0x80B2,
	0x6F12, 0x8046,
	0x6F12, 0x0146,
	0x6F12, 0x3846,
	0x6F12, 0x00F0,
	0x6F12, 0x6BFA,
	0x6F12, 0x4A46,
	0x6F12, 0x2946,
	0x6F12, 0x3046,
	0x6F12, 0x00F0,
	0x6F12, 0xDEFA,
	0x6F12, 0x0446,
	0x6F12, 0x0122,
	0x6F12, 0x4146,
	0x6F12, 0x3846,
	0x6F12, 0x00F0,
	0x6F12, 0x60FA,
	0x6F12, 0x2046,
	0x6F12, 0xB2E5,
	0x6F12, 0x934F,
	0x6F12, 0x3888,
	0x6F12, 0x00EA,
	0x6F12, 0x0501,
	0x6F12, 0x31F0,
	0x6F12, 0x1804,
	0x6F12, 0x0AD1,
	0x6F12, 0x9149,
	0x6F12, 0xA843,
	0x6F12, 0xB9F1,
	0x6F12, 0x000F,
	0x6F12, 0xA1F8,
	0x6F12, 0xCC00,
	0x6F12, 0x03D0,
	0x6F12, 0x3146,
	0x6F12, 0x0220,
	0x6F12, 0x00F0,
	0x6F12, 0xC9FA,
	0x6F12, 0x3C80,
	0x6F12, 0xE9E7,
	0x6F12, 0x2DE9,
	0x6F12, 0xF041,
	0x6F12, 0x0446,
	0x6F12, 0x8248,
	0x6F12, 0x1746,
	0x6F12, 0x8846,
	0x6F12, 0xC06A,
	0x6F12, 0x0022,
	0x6F12, 0x86B2,
	0x6F12, 0x050C,
	0x6F12, 0x3146,
	0x6F12, 0x2846,
	0x6F12, 0x00F0,
	0x6F12, 0x3CFA,
	0x6F12, 0x3A46,
	0x6F12, 0x4146,
	0x6F12, 0x2046,
	0x6F12, 0x00F0,
	0x6F12, 0xB9FA,
	0x6F12, 0x9834,
	0x6F12, 0x0746,
	0x6F12, 0x6069,
	0x6F12, 0xB8F8,
	0x6F12, 0x3810,
	0x6F12, 0x90F8,
	0x6F12, 0x4922,
	0x6F12, 0xB0F8,
	0x6F12, 0x4A02,
	0x6F12, 0x9140,
	0x6F12, 0x0844,
	0x6F12, 0x2080,
	0x6F12, 0x0122,
	0x6F12, 0x3146,
	0x6F12, 0x2846,
	0x6F12, 0x00F0,
	0x6F12, 0x26FA,
	0x6F12, 0x3846,
	0x6F12, 0xEBE4,
	0x6F12, 0x2DE9,
	0x6F12, 0xF041,
	0x6F12, 0x704C,
	0x6F12, 0x5FEA,
	0x6F12, 0x0008,
	0x6F12, 0xA4F1,
	0x6F12, 0x4C04,
	0x6F12, 0x2588,
	0x6F12, 0x00D1,
	0x6F12, 0x2080,
	0x6F12, 0x6B48,
	0x6F12, 0x0022,
	0x6F12, 0x016B,
	0x6F12, 0x0E0C,
	0x6F12, 0x8FB2,
	0x6F12, 0x3946,
	0x6F12, 0x3046,
	0x6F12, 0x00F0,
	0x6F12, 0x11FA,
	0x6F12, 0x4046,
	0x6F12, 0x00F0,
	0x6F12, 0x95FA,
	0x6F12, 0x0122,
	0x6F12, 0x3946,
	0x6F12, 0x3046,
	0x6F12, 0x00F0,
	0x6F12, 0x09FA,
	0x6F12, 0x2580,
	0x6F12, 0xCEE4,
	0x6F12, 0x2DE9,
	0x6F12, 0xF041,
	0x6F12, 0x0446,
	0x6F12, 0x6048,
	0x6F12, 0x0022,
	0x6F12, 0x406B,
	0x6F12, 0x87B2,
	0x6F12, 0x060C,
	0x6F12, 0x3946,
	0x6F12, 0x3046,
	0x6F12, 0x00F0,
	0x6F12, 0xFBF9,
	0x6F12, 0x6448,
	0x6F12, 0x4FF0,
	0x6F12, 0x0005,
	0x6F12, 0x0068,
	0x6F12, 0x00F2,
	0x6F12, 0xA961,
	0x6F12, 0x90F8,
	0x6F12, 0xA906,
	0x6F12, 0x0206,
	0x6F12, 0x04D5,
	0x6F12, 0x20F0,
	0x6F12, 0x8000,
	0x6F12, 0x0870,
	0x6F12, 0x2574,
	0x6F12, 0xA570,
	0x6F12, 0x5D48,
	0x6F12, 0x0089,
	0x6F12, 0x40B1,
	0x6F12, 0x00F0,
	0x6F12, 0x73FA,
	0x6F12, 0x28B1,
	0x6F12, 0x5548,
	0x6F12, 0xD0F8,
	0x6F12, 0x5C0A,
	0x6F12, 0x401C,
	0x6F12, 0x00D1,
	0x6F12, 0x2571,
	0x6F12, 0x2046,
	0x6F12, 0x00F0,
	0x6F12, 0x6EFA,
	0x6F12, 0x3946,
	0x6F12, 0x3046,
	0x6F12, 0xBDE8,
	0x6F12, 0xF041,
	0x6F12, 0x0122,
	0x6F12, 0x00F0,
	0x6F12, 0xD6B9,
	0x6F12, 0x2DE9,
	0x6F12, 0xF84F,
	0x6F12, 0x8346,
	0x6F12, 0x4848,
	0x6F12, 0x8A46,
	0x6F12, 0x1746,
	0x6F12, 0x816B,
	0x6F12, 0xB2F8,
	0x6F12, 0x0080,
	0x6F12, 0x0D0C,
	0x6F12, 0x8EB2,
	0x6F12, 0x9946,
	0x6F12, 0x0A9C,
	0x6F12, 0x0022,
	0x6F12, 0x3146,
	0x6F12, 0x2846,
	0x6F12, 0x00F0,
	0x6F12, 0xC4F9,
	0x6F12, 0x4B46,
	0x6F12, 0x3A46,
	0x6F12, 0x5146,
	0x6F12, 0x5846,
	0x6F12, 0x0094,
	0x6F12, 0x00F0,
	0x6F12, 0x53FA,
	0x6F12, 0x0122,
	0x6F12, 0x3146,
	0x6F12, 0x2846,
	0x6F12, 0x00F0,
	0x6F12, 0xB8F9,
	0x6F12, 0x00F0,
	0x6F12, 0x51FA,
	0x6F12, 0x10B9,
	0x6F12, 0x00F0,
	0x6F12, 0x53FA,
	0x6F12, 0x00B1,
	0x6F12, 0x0120,
	0x6F12, 0x09F1,
	0x6F12, 0x1C05,
	0x6F12, 0x0028,
	0x6F12, 0x1ED0,
	0x6F12, 0x00F0,
	0x6F12, 0x50FA,
	0x6F12, 0x0028,
	0x6F12, 0x2088,
	0x6F12, 0x00D0,
	0x6F12, 0x4000,
	0x6F12, 0xA98B,
	0x6F12, 0x0026,
	0x6F12, 0x00EB,
	0x6F12, 0x4100,
	0x6F12, 0x618A,
	0x6F12, 0x401A,
	0x6F12, 0x2083,
	0x6F12, 0x00F0,
	0x6F12, 0x48FA,
	0x6F12, 0xE98A,
	0x6F12, 0x8842,
	0x6F12, 0x04D2,
	0x6F12, 0x00F0,
	0x6F12, 0x43FA,
	0x6F12, 0xE98A,
	0x6F12, 0x081A,
	0x6F12, 0x86B2,
	0x6F12, 0x3248,
	0x6F12, 0x4089,
	0x6F12, 0x30B1,
	0x6F12, 0x218B,
	0x6F12, 0x227F,
	0x6F12, 0x01FB,
	0x6F12, 0x1280,
	0x6F12, 0x3880,
	0x6F12, 0xBDE8,
	0x6F12, 0xF88F,
	0x6F12, 0x208B,
	0x6F12, 0x3044,
	0x6F12, 0x2083,
	0x6F12, 0xF9E7,
	0x6F12, 0x70B5,
	0x6F12, 0x0446,
	0x6F12, 0xD0F8,
	0x6F12, 0xB000,
	0x6F12, 0x88B0,
	0x6F12, 0x0088,
	0x6F12, 0x20B9,
	0x6F12, 0x00F0,
	0x6F12, 0x2EFA,
	0x6F12, 0x08B1,
	0x6F12, 0x0120,
	0x6F12, 0x00E0,
	0x6F12, 0x0020,
	0x6F12, 0x6076,
	0x6F12, 0x0028,
	0x6F12, 0x7DD0,
	0x6F12, 0x02A9,
	0x6F12, 0x07A8,
	0x6F12, 0xCDE9,
	0x6F12, 0x0001,
	0x6F12, 0x03AB,
	0x6F12, 0x05AA,
	0x6F12, 0x04A9,
	0x6F12, 0x06A8,
	0x6F12, 0x00F0,
	0x6F12, 0x22FA,
	0x6F12, 0x00F0,
	0x6F12, 0x25FA,
	0x6F12, 0xB034,
	0x6F12, 0x2074,
	0x6F12, 0x00F0,
	0x6F12, 0x26FA,
	0x6F12, 0x6074,
	0x6F12, 0xDDE9,
	0x6F12, 0x0502,
	0x6F12, 0x811A,
	0x6F12, 0x491C,
	0x6F12, 0x8DB2,
	0x6F12, 0xA581,
	0x6F12, 0xDDE9,
	0x6F12, 0x0313,
	0x6F12, 0xCE1A,
	0x6F12, 0x761C,
	0x6F12, 0xB6B2,
	0x6F12, 0xE681,
	0x6F12, 0xA280,
	0x6F12, 0x2081,
	0x6F12, 0xE380,
	0x6F12, 0x6181,
	0x6F12, 0x54F8,
	0x6F12, 0xB009,
	0x6F12, 0x90F8,
	0x6F12, 0x6301,
	0x6F12, 0xB8B3,
	0x6F12, 0x0320,
	0x6F12, 0xB5FB,
	0x6F12, 0xF0F1,
	0x6F12, 0xB6FB,
	0x6F12, 0xF0F0,
	0x6F12, 0xA4F8,
	0x6F12, 0xBC10,
	0x6F12, 0xA4F8,
	0x6F12, 0xBE00,
	0x6F12, 0x079A,
	0x6F12, 0x232A,
	0x6F12, 0x1DD1,
	0x6F12, 0x029A,
	0x6F12, 0x362A,
	0x6F12, 0x1AD1,
	0x6F12, 0x13E0,
	0x6F12, 0x2001,
	0x6F12, 0xE070,
	0x6F12, 0x2000,
	0x6F12, 0x82A4,
	0x6F12, 0x2001,
	0x6F12, 0x53E0,
	0x6F12, 0x2000,
	0x6F12, 0x2E40,
	0x6F12, 0x2001,
	0x6F12, 0x3550,
	0x6F12, 0x2000,
	0x6F12, 0x19D0,
	0x6F12, 0x4000,
	0x6F12, 0x7F48,
	0x6F12, 0x2001,
	0x6F12, 0x4D80,
	0x6F12, 0x2000,
	0x6F12, 0xEE90,
	0x6F12, 0x2001,
	0x6F12, 0xD3D0,
	0x6F12, 0x4908,
	0x6F12, 0xA4F8,
	0x6F12, 0xBC10,
	0x6F12, 0x4008,
	0x6F12, 0xA4F8,
	0x6F12, 0xBE00,
	0x6F12, 0x7A48,
	0x6F12, 0x90F8,
	0x6F12, 0x6A11,
	0x6F12, 0x11B9,
	0x6F12, 0x90F8,
	0x6F12, 0x6B01,
	0x6F12, 0x30B1,
	0x6F12, 0x608F,
	0x6F12, 0xB4F8,
	0x6F12, 0xBC10,
	0x6F12, 0x00EB,
	0x6F12, 0x4100,
	0x6F12, 0xA4F8,
	0x6F12, 0xBC00,
	0x6F12, 0x0298,
	0x6F12, 0x00F0,
	0x6F12, 0x0F00,
	0x6F12, 0x0290,
	0x6F12, 0x00F0,
	0x6F12, 0xD7F9,
	0x6F12, 0x38BB,
	0x6F12, 0x0298,
	0x6F12, 0x0128,
	0x6F12, 0x24D0,
	0x6F12, 0xD4F8,
	0x6F12, 0xB000,
	0x6F12, 0xB0F8,
	0x6F12, 0x5600,
	0x6F12, 0x4008,
	0x6F12, 0xA4F8,
	0x6F12, 0xFC00,
	0x6F12, 0x00F0,
	0x6F12, 0xCFF9,
	0x6F12, 0x6B4D,
	0x6F12, 0x2046,
	0x6F12, 0x6968,
	0x6F12, 0x8847,
	0x6F12, 0x2968,
	0x6F12, 0x2046,
	0x6F12, 0x8847,
	0x6F12, 0x2046,
	0x6F12, 0x00F0,
	0x6F12, 0xCAF9,
	0x6F12, 0x34F8,
	0x6F12, 0xBC0F,
	0x6F12, 0x00E0,
	0x6F12, 0x0BE0,
	0x6F12, 0x0B30,
	0x6F12, 0x0C21,
	0x6F12, 0xB0FB,
	0x6F12, 0xF1F0,
	0x6F12, 0xE086,
	0x6F12, 0x00F0,
	0x6F12, 0xC4F9,
	0x6F12, 0x6085,
	0x6F12, 0xA4F1,
	0x6F12, 0xBC00,
	0x6F12, 0x00F0,
	0x6F12, 0xC4F9,
	0x6F12, 0x08B0,
	0x6F12, 0x70BD,
	0x6F12, 0xD4F8,
	0x6F12, 0xB000,
	0x6F12, 0xB0F8,
	0x6F12, 0x5600,
	0x6F12, 0xDAE7,
	0x6F12, 0x70B5,
	0x6F12, 0x5B48,
	0x6F12, 0xB0F8,
	0x6F12, 0x9C0A,
	0x6F12, 0x0128,
	0x6F12, 0x02D1,
	0x6F12, 0x0420,
	0x6F12, 0x00F0,
	0x6F12, 0xB9F9,
	0x6F12, 0x5848,
	0x6F12, 0x0022,
	0x6F12, 0x016C,
	0x6F12, 0x0C0C,
	0x6F12, 0x8DB2,
	0x6F12, 0x2946,
	0x6F12, 0x2046,
	0x6F12, 0x00F0,
	0x6F12, 0xD4F8,
	0x6F12, 0x00F0,
	0x6F12, 0xB3F9,
	0x6F12, 0x2946,
	0x6F12, 0x2046,
	0x6F12, 0xBDE8,
	0x6F12, 0x7040,
	0x6F12, 0x0122,
	0x6F12, 0x00F0,
	0x6F12, 0xCBB8,
	0x6F12, 0x70B5,
	0x6F12, 0x4F48,
	0x6F12, 0x5049,
	0x6F12, 0x4B4C,
	0x6F12, 0x0088,
	0x6F12, 0xA1F8,
	0x6F12, 0xC005,
	0x6F12, 0x4E49,
	0x6F12, 0x803C,
	0x6F12, 0x0122,
	0x6F12, 0xA1F8,
	0x6F12, 0xE005,
	0x6F12, 0xAFF6,
	0x6F12, 0x3B11,
	0x6F12, 0xE36C,
	0x6F12, 0x4B48,
	0x6F12, 0x9847,
	0x6F12, 0x464D,
	0x6F12, 0x0122,
	0x6F12, 0x2860,
	0x6F12, 0xAFF6,
	0x6F12, 0xFF01,
	0x6F12, 0xE36C,
	0x6F12, 0x4848,
	0x6F12, 0x9847,
	0x6F12, 0x6860,
	0x6F12, 0xAFF2,
	0x6F12, 0xD370,
	0x6F12, 0xA061,
	0x6F12, 0x0122,
	0x6F12, 0xAFF2,
	0x6F12, 0x9971,
	0x6F12, 0xE36C,
	0x6F12, 0x4448,
	0x6F12, 0x9847,
	0x6F12, 0xA860,
	0x6F12, 0x0122,
	0x6F12, 0xAFF2,
	0x6F12, 0x6971,
	0x6F12, 0xE36C,
	0x6F12, 0x4248,
	0x6F12, 0x9847,
	0x6F12, 0xE860,
	0x6F12, 0x0122,
	0x6F12, 0xAFF2,
	0x6F12, 0x7B61,
	0x6F12, 0xE36C,
	0x6F12, 0x3F48,
	0x6F12, 0x9847,
	0x6F12, 0x6861,
	0x6F12, 0xAFF2,
	0x6F12, 0x3B60,
	0x6F12, 0x2060,
	0x6F12, 0x0122,
	0x6F12, 0xAFF2,
	0x6F12, 0x2D61,
	0x6F12, 0xE36C,
	0x6F12, 0x3B48,
	0x6F12, 0x9847,
	0x6F12, 0xA861,
	0x6F12, 0xAFF2,
	0x6F12, 0xCF50,
	0x6F12, 0xE065,
	0x6F12, 0x05F1,
	0x6F12, 0x4401,
	0x6F12, 0x4FF0,
	0x6F12, 0xFF30,
	0x6F12, 0x4860,
	0x6F12, 0x0122,
	0x6F12, 0xAFF2,
	0x6F12, 0xD751,
	0x6F12, 0xE36C,
	0x6F12, 0x3548,
	0x6F12, 0x9847,
	0x6F12, 0xE861,
	0x6F12, 0x0122,
	0x6F12, 0xAFF2,
	0x6F12, 0x5D51,
	0x6F12, 0xE36C,
	0x6F12, 0x3248,
	0x6F12, 0x9847,
	0x6F12, 0x2862,
	0x6F12, 0x0122,
	0x6F12, 0xAFF2,
	0x6F12, 0xE741,
	0x6F12, 0xE36C,
	0x6F12, 0x3048,
	0x6F12, 0x9847,
	0x6F12, 0x6862,
	0x6F12, 0x0122,
	0x6F12, 0xAFF2,
	0x6F12, 0x2771,
	0x6F12, 0xE36C,
	0x6F12, 0x2D48,
	0x6F12, 0x9847,
	0x6F12, 0x2861,
	0x6F12, 0x0122,
	0x6F12, 0xAFF2,
	0x6F12, 0x2741,
	0x6F12, 0xE36C,
	0x6F12, 0x2B48,
	0x6F12, 0x9847,
	0x6F12, 0xA862,
	0x6F12, 0x0122,
	0x6F12, 0xAFF2,
	0x6F12, 0xCF31,
	0x6F12, 0xE36C,
	0x6F12, 0x2848,
	0x6F12, 0x9847,
	0x6F12, 0xE862,
	0x6F12, 0x0122,
	0x6F12, 0xAFF2,
	0x6F12, 0x9331,
	0x6F12, 0xE36C,
	0x6F12, 0x2648,
	0x6F12, 0x9847,
	0x6F12, 0x2863,
	0x6F12, 0x0122,
	0x6F12, 0xAFF2,
	0x6F12, 0x6531,
	0x6F12, 0xE36C,
	0x6F12, 0x2348,
	0x6F12, 0x9847,
	0x6F12, 0x6863,
	0x6F12, 0x0122,
	0x6F12, 0xAFF2,
	0x6F12, 0x7721,
	0x6F12, 0xE36C,
	0x6F12, 0x2148,
	0x6F12, 0x9847,
	0x6F12, 0xE863,
	0x6F12, 0x0022,
	0x6F12, 0xAFF2,
	0x6F12, 0x1F31,
	0x6F12, 0xE36C,
	0x6F12, 0x1E48,
	0x6F12, 0x9847,
	0x6F12, 0xA863,
	0x6F12, 0x0122,
	0x6F12, 0xAFF2,
	0x6F12, 0x4F11,
	0x6F12, 0xE36C,
	0x6F12, 0x1C48,
	0x6F12, 0x9847,
	0x6F12, 0x0449,
	0x6F12, 0x2864,
	0x6F12, 0x47F2,
	0x6F12, 0x4700,
	0x6F12, 0xC1F8,
	0x6F12, 0x540A,
	0x6F12, 0x1949,
	0x6F12, 0x4883,
	0x6F12, 0x70BD,
	0x6F12, 0x2001,
	0x6F12, 0x3550,
	0x6F12, 0x2001,
	0x6F12, 0x0E90,
	0x6F12, 0x2000,
	0x6F12, 0x19D0,
	0x6F12, 0x2001,
	0x6F12, 0xE070,
	0x6F12, 0x2000,
	0x6F12, 0x8538,
	0x6F12, 0x2000,
	0x6F12, 0x8D20,
	0x6F12, 0x2000,
	0x6F12, 0x92F0,
	0x6F12, 0x0002,
	0x6F12, 0x66F3,
	0x6F12, 0x0001,
	0x6F12, 0x92A9,
	0x6F12, 0x0000,
	0x6F12, 0xF18F,
	0x6F12, 0x0002,
	0x6F12, 0x3D55,
	0x6F12, 0x0001,
	0x6F12, 0x6575,
	0x6F12, 0x0002,
	0x6F12, 0x28DB,
	0x6F12, 0x0002,
	0x6F12, 0x2865,
	0x6F12, 0x0002,
	0x6F12, 0xE211,
	0x6F12, 0x0001,
	0x6F12, 0x606B,
	0x6F12, 0x0000,
	0x6F12, 0xD2E5,
	0x6F12, 0x0001,
	0x6F12, 0xA309,
	0x6F12, 0x0000,
	0x6F12, 0x2E7B,
	0x6F12, 0x0002,
	0x6F12, 0xCFD5,
	0x6F12, 0x0001,
	0x6F12, 0x57AD,
	0x6F12, 0x0001,
	0x6F12, 0x10E5,
	0x6F12, 0x0003,
	0x6F12, 0x895D,
	0x6F12, 0x0002,
	0x6F12, 0x569D,
	0x6F12, 0x2000,
	0x6F12, 0x0000,
	0x6F12, 0x40F2,
	0x6F12, 0xB50C,
	0x6F12, 0xC0F2,
	0x6F12, 0x020C,
	0x6F12, 0x6047,
	0x6F12, 0x46F2,
	0x6F12, 0xF36C,
	0x6F12, 0xC0F2,
	0x6F12, 0x020C,
	0x6F12, 0x6047,
	0x6F12, 0x45F2,
	0x6F12, 0x8B0C,
	0x6F12, 0xC0F2,
	0x6F12, 0x010C,
	0x6F12, 0x6047,
	0x6F12, 0x45F2,
	0x6F12, 0xD70C,
	0x6F12, 0xC0F2,
	0x6F12, 0x010C,
	0x6F12, 0x6047,
	0x6F12, 0x49F2,
	0x6F12, 0xA92C,
	0x6F12, 0xC0F2,
	0x6F12, 0x010C,
	0x6F12, 0x6047,
	0x6F12, 0x45F2,
	0x6F12, 0xF13C,
	0x6F12, 0xC0F2,
	0x6F12, 0x020C,
	0x6F12, 0x6047,
	0x6F12, 0x45F2,
	0x6F12, 0x392C,
	0x6F12, 0xC0F2,
	0x6F12, 0x020C,
	0x6F12, 0x6047,
	0x6F12, 0x4FF2,
	0x6F12, 0x8F1C,
	0x6F12, 0xC0F2,
	0x6F12, 0x000C,
	0x6F12, 0x6047,
	0x6F12, 0x4AF6,
	0x6F12, 0x612C,
	0x6F12, 0xC0F2,
	0x6F12, 0x030C,
	0x6F12, 0x6047,
	0x6F12, 0x4CF2,
	0x6F12, 0x197C,
	0x6F12, 0xC0F2,
	0x6F12, 0x010C,
	0x6F12, 0x6047,
	0x6F12, 0x40F2,
	0x6F12, 0x613C,
	0x6F12, 0xC0F2,
	0x6F12, 0x020C,
	0x6F12, 0x6047,
	0x6F12, 0x40F2,
	0x6F12, 0x573C,
	0x6F12, 0xC0F2,
	0x6F12, 0x020C,
	0x6F12, 0x6047,
	0x6F12, 0x43F6,
	0x6F12, 0x555C,
	0x6F12, 0xC0F2,
	0x6F12, 0x020C,
	0x6F12, 0x6047,
	0x6F12, 0x4DF2,
	0x6F12, 0x8D2C,
	0x6F12, 0xC0F2,
	0x6F12, 0x000C,
	0x6F12, 0x6047,
	0x6F12, 0x4DF2,
	0x6F12, 0x752C,
	0x6F12, 0xC0F2,
	0x6F12, 0x000C,
	0x6F12, 0x6047,
	0x6F12, 0x46F2,
	0x6F12, 0x755C,
	0x6F12, 0xC0F2,
	0x6F12, 0x010C,
	0x6F12, 0x6047,
	0x6F12, 0x45F6,
	0x6F12, 0x670C,
	0x6F12, 0xC0F2,
	0x6F12, 0x010C,
	0x6F12, 0x6047,
	0x6F12, 0x45F2,
	0x6F12, 0xC75C,
	0x6F12, 0xC0F2,
	0x6F12, 0x020C,
	0x6F12, 0x6047,
	0x6F12, 0x42F6,
	0x6F12, 0xDB0C,
	0x6F12, 0xC0F2,
	0x6F12, 0x020C,
	0x6F12, 0x6047,
	0x6F12, 0x49F2,
	0x6F12, 0x9D0C,
	0x6F12, 0xC0F2,
	0x6F12, 0x030C,
	0x6F12, 0x6047,
	0x6F12, 0x4AF2,
	0x6F12, 0x952C,
	0x6F12, 0xC0F2,
	0x6F12, 0x030C,
	0x6F12, 0x6047,
	0x6F12, 0x42F6,
	0x6F12, 0x650C,
	0x6F12, 0xC0F2,
	0x6F12, 0x020C,
	0x6F12, 0x6047,
	0x6F12, 0x4EF2,
	0x6F12, 0x112C,
	0x6F12, 0xC0F2,
	0x6F12, 0x020C,
	0x6F12, 0x6047,
	0x6F12, 0x4CF6,
	0x6F12, 0x752C,
	0x6F12, 0xC0F2,
	0x6F12, 0x010C,
	0x6F12, 0x6047,
	0x6F12, 0x4AF2,
	0x6F12, 0x093C,
	0x6F12, 0xC0F2,
	0x6F12, 0x010C,
	0x6F12, 0x6047,
	0x6F12, 0x47F2,
	0x6F12, 0xE34C,
	0x6F12, 0xC0F2,
	0x6F12, 0x010C,
	0x6F12, 0x6047,
	0x6F12, 0x42F6,
	0x6F12, 0x7B6C,
	0x6F12, 0xC0F2,
	0x6F12, 0x000C,
	0x6F12, 0x6047,
	0x6F12, 0x4CF6,
	0x6F12, 0xD57C,
	0x6F12, 0xC0F2,
	0x6F12, 0x020C,
	0x6F12, 0x6047,
	0x6F12, 0x45F2,
	0x6F12, 0xDF5C,
	0x6F12, 0xC0F2,
	0x6F12, 0x020C,
	0x6F12, 0x6047,
	0x6F12, 0x45F2,
	0x6F12, 0xAD7C,
	0x6F12, 0xC0F2,
	0x6F12, 0x010C,
	0x6F12, 0x6047,
	0x6F12, 0x48F6,
	0x6F12, 0x5D1C,
	0x6F12, 0xC0F2,
	0x6F12, 0x030C,
	0x6F12, 0x6047,
	0x6F12, 0x45F2,
	0x6F12, 0xA14C,
	0x6F12, 0xC0F2,
	0x6F12, 0x010C,
	0x6F12, 0x6047,
	0x6F12, 0x44F6,
	0x6F12, 0xCD7C,
	0x6F12, 0xC0F2,
	0x6F12, 0x020C,
	0x6F12, 0x6047,
	0x6F12, 0x45F2,
	0x6F12, 0x7F5C,
	0x6F12, 0xC0F2,
	0x6F12, 0x010C,
	0x6F12, 0x6047,
	0x6F12, 0x45F2,
	0x6F12, 0xED4C,
	0x6F12, 0xC0F2,
	0x6F12, 0x020C,
	0x6F12, 0x6047,
	0x6F12, 0x49F2,
	0x6F12, 0xD32C,
	0x6F12, 0xC0F2,
	0x6F12, 0x000C,
	0x6F12, 0x6047,
	0x6F12, 0x4EF6,
	0x6F12, 0x977C,
	0x6F12, 0xC0F2,
	0x6F12, 0x020C,
	0x6F12, 0x6047,
	0x6F12, 0x45F2,
	0x6F12, 0xC71C,
	0x6F12, 0xC0F2,
	0x6F12, 0x010C,
	0x6F12, 0x6047,
	0x6F12, 0x45F2,
	0x6F12, 0xCF1C,
	0x6F12, 0xC0F2,
	0x6F12, 0x010C,
	0x6F12, 0x6047,
	0x6F12, 0x40F2,
	0x6F12, 0x095C,
	0x6F12, 0xC0F2,
	0x6F12, 0x010C,
	0x6F12, 0x6047,
	0x6F12, 0x45F2,
	0x6F12, 0x8D6C,
	0x6F12, 0xC0F2,
	0x6F12, 0x020C,
	0x6F12, 0x6047,
	0x6F12, 0x41F2,
	0x6F12, 0x530C,
	0x6F12, 0xC0F2,
	0x6F12, 0x010C,
	0x6F12, 0x6047,
	0x6F12, 0x4BF2,
	0x6F12, 0xEB6C,
	0x6F12, 0xC0F2,
	0x6F12, 0x020C,
	0x6F12, 0x6047,
	0x6F12, 0x40F2,
	0x6F12, 0xF17C,
	0x6F12, 0xC0F2,
	0x6F12, 0x010C,
	0x6F12, 0x6047,
	0x6F12, 0x4DF2,
	0x6F12, 0x771C,
	0x6F12, 0xC0F2,
	0x6F12, 0x020C,
	0x6F12, 0x6047,
	0x6F12, 0x45F2,
	0x6F12, 0x9D6C,
	0x6F12, 0xC0F2,
	0x6F12, 0x020C,
	0x6F12, 0x6047,
	0x602A, 0xE104,
	0x6F12, 0x0000,
	0x6F12, 0x0000,
	0x6F12, 0x0000,
	0x6F12, 0x0000,
	0x6F12, 0x0000,
	0x6F12, 0x0000,
	0x6F12, 0x70B5,
	0x6F12, 0x0E4C,
	0x6F12, 0x0C48,
	0x6F12, 0x0022,
	0x6F12, 0x6063,
	0x6F12, 0x0D48,
	0x6F12, 0x2060,
	0x6F12, 0xE36C,
	0x6F12, 0x0C49,
	0x6F12, 0x0D48,
	0x6F12, 0x9847,
	0x6F12, 0x0D4D,
	0x6F12, 0x0122,
	0x6F12, 0x0D49,
	0x6F12, 0x2860,
	0x6F12, 0xE36C,
	0x6F12, 0x0C48,
	0x6F12, 0x9847,
	0x6F12, 0x0C49,
	0x6F12, 0x6860,
	0x6F12, 0x47F2,
	0x6F12, 0x5300,
	0x6F12, 0xC1F8,
	0x6F12, 0x580A,
	0x6F12, 0x0A49,
	0x6F12, 0x0968,
	0x6F12, 0x4883,
	0x6F12, 0x70BD,
	0x6F12, 0x2001,
	0x6F12, 0xE1AD,
	0x6F12, 0x2001,
	0x6F12, 0x0E10,
	0x6F12, 0x2001,
	0x6F12, 0xE1B9,
	0x6F12, 0x2001,
	0x6F12, 0xE1F5,
	0x6F12, 0x0002,
	0x6F12, 0xB3AF,
	0x6F12, 0x2001,
	0x6F12, 0xE2E0,
	0x6F12, 0x2001,
	0x6F12, 0xE247,
	0x6F12, 0x0002,
	0x6F12, 0x34D7,
	0x6F12, 0x2001,
	0x6F12, 0x3550,
	0x6F12, 0x2000,
	0x6F12, 0xEE90,
	0x6F12, 0x4249,
	0x6F12, 0x4148,
	0x6F12, 0x0A88,
	0x6F12, 0x8B8B,
	0x6F12, 0x897E,
	0x6F12, 0x03EB,
	0x6F12, 0x5101,
	0x6F12, 0x0378,
	0x6F12, 0xA1EB,
	0x6F12, 0x5301,
	0x6F12, 0x89B2,
	0x6F12, 0x0182,
	0x6F12, 0xEE38,
	0x6F12, 0x9142,
	0x6F12, 0x07D2,
	0x6F12, 0x511A,
	0x6F12, 0xFC30,
	0x6F12, 0x89B2,
	0x6F12, 0x0278,
	0x6F12, 0xB1FB,
	0x6F12, 0xF2F1,
	0x6F12, 0x8180,
	0x6F12, 0x02E0,
	0x6F12, 0x0021,
	0x6F12, 0xA0F8,
	0x6F12, 0x0011,
	0x6F12, 0x88B2,
	0x6F12, 0x3649,
	0x6F12, 0x0880,
	0x6F12, 0x7047,
	0x6F12, 0x10B5,
	0x6F12, 0x00F0,
	0x6F12, 0x73F8,
	0x6F12, 0xBDE8,
	0x6F12, 0x1040,
	0x6F12, 0xDBE7,
	0x6F12, 0x70B5,
	0x6F12, 0x0400,
	0x6F12, 0x02D0,
	0x6F12, 0x3148,
	0x6F12, 0x00F0,
	0x6F12, 0x6FF8,
	0x6F12, 0x3048,
	0x6F12, 0x304D,
	0x6F12, 0x90F8,
	0x6F12, 0x7004,
	0x6F12, 0x10B1,
	0x6F12, 0x95F8,
	0x6F12, 0x3802,
	0x6F12, 0x00B1,
	0x6F12, 0x0CB1,
	0x6F12, 0x00F0,
	0x6F12, 0x69F8,
	0x6F12, 0x2B48,
	0x6F12, 0x90F8,
	0x6F12, 0x7004,
	0x6F12, 0x10B1,
	0x6F12, 0x95F8,
	0x6F12, 0x3802,
	0x6F12, 0x08B1,
	0x6F12, 0x002C,
	0x6F12, 0x02D0,
	0x6F12, 0x2748,
	0x6F12, 0x8178,
	0x6F12, 0xC170,
	0x6F12, 0x70BD,
	0x6F12, 0x2DE9,
	0x6F12, 0xF041,
	0x6F12, 0x8446,
	0x6F12, 0xDDE9,
	0x6F12, 0x0606,
	0x6F12, 0x089D,
	0x6F12, 0x0F46,
	0x6F12, 0x4FF0,
	0x6F12, 0xFF34,
	0x6F12, 0x4FF0,
	0x6F12, 0x000E,
	0x6F12, 0x2146,
	0x6F12, 0x85F8,
	0x6F12, 0x00E0,
	0x6F12, 0x90B1,
	0x6F12, 0x1F48,
	0x6F12, 0x0121,
	0x6F12, 0x0488,
	0x6F12, 0xD01A,
	0x6F12, 0x801B,
	0x6F12, 0x012C,
	0x6F12, 0x05D0,
	0x6F12, 0xACEB,
	0x6F12, 0x0304,
	0x6F12, 0x641E,
	0x6F12, 0xBA19,
	0x6F12, 0xA242,
	0x6F12, 0x01D3,
	0x6F12, 0x2970,
	0x6F12, 0x441E,
	0x6F12, 0x2046,
	0x6F12, 0x00F0,
	0x6F12, 0x40F8,
	0x6F12, 0x0146,
	0x6F12, 0x4FF2,
	0x6F12, 0x1200,
	0x6F12, 0x00F0,
	0x6F12, 0x40F8,
	0x6F12, 0x2046,
	0x6F12, 0xBDE8,
	0x6F12, 0xF081,
	0x6F12, 0x70B5,
	0x6F12, 0x1248,
	0x6F12, 0x0022,
	0x6F12, 0x4168,
	0x6F12, 0x0C0C,
	0x6F12, 0x8DB2,
	0x6F12, 0x2946,
	0x6F12, 0x2046,
	0x6F12, 0xFFF7,
	0x6F12, 0x1FFE,
	0x6F12, 0x00F0,
	0x6F12, 0x36F8,
	0x6F12, 0x0C48,
	0x6F12, 0x4288,
	0x6F12, 0x12B1,
	0x6F12, 0x0848,
	0x6F12, 0xA0F8,
	0x6F12, 0xE823,
	0x6F12, 0x2946,
	0x6F12, 0x2046,
	0x6F12, 0xBDE8,
	0x6F12, 0x7040,
	0x6F12, 0x0122,
	0x6F12, 0xFFF7,
	0x6F12, 0x10BE,
	0x6F12, 0x2001,
	0x6F12, 0x942E,
	0x6F12, 0x2001,
	0x6F12, 0x54CC,
	0x6F12, 0x4101,
	0x6F12, 0x038E,
	0x6F12, 0x2001,
	0x6F12, 0x3C64,
	0x6F12, 0x2001,
	0x6F12, 0x3550,
	0x6F12, 0x2001,
	0x6F12, 0xE0B4,
	0x6F12, 0x2001,
	0x6F12, 0xE2F0,
	0x6F12, 0x2001,
	0x6F12, 0xE2E0,
	0x6F12, 0x49F2,
	0x6F12, 0x433C,
	0x6F12, 0xC0F2,
	0x6F12, 0x000C,
	0x6F12, 0x6047,
	0x6F12, 0x47F2,
	0x6F12, 0x076C,
	0x6F12, 0xC0F2,
	0x6F12, 0x030C,
	0x6F12, 0x6047,
	0x6F12, 0x4DF6,
	0x6F12, 0xB15C,
	0x6F12, 0xC0F2,
	0x6F12, 0x010C,
	0x6F12, 0x6047,
	0x6F12, 0x4FF6,
	0x6F12, 0x736C,
	0x6F12, 0xC0F2,
	0x6F12, 0x020C,
	0x6F12, 0x6047,
	0x6F12, 0x40F2,
	0x6F12, 0x151C,
	0x6F12, 0xC0F2,
	0x6F12, 0x020C,
	0x6F12, 0x6047,
	0x6F12, 0x43F2,
	0x6F12, 0xD74C,
	0x6F12, 0xC0F2,
	0x6F12, 0x020C,
	0x6F12, 0x6047,
};
static kal_uint16 addr_data_pair_init_mot_naples_s5khm9_part2[] = {

	0xFCFC, 0x2000,
	0x1908, 0x0500,
	0x190A, 0x0000,
	0x1968, 0x0001,
	0x19D6, 0x0000,
	0x1A28, 0x9000,
	0x1A34, 0x0694,
	0x1A66, 0x0004,
	0x2476, 0x0400,
	0x2478, 0x0001,
	0x2BE0, 0x0010,
	0x2BE8, 0xFFFF,
	0x2C20, 0x0001,
	0x2C22, 0x0000,
	0x2CFC, 0x0012,
	0x2DAA, 0x3F7E,
	0x2DB0, 0x06EB,
	0x2E62, 0x0FA0,
	0x2F96, 0x00FF,
	0x2F98, 0x0000,
	0x2F9A, 0x0000,
	0x2F9C, 0x0000,
	0x2F9E, 0x0000,
	0x3340, 0x30C3,
	0x33A6, 0x0000,
	0x3406, 0x0030,
	0x340C, 0x0010,
	0x344E, 0x0012,
	0x3468, 0x0024,
	0x3482, 0x0004,
	0x349C, 0x0051,
	0x34AE, 0x0000,
	0x34B6, 0x0000,
	0x34D0, 0x002A,
	0x3552, 0x001F,
	0x3586, 0x0000,
	0x35A0, 0x000C,
	0x35BA, 0x0000,
	0x35D4, 0x0009,
	0x35EE, 0x0155,
	0x3608, 0x000C,
	0x3622, 0x001A,
	0x3656, 0x001A,
	0x3670, 0x004A,
	0x36BE, 0x0009,
	0x36D8, 0x0024,
	0x36EA, 0x0000,
	0x36F2, 0x000C,
	0x370C, 0x007A,
	0x3726, 0x0014,
	0x3740, 0x0083,
	0x378E, 0x02AB,
	0x37A8, 0x0003,
	0x37C2, 0x057C,
	0x37DC, 0x002C,
	0x37F6, 0x0021,
	0x3810, 0x0022,
	0x382A, 0x000E,
	0x385E, 0x02A1,
	0x3878, 0x0023,
	0x3892, 0x0588,
	0x38AC, 0x0013,
	0x3984, 0x0083,
	0x3B02, 0x0057,
	0x3C06, 0x0088,
	0x3C20, 0x0088,
	0x3C3A, 0x007D,
	0x3C54, 0x005F,
	0x3CD6, 0x0010,
	0x3CF0, 0x0004,
	0x5B00, 0x0024,
	0x5BB6, 0x0050,
	0x5BEA, 0x0076,
	0x5BF2, 0x0096,
	0x5C0C, 0x0096,
	0x5C1E, 0x007D,
	0x78D2, 0x0195,
	0x78DA, 0x019F,
	0x7D70, 0x0550,
	0x7E46, 0x000D,
	0x7E72, 0x0007,
	0x7EA6, 0x0001,
	0x7F16, 0x3F3F,
	0x7F28, 0x0B0D,
	0x7F30, 0x3F3F,
	0x7F4C, 0x000A,
	0x7F4E, 0x000A,
	0x7F66, 0x000D,
	0x7F68, 0x000D,
	0x7F7C, 0x0026,
	0x7FF6, 0xD000,
	0x7FF8, 0xFF92,
	0x801A, 0xFFF4,
	0x8020, 0xFFE3,
	0x803A, 0x18C1,
	0x804C, 0xC700,
	0x8058, 0xFC00,
	0x805A, 0x1C71,
	0x805C, 0xFC00,
	0x8068, 0x0000,
	0x8084, 0xFFFF,
	0x8086, 0x71C0,
	0x8092, 0xFFFF,
	0x8094, 0x0000,
	0x8220, 0x000C,
	0x8238, 0x0010,
	0x823A, 0x000E,
	0x823E, 0x000C,
	0x8240, 0x000C,
	0x8250, 0x000D,
	0x827C, 0x0080,
	0x8282, 0x0400,
	0x82A4, 0x0001,
	0x82AA, 0x00C0,
	0x8340, 0x0002,
	0x8354, 0x0020,
	0x8356, 0x0020,
	0x83B2, 0x0100,
	0x83C8, 0x0100,
	0x84D0, 0x0000,
	0x84D2, 0x0001,
	0x862A, 0x0000,
	0x8904, 0x0001,
	0x8954, 0x0001,
	0x8CDC, 0x0000,
	0x8DBA, 0x0001,
	0x8E16, 0x0200,
	0x8E18, 0x0400,
	0x8E1A, 0x0800,
	0x8E1C, 0x1000,
	0x8E1E, 0x2000,
	0x8E20, 0x4000,
	0x8E22, 0xFFFF,
	0x8E32, 0xFFFF,
	0x8E36, 0x0200,
	0x8E38, 0x0400,
	0x8E3A, 0x0800,
	0x8E3C, 0x1000,
	0x8E3E, 0x2000,
	0x8E40, 0x4000,
	0x8E42, 0xFFFF,
	0x8E52, 0xFFFF,
	0x8E56, 0x0200,
	0x8E58, 0x0400,
	0x8E5A, 0x0800,
	0x8E5C, 0x1000,
	0x8E5E, 0x2000,
	0x8E60, 0x4000,
	0x8E62, 0xFFFF,
	0x8E72, 0xFFFF,
	0x8E76, 0x0200,
	0x8E78, 0x0400,
	0x8E7A, 0x0800,
	0x8E7C, 0x1000,
	0x8E7E, 0x2000,
	0x8E80, 0x4000,
	0x8E82, 0xFFFF,
	0x8E92, 0xFFFF,
	0x92FE, 0x2061,
	0x9300, 0x2061,
	0x9304, 0x0000,
	0x930E, 0x0001,
	0x9310, 0x0006,
	0x9358, 0x0000,
	0x939E, 0x0000,
	0x93A0, 0x0000,
	0x93A2, 0x0000,
	0x9406, 0x0200,
	0x9408, 0x0400,
	0x940A, 0x0800,
	0x940C, 0x1000,
	0x940E, 0x2000,
	0x9410, 0x4000,
	0x9412, 0xFFFF,
	0x9422, 0xFFFF,
	0x9446, 0x0200,
	0x9448, 0x0400,
	0x944A, 0x0800,
	0x944C, 0x1000,
	0x944E, 0x2000,
	0x9450, 0x4000,
	0x9452, 0xFFFF,
	0x9462, 0xFFFF,
	0xA4E6, 0xFFFA,
	0xA4E8, 0xFFFA,
	0xA4EA, 0xFFFA,
	0xA4EC, 0xFFFA,
	0xA4EE, 0xFFFA,
	0xA4F0, 0xFFFA,
	0xA4F2, 0xFFFA,
	0xA4F4, 0xFFFA,
	0xA4F6, 0xFFF9,
	0xA4F8, 0xFFF9,
	0xA4FA, 0xFFF9,
	0xA4FC, 0xFFF9,
	0xA4FE, 0xFFFA,
	0xA500, 0xFFFA,
	0xA502, 0xFFFA,
	0xA504, 0xFFFA,
	0xA5F0, 0x0002,
	0xA5F2, 0x0002,
	0xAB7C, 0x0000,
	0xAC70, 0xFFFF,
	0xAC72, 0x3F00,
	0xACB2, 0x6100,
	0xACB4, 0x0000,
	0xACBA, 0x0001,
	0xACBC, 0x0200,
	0xB23C, 0x0000,
	0xB23E, 0x0000,
	0xB2E2, 0x0002,
	0xDA90, 0x0000,
	0xDAA0, 0x79C0,
	0xDAFE, 0x0100,
	0xDB16, 0x2EF8,
	0xDB18, 0x2370,
	0xDD0E, 0x0000,
	0xDED0, 0x0000,
	0xDEDC, 0x0000,
	0xE3EE, 0x0000,
	0xFCFC, 0x2001,
	0x0150, 0x0052,
	0x0160, 0x006E,
	0x0170, 0x004C,
	0x0180, 0x0082,
	0x0190, 0x0052,
	0x01A0, 0x006E,
	0x01C0, 0x0005,
	0x01CC, 0x0005,
	0x01DC, 0x000A,
	0x01E8, 0x000A,
	0x01F8, 0x0010,
	0x0204, 0x0010,
	0x0214, 0x0020,
	0x0220, 0x0020,
	0x0230, 0x0028,
	0x023C, 0x0028,
	0x024C, 0x0005,
	0x0258, 0x0005,
	0x0268, 0x000A,
	0x0274, 0x000A,
	0x0284, 0x0010,
	0x0290, 0x0010,
	0x02A0, 0x001B,
	0x02AC, 0x001B,
	0x02BC, 0x0021,
	0x02C8, 0x0021,
	0x02D8, 0x0005,
	0x02E4, 0x0005,
	0x02F4, 0x000A,
	0x0300, 0x000A,
	0x0310, 0x0010,
	0x031C, 0x0010,
	0x032C, 0x0020,
	0x0338, 0x0020,
	0x0348, 0x0028,
	0x0354, 0x0028,
	0x03D4, 0x02C0,
	0x03D6, 0x02C0,
	0x03E0, 0x026B,
	0x03E2, 0x026B,
	0x03EC, 0x0066,
	0x03EE, 0x0066,
	0x03F8, 0x0C15,
	0x03FA, 0x0C15,
	0x0404, 0x0A33,
	0x0406, 0x0A33,
	0x0410, 0x0027,
	0x0412, 0x0027,
	0x041C, 0x02D0,
	0x041E, 0x02D0,
	0x0428, 0x02A8,
	0x042A, 0x02A8,
	0x0434, 0x02B0,
	0x0436, 0x02B0,
	0x0440, 0x0504,
	0x0442, 0x0504,
	0x044C, 0x08DE,
	0x044E, 0x08DE,
	0x0458, 0x007D,
	0x045A, 0x007D,
	0x0464, 0x0128,
	0x0466, 0x0128,
	0x0470, 0x00B0,
	0x0472, 0x00B0,
	0x047C, 0x00B9,
	0x047E, 0x00B9,
	0x04DA, 0x0200,
	0xD3D0, 0xED40,
	0xD3D4, 0x0000,
	0xD3D6, 0xED80,
	0xD3D8, 0x0001,
	0xD3DA, 0x0001,
	0xE2F0, 0x0000,
	0xE2F2, 0x0016,
	0xFCFC, 0x4000,
	0x0112, 0x0A0A,
	0x011C, 0x0101,
	0x020C, 0x0000,
	0x021E, 0x0000,
	0x0300, 0x0007,
	0x0302, 0x0001,
	0x0304, 0x0004,
	0x0306, 0x00EF,
	0x0308, 0x0008,
	0x030A, 0x0001,
	0x030C, 0x0000,
	0x030E, 0x0003,
	0x0310, 0x00BB,
	0x0312, 0x0001,
	0x031A, 0x0003,
	0x031C, 0x003C,
	0x031E, 0x0002,
	0x0320, 0x0000,
	0x0322, 0x2A7E,
	0x0324, 0x0000,
	0x0326, 0x7FF9,
	0x0400, 0x1010,
	0x0408, 0x0100,
	0x040A, 0x0100,
	0x040C, 0x0000,
	0x0B06, 0x0101,
	0x0BCC, 0x0000,
	0x0FEA, 0x0100,
	0x0FEC, 0x6180,
	0x1144, 0x0010,
	0x1146, 0x01FF,
	0x1150, 0x0005,
	0x1178, 0x458C,
	0x117A, 0xA000,
	0x6028, 0x2000,
	0x602A, 0xDA9E,
	0x6F12, 0x0001,
	0x602A, 0x1912,
	0x6F12, 0x000B,
	0x602A, 0x1902,
	0x6F12, 0x0000,
	0x602A, 0xDA90,
	0x6F12, 0x0000,
	0x0B10, 0x0100,
	0x602A, 0xDA98,
	0x6F12, 0x0001,
	0x6028, 0x4510,
	0x602A, 0x0000,
	0x6F12, 0x00FF,
	0x6F12, 0x000F,
	0x6F12, 0xFFFF,
	0x6028, 0x2022,
	0x602A, 0x0000,
	0x6F12, 0x003F,
	0x6F12, 0xFFFA,
	0x6F12, 0x003F,
	0x6F12, 0xFFFD,
	0x6F12, 0x0000,
	0x6F12, 0x0009,
	0x6F12, 0x003F,
	0x6F12, 0xFFFD,
	0x6F12, 0x003F,
	0x6F12, 0xFFFD,
	0x6F12, 0x003F,
	0x6F12, 0xFFFD,
	0x6F12, 0x003F,
	0x6F12, 0xFFFB,
	0x6F12, 0x003F,
	0x6F12, 0xFFFE,
	0x6F12, 0x0000,
	0x6F12, 0x0008,
	0x6F12, 0x0000,
	0x6F12, 0x000B,
	0x6F12, 0x0000,
	0x6F12, 0x0003,
	0x6F12, 0x003F,
	0x6F12, 0xFFEC,
	0x6F12, 0x0000,
	0x6F12, 0x0003,
	0x6F12, 0x0000,
	0x6F12, 0x0028,
	0x6F12, 0x003F,
	0x6F12, 0xFFE8,
	0x6F12, 0x0000,
	0x6F12, 0x000B,
	0x6F12, 0x0000,
	0x6F12, 0x0000,
	0x6F12, 0x003F,
	0x6F12, 0xFFEC,
	0x6F12, 0x0000,
	0x6F12, 0x0003,
	0x6F12, 0x003F,
	0x6F12, 0xFFFE,
	0x6F12, 0x003F,
	0x6F12, 0xFFFB,
	0x6F12, 0x003F,
	0x6F12, 0xFFFE,
	0x6F12, 0x0000,
	0x6F12, 0x0000,
	0x6F12, 0x003F,
	0x6F12, 0xFFFF,
	0x6F12, 0x0000,
	0x6F12, 0x0004,
	0x6F12, 0x003F,
	0x6F12, 0xFFFE,
	0x6F12, 0x003F,
	0x6F12, 0xFFFA,
	0x6F12, 0x003F,
	0x6F12, 0xFFFE,
	0x6F12, 0x0000,
	0x6F12, 0x0000,
	0x6F12, 0x0000,
	0x6F12, 0x0004,
	0x6F12, 0x0000,
	0x6F12, 0x0002,
	0x6F12, 0x003F,
	0x6F12, 0xFFF9,
	0x6F12, 0x003F,
	0x6F12, 0xFFF9,
	0x6F12, 0x003F,
	0x6F12, 0xFFFF,
	0x6F12, 0x0000,
	0x6F12, 0x0002,
	0x6F12, 0x0000,
	0x6F12, 0x0002,
	0x6F12, 0x003F,
	0x6F12, 0xFFFC,
	0x6F12, 0x003F,
	0x6F12, 0xFFFE,
	0x6F12, 0x0000,
	0x6F12, 0x0006,
	0x6F12, 0x003F,
	0x6F12, 0xFFFE,
	0x6F12, 0x003F,
	0x6F12, 0xFFFE,
	0x6F12, 0x003F,
	0x6F12, 0xFFFE,
	0x6F12, 0x003F,
	0x6F12, 0xFFFC,
	0x6F12, 0x003F,
	0x6F12, 0xFFFF,
	0x6F12, 0x0000,
	0x6F12, 0x0006,
	0x6F12, 0x0000,
	0x6F12, 0x0008,
	0x6F12, 0x0000,
	0x6F12, 0x0002,
	0x6F12, 0x003F,
	0x6F12, 0xFFF1,
	0x6F12, 0x0000,
	0x6F12, 0x0003,
	0x6F12, 0x0000,
	0x6F12, 0x001E,
	0x6F12, 0x003F,
	0x6F12, 0xFFED,
	0x6F12, 0x0000,
	0x6F12, 0x0008,
	0x6F12, 0x0000,
	0x6F12, 0x0000,
	0x6F12, 0x003F,
	0x6F12, 0xFFF0,
	0x6F12, 0x0000,
	0x6F12, 0x0001,
	0x6F12, 0x003F,
	0x6F12, 0xFFFE,
	0x6F12, 0x003F,
	0x6F12, 0xFFFC,
	0x6F12, 0x0000,
	0x6F12, 0x0004,
	0x6F12, 0x0000,
	0x6F12, 0x0000,
	0x6F12, 0x003F,
	0x6F12, 0xFFFE,
	0x6F12, 0x0000,
	0x6F12, 0x0002,
	0x6F12, 0x003F,
	0x6F12, 0xFFFE,
	0x6F12, 0x003F,
	0x6F12, 0xFFFB,
	0x6F12, 0x003F,
	0x6F12, 0xFFFF,
	0x6F12, 0x0000,
	0x6F12, 0x0000,
	0x6F12, 0x0000,
	0x6F12, 0x0003,
	0x6F12, 0x0000,
	0x6F12, 0x0001,
	0x6F12, 0x003F,
	0x6F12, 0xFFFA,
	0x6F12, 0x003F,
	0x6F12, 0xFFFA,
	0x6F12, 0x003F,
	0x6F12, 0xFFFF,
	0x6F12, 0x0000,
	0x6F12, 0x0001,
	0x6F12, 0x0000,
	0x6F12, 0x0002,
	0x6F12, 0x003F,
	0x6F12, 0xFFFC,
	0x6F12, 0x0000,
	0x6F12, 0x0001,
	0x6F12, 0x0000,
	0x6F12, 0x0007,
	0x6F12, 0x003F,
	0x6F12, 0xFFFD,
	0x6F12, 0x003F,
	0x6F12, 0xFFFD,
	0x6F12, 0x003F,
	0x6F12, 0xFFFD,
	0x6F12, 0x003F,
	0x6F12, 0xFFFC,
	0x6F12, 0x0000,
	0x6F12, 0x0001,
	0x6F12, 0x0000,
	0x6F12, 0x0007,
	0x6F12, 0x0000,
	0x6F12, 0x0001,
	0x6F12, 0x0000,
	0x6F12, 0x0000,
	0x6F12, 0x0000,
	0x6F12, 0x0003,
	0x6F12, 0x003F,
	0x6F12, 0xFFF9,
	0x6F12, 0x003F,
	0x6F12, 0xFFF9,
	0x6F12, 0x0000,
	0x6F12, 0x0002,
	0x6F12, 0x0000,
	0x6F12, 0x0000,
	0x6F12, 0x0000,
	0x6F12, 0x0000,
	0x6F12, 0x0000,
	0x6F12, 0x0003,
	0x6F12, 0x0000,
	0x6F12, 0x0007,
	0x6F12, 0x0000,
	0x6F12, 0x0003,
	0x6F12, 0x003F,
	0x6F12, 0xFFF9,
	0x6F12, 0x003F,
	0x6F12, 0xFFFB,
	0x6F12, 0x0000,
	0x6F12, 0x000B,
	0x6F12, 0x003F,
	0x6F12, 0xFFF7,
	0x6F12, 0x0000,
	0x6F12, 0x0004,
	0x6F12, 0x0000,
	0x6F12, 0x0002,
	0x6F12, 0x003F,
	0x6F12, 0xFFFA,
	0x6F12, 0x003F,
	0x6F12, 0xFFFA,
	0x6F12, 0x0000,
	0x6F12, 0x0001,
	0x6F12, 0x0000,
	0x6F12, 0x0009,
	0x6F12, 0x003F,
	0x6F12, 0xFFFB,
	0x6F12, 0x003F,
	0x6F12, 0xFFF2,
	0x6F12, 0x003F,
	0x6F12, 0xFFF2,
	0x6F12, 0x003F,
	0x6F12, 0xFFFA,
	0x6F12, 0x0000,
	0x6F12, 0x0001,
	0x6F12, 0x0000,
	0x6F12, 0x0009,
	0x602A, 0x0200,
	0x6F12, 0x003F,
	0x6F12, 0xFFFC,
	0x6F12, 0x003F,
	0x6F12, 0xFFFB,
	0x6F12, 0x003F,
	0x6F12, 0xFFFE,
	0x6F12, 0x0000,
	0x6F12, 0x0000,
	0x6F12, 0x003F,
	0x6F12, 0xFFFE,
	0x6F12, 0x003F,
	0x6F12, 0xFFFE,
	0x6F12, 0x0000,
	0x6F12, 0x0000,
	0x6F12, 0x0000,
	0x6F12, 0x0000,
	0x6F12, 0x003F,
	0x6F12, 0xFFFE,
	0x6F12, 0x003F,
	0x6F12, 0xFFF2,
	0x6F12, 0x0000,
	0x6F12, 0x000B,
	0x6F12, 0x0000,
	0x6F12, 0x000D,
	0x6F12, 0x003F,
	0x6F12, 0xFFFA,
	0x6F12, 0x0000,
	0x6F12, 0x000C,
	0x6F12, 0x0000,
	0x6F12, 0x000A,
	0x6F12, 0x003F,
	0x6F12, 0xFFFF,
	0x6F12, 0x003F,
	0x6F12, 0xFFF1,
	0x6F12, 0x003F,
	0x6F12, 0xFFF1,
	0x6F12, 0x0000,
	0x6F12, 0x0002,
	0x6F12, 0x003F,
	0x6F12, 0xFFFE,
	0x6F12, 0x0000,
	0x6F12, 0x0001,
	0x6F12, 0x0000,
	0x6F12, 0x0004,
	0x6F12, 0x003F,
	0x6F12, 0xFFFE,
	0x6F12, 0x003F,
	0x6F12, 0xFFFF,
	0x6F12, 0x003F,
	0x6F12, 0xFFFF,
	0x6F12, 0x003F,
	0x6F12, 0xFFFE,
	0x6F12, 0x003F,
	0x6F12, 0xFFFD,
	0x6F12, 0x003F,
	0x6F12, 0xFFF8,
	0x6F12, 0x003F,
	0x6F12, 0xFFFC,
	0x6F12, 0x003F,
	0x6F12, 0xFFFD,
	0x6F12, 0x0000,
	0x6F12, 0x0000,
	0x6F12, 0x003F,
	0x6F12, 0xFFFC,
	0x6F12, 0x003F,
	0x6F12, 0xFFFC,
	0x6F12, 0x0000,
	0x6F12, 0x000B,
	0x6F12, 0x0000,
	0x6F12, 0x0006,
	0x6F12, 0x0000,
	0x6F12, 0x0004,
	0x6F12, 0x003F,
	0x6F12, 0xFFFC,
	0x6F12, 0x003F,
	0x6F12, 0xFFFB,
	0x6F12, 0x003F,
	0x6F12, 0xFFFD,
	0x6F12, 0x0000,
	0x6F12, 0x0000,
	0x6F12, 0x003F,
	0x6F12, 0xFFFF,
	0x6F12, 0x003F,
	0x6F12, 0xFFFF,
	0x6F12, 0x0000,
	0x6F12, 0x0000,
	0x6F12, 0x0000,
	0x6F12, 0x0000,
	0x6F12, 0x003F,
	0x6F12, 0xFFFF,
	0x6F12, 0x003F,
	0x6F12, 0xFFF5,
	0x6F12, 0x0000,
	0x6F12, 0x0008,
	0x6F12, 0x0000,
	0x6F12, 0x0009,
	0x6F12, 0x003F,
	0x6F12, 0xFFFC,
	0x6F12, 0x0000,
	0x6F12, 0x0009,
	0x6F12, 0x0000,
	0x6F12, 0x0008,
	0x6F12, 0x003F,
	0x6F12, 0xFFFF,
	0x6F12, 0x003F,
	0x6F12, 0xFFF4,
	0x6F12, 0x003F,
	0x6F12, 0xFFF4,
	0x6F12, 0x0000,
	0x6F12, 0x0001,
	0x6F12, 0x003F,
	0x6F12, 0xFFFF,
	0x6F12, 0x0000,
	0x6F12, 0x0001,
	0x6F12, 0x0000,
	0x6F12, 0x0003,
	0x6F12, 0x003F,
	0x6F12, 0xFFFE,
	0x6F12, 0x003F,
	0x6F12, 0xFFFF,
	0x6F12, 0x003F,
	0x6F12, 0xFFFF,
	0x6F12, 0x003F,
	0x6F12, 0xFFFE,
	0x6F12, 0x003F,
	0x6F12, 0xFFFE,
	0x6F12, 0x003F,
	0x6F12, 0xFFFA,
	0x6F12, 0x003F,
	0x6F12, 0xFFFD,
	0x6F12, 0x003F,
	0x6F12, 0xFFFD,
	0x6F12, 0x0000,
	0x6F12, 0x0000,
	0x6F12, 0x003F,
	0x6F12, 0xFFFD,
	0x6F12, 0x003F,
	0x6F12, 0xFFFD,
	0x6F12, 0x0000,
	0x6F12, 0x0007,
	0x6F12, 0x0000,
	0x6F12, 0x0004,
	0x6F12, 0x0000,
	0x6F12, 0x0003,
	0x6F12, 0x003F,
	0x6F12, 0xFFFB,
	0x6F12, 0x003F,
	0x6F12, 0xFFFA,
	0x6F12, 0x003F,
	0x6F12, 0xFFF8,
	0x6F12, 0x0000,
	0x6F12, 0x0000,
	0x6F12, 0x0000,
	0x6F12, 0x0001,
	0x6F12, 0x0000,
	0x6F12, 0x0001,
	0x6F12, 0x0000,
	0x6F12, 0x0005,
	0x6F12, 0x0000,
	0x6F12, 0x0006,
	0x6F12, 0x0000,
	0x6F12, 0x0008,
	0x6F12, 0x003F,
	0x6F12, 0xFFFF,
	0x6F12, 0x003F,
	0x6F12, 0xFFFF,
	0x6F12, 0x003F,
	0x6F12, 0xFFFE,
	0x6F12, 0x0000,
	0x6F12, 0x0001,
	0x6F12, 0x003F,
	0x6F12, 0xFFFF,
	0x6F12, 0x003F,
	0x6F12, 0xFFFF,
	0x6F12, 0x0000,
	0x6F12, 0x0000,
	0x6F12, 0x003F,
	0x6F12, 0xFFFF,
	0x6F12, 0x0000,
	0x6F12, 0x0001,
	0x6F12, 0x003F,
	0x6F12, 0xFFFF,
	0x6F12, 0x0000,
	0x6F12, 0x0009,
	0x6F12, 0x0000,
	0x6F12, 0x000A,
	0x6F12, 0x003F,
	0x6F12, 0xFFFA,
	0x6F12, 0x0000,
	0x6F12, 0x0000,
	0x6F12, 0x0000,
	0x6F12, 0x0001,
	0x6F12, 0x003F,
	0x6F12, 0xFFFC,
	0x6F12, 0x003F,
	0x6F12, 0xFFF9,
	0x6F12, 0x003F,
	0x6F12, 0xFFF8,
	0x6F12, 0x003F,
	0x6F12, 0xFFFB,
	0x6F12, 0x003F,
	0x6F12, 0xFFFB,
	0x6F12, 0x003F,
	0x6F12, 0xFFF8,
	0x6F12, 0x003F,
	0x6F12, 0xFFFF,
	0x6F12, 0x003F,
	0x6F12, 0xFFFD,
	0x6F12, 0x003F,
	0x6F12, 0xFFFD,
	0x6F12, 0x0000,
	0x6F12, 0x0004,
	0x6F12, 0x0000,
	0x6F12, 0x0004,
	0x6F12, 0x0000,
	0x6F12, 0x0006,
	0x602A, 0x0400,
	0x6F12, 0x0010,
	0x6F12, 0x2813,
	0x6F12, 0x0010,
	0x6F12, 0x3FDC,
	0x6F12, 0x000F,
	0x6F12, 0xC30C,
	0x6F12, 0x000F,
	0x6F12, 0xFDA1,
	0x6F12, 0x0010,
	0x6F12, 0x25B0,
	0x6F12, 0x0010,
	0x6F12, 0x25B0,
	0x6F12, 0x0010,
	0x6F12, 0x104D,
	0x6F12, 0x0010,
	0x6F12, 0x20F4,
	0x6F12, 0x000F,
	0x6F12, 0xC554,
	0x6F12, 0x0010,
	0x6F12, 0xF07C,
	0x6F12, 0x000F,
	0x6F12, 0x076F,
	0x6F12, 0x0010,
	0x6F12, 0x3466,
	0x6F12, 0x000F,
	0x6F12, 0xE700,
	0x6F12, 0x000F,
	0x6F12, 0x2560,
	0x6F12, 0x000F,
	0x6F12, 0xA695,
	0x6F12, 0x0010,
	0x6F12, 0xD1B9,
	0x6F12, 0x000F,
	0x6F12, 0x9F70,
	0x6F12, 0x0010,
	0x6F12, 0xD032,
	0x6F12, 0x000F,
	0x6F12, 0x49EE,
	0x6F12, 0x0010,
	0x6F12, 0x67A3,
	0x6F12, 0x000F,
	0x6F12, 0xB719,
	0x6F12, 0x0010,
	0x6F12, 0x3B38,
	0x6F12, 0x0010,
	0x6F12, 0xA2B9,
	0x6F12, 0x0010,
	0x6F12, 0x48ED,
	0x6F12, 0x000F,
	0x6F12, 0x64BD,
	0x6F12, 0x0010,
	0x6F12, 0x64F6,
	0x6F12, 0x000F,
	0x6F12, 0xCEF6,
	0x6F12, 0x0010,
	0x6F12, 0x1F93,
	0x6F12, 0x0010,
	0x6F12, 0x0E5D,
	0x6F12, 0x000F,
	0x6F12, 0xEBDC,
	0x6F12, 0x0010,
	0x6F12, 0x0564,
	0x6F12, 0x0010,
	0x6F12, 0x4BFF,
	0x6F12, 0x0010,
	0x6F12, 0x4BFF,
	0x6F12, 0x000F,
	0x6F12, 0xD8EB,
	0x6F12, 0x000F,
	0x6F12, 0xD43F,
	0x6F12, 0x000F,
	0x6F12, 0xCBF7,
	0x6F12, 0x0010,
	0x6F12, 0x1FEC,
	0x6F12, 0x0010,
	0x6F12, 0x2ED7,
	0x6F12, 0x000F,
	0x6F12, 0xD949,
	0x6F12, 0x0010,
	0x6F12, 0x0072,
	0x6F12, 0x0010,
	0x6F12, 0x1710,
	0x6F12, 0x0010,
	0x6F12, 0x1710,
	0x6F12, 0x0010,
	0x6F12, 0x0BE1,
	0x6F12, 0x0010,
	0x6F12, 0x17B4,
	0x6F12, 0x000F,
	0x6F12, 0xD7CE,
	0x6F12, 0x0010,
	0x6F12, 0xB9CF,
	0x6F12, 0x000F,
	0x6F12, 0x3D00,
	0x6F12, 0x0010,
	0x6F12, 0x2960,
	0x6F12, 0x000F,
	0x6F12, 0xE80C,
	0x6F12, 0x000F,
	0x6F12, 0x577B,
	0x6F12, 0x000F,
	0x6F12, 0xB8E7,
	0x6F12, 0x0010,
	0x6F12, 0xA169,
	0x6F12, 0x000F,
	0x6F12, 0xB472,
	0x6F12, 0x0010,
	0x6F12, 0xA010,
	0x6F12, 0x000F,
	0x6F12, 0x8B5C,
	0x6F12, 0x0010,
	0x6F12, 0x44AF,
	0x6F12, 0x000F,
	0x6F12, 0xD343,
	0x6F12, 0x0010,
	0x6F12, 0x05B8,
	0x6F12, 0x0010,
	0x6F12, 0x6CE6,
	0x6F12, 0x0010,
	0x6F12, 0x349C,
	0x6F12, 0x000F,
	0x6F12, 0x9D48,
	0x6F12, 0x0010,
	0x6F12, 0x45F4,
	0x6F12, 0x000F,
	0x6F12, 0xE684,
	0x6F12, 0x0010,
	0x6F12, 0x1363,
	0x6F12, 0x0010,
	0x6F12, 0x07FD,
	0x6F12, 0x000F,
	0x6F12, 0xF028,
	0x6F12, 0x0010,
	0x6F12, 0x0206,
	0x6F12, 0x0010,
	0x6F12, 0x34DD,
	0x6F12, 0x0010,
	0x6F12, 0x34DD,
	0x6F12, 0x000F,
	0x6F12, 0xE3C1,
	0x6F12, 0x000F,
	0x6F12, 0xE0BE,
	0x6F12, 0x000F,
	0x6F12, 0xD919,
	0x6F12, 0x0010,
	0x6F12, 0x0F55,
	0x6F12, 0x0010,
	0x6F12, 0x292E,
	0x6F12, 0x000F,
	0x6F12, 0xDB52,
	0x6F12, 0x0010,
	0x6F12, 0x237D,
	0x6F12, 0x0010,
	0x6F12, 0x1F9B,
	0x6F12, 0x0010,
	0x6F12, 0x1F9B,
	0x6F12, 0x000F,
	0x6F12, 0xE1C2,
	0x6F12, 0x000F,
	0x6F12, 0xF298,
	0x6F12, 0x000F,
	0x6F12, 0xA09B,
	0x6F12, 0x000F,
	0x6F12, 0xE1EB,
	0x6F12, 0x0010,
	0x6F12, 0x191E,
	0x6F12, 0x000F,
	0x6F12, 0xF7BD,
	0x6F12, 0x0010,
	0x6F12, 0x143B,
	0x6F12, 0x0010,
	0x6F12, 0x07E2,
	0x6F12, 0x0010,
	0x6F12, 0x110E,
	0x6F12, 0x000F,
	0x6F12, 0xE1F8,
	0x6F12, 0x0010,
	0x6F12, 0x1B67,
	0x6F12, 0x000F,
	0x6F12, 0xE9F9,
	0x6F12, 0x0010,
	0x6F12, 0x44BA,
	0x6F12, 0x000F,
	0x6F12, 0x8577,
	0x6F12, 0x0010,
	0x6F12, 0x1992,
	0x6F12, 0x0010,
	0x6F12, 0x2689,
	0x6F12, 0x000F,
	0x6F12, 0x9039,
	0x6F12, 0x000F,
	0x6F12, 0xEE7A,
	0x6F12, 0x0010,
	0x6F12, 0x56F3,
	0x6F12, 0x000F,
	0x6F12, 0xD342,
	0x6F12, 0x0010,
	0x6F12, 0x5F31,
	0x6F12, 0x0010,
	0x6F12, 0x1464,
	0x6F12, 0x0010,
	0x6F12, 0x2E59,
	0x6F12, 0x000F,
	0x6F12, 0xCCFC,
	0x6F12, 0x0010,
	0x6F12, 0x2488,
	0x6F12, 0x0010,
	0x6F12, 0x6852,
	0x6F12, 0x0010,
	0x6F12, 0x6852,
	0x6F12, 0x000F,
	0x6F12, 0xF44B,
	0x6F12, 0x0010,
	0x6F12, 0x0ECB,
	0x6F12, 0x000F,
	0x6F12, 0x9F5C,
	0x6028, 0x2000,
	0x602A, 0xDB8E,
	0x6F12, 0x1111,
	0x6F12, 0x1111,
	0x6F12, 0x1111,
	0x6F12, 0x1111,
	0x6F12, 0x1111,
	0x6F12, 0x1111,
	0x6F12, 0x1111,
	0x6F12, 0x1111,
	0x6F12, 0x1111,
	0x6F12, 0x1111,
	0x6F12, 0x1111,
	0x6F12, 0x1111,
	0x6F12, 0x1111,
	0x6F12, 0x1111,
	0x6F12, 0x1111,
	0x6F12, 0x1111,
	0x6F12, 0x1111,
	0x6F12, 0x1111,
	0x6F12, 0x1111,
	0x6F12, 0x1111,
	0x6F12, 0x1111,
	0x6F12, 0x1111,
	0x6F12, 0x1111,
	0x6F12, 0x1111,
	0x6F12, 0x1111,
	0x6F12, 0x1111,
	0x6F12, 0x1111,
	0x6028, 0x4510,
	0x602A, 0x0000,
	0x6F12, 0x0000,
	0x6F12, 0x0000,
};
static kal_uint16 addr_data_pair_init_mot_naples_s5khm9_part3[] = {

	0xFCFC, 0x2000,
	0x1C12, 0x0000,
	0x1D18, 0xFCFC,
	0x1D1A, 0xFFFE,
	0x1D1C, 0xFCFC,
	0x1D1E, 0xFFFE,
	0x1D40, 0x2002,
	0x1D42, 0x8308,
	0x1D44, 0x0000,
	0x1D46, 0x0000,
	0x1D68, 0x2002,
	0x1D6A, 0x8308,
	0x1D6C, 0x2002,
	0x1D6E, 0x8B98,
	0xFCFC, 0x2002,
	0x8308, 0xFFFE,
	0x830A, 0x2000,
	0x830C, 0xFFFD,
	0x830E, 0x1A5A,
	0x8310, 0x000A,
	0x8312, 0x1A5E,
	0x8314, 0x000A,
	0x8316, 0x1A62,
	0x8318, 0x0015,
	0x831A, 0x1A78,
	0x831C, 0x000D,
	0x831E, 0x1A80,
	0x8320, 0x0001,
	0x8322, 0x1B6A,
	0x8324, 0x0004,
	0x8326, 0x1B7A,
	0x8328, 0x0012,
	0x832A, 0x1B8A,
	0x832C, 0x0000,
	0x832E, 0x246C,
	0x8330, 0x0001,
	0x8332, 0x2470,
	0x8334, 0x0074,
	0x8336, 0x2472,
	0x8338, 0x00BC,
	0x833A, 0x2474,
	0x833C, 0x0100,
	0x833E, 0x2CF0,
	0x8340, 0x0002,
	0x8342, 0x2D94,
	0x8344, 0x3210,
	0x8346, 0x2D9A,
	0x8348, 0x000E,
	0x834A, 0x2E48,
	0x834C, 0x2EF8,
	0x834E, 0x2ED8,
	0x8350, 0x0003,
	0x8352, 0x2EE0,
	0x8354, 0x0003,
	0x8356, 0x329E,
	0x8358, 0x0000,
	0x835A, 0x32AC,
	0x835C, 0x30C3,
	0x835E, 0x32AE,
	0x8360, 0x30C3,
	0x8362, 0x32B2,
	0x8364, 0x30C3,
	0x8366, 0x32B4,
	0x8368, 0x30C3,
	0x836A, 0x32B8,
	0x836C, 0x30C3,
	0x836E, 0x32BA,
	0x8370, 0x30C3,
	0x8372, 0x32E0,
	0x8374, 0x0000,
	0x8376, 0x32EC,
	0x8378, 0x0000,
	0x837A, 0x3300,
	0x837C, 0x30C3,
	0x837E, 0x3302,
	0x8380, 0x30C3,
	0x8382, 0x333A,
	0x8384, 0x30C3,
	0x8386, 0x333C,
	0x8388, 0x30C3,
	0x838A, 0x333E,
	0x838C, 0x30C3,
	0x838E, 0x3390,
	0x8390, 0x30C3,
	0x8392, 0x3392,
	0x8394, 0x30C3,
	0x8396, 0x33D4,
	0x8398, 0x000B,
	0x839A, 0x3446,
	0x839C, 0x001C,
	0x839E, 0x3460,
	0x83A0, 0x0016,
	0x83A2, 0x347A,
	0x83A4, 0x0009,
	0x83A6, 0x3494,
	0x83A8, 0x0056,
	0x83AA, 0x34C8,
	0x83AC, 0x0040,
	0x83AE, 0x354A,
	0x83B0, 0x0022,
	0x83B2, 0x3564,
	0x83B4, 0x0014,
	0x83B6, 0x357E,
	0x83B8, 0x05A6,
	0x83BA, 0x3598,
	0x83BC, 0x000E,
	0x83BE, 0x35B2,
	0x83C0, 0x0021,
	0x83C2, 0x35E6,
	0x83C4, 0x05A4,
	0x83C6, 0x3600,
	0x83C8, 0x000C,
	0x83CA, 0x361A,
	0x83CC, 0x0007,
	0x83CE, 0x364E,
	0x83D0, 0x0006,
	0x83D2, 0x3668,
	0x83D4, 0x0037,
	0x83D6, 0x36B6,
	0x83D8, 0x0007,
	0x83DA, 0x36D0,
	0x83DC, 0x014C,
	0x83DE, 0x3704,
	0x83E0, 0x0081,
	0x83E2, 0x371E,
	0x83E4, 0x0007,
	0x83E6, 0x3738,
	0x83E8, 0x0057,
	0x83EA, 0x3786,
	0x83EC, 0x0221,
	0x83EE, 0x37A0,
	0x83F0, 0x02E1,
	0x83F2, 0x37BA,
	0x83F4, 0x0713,
	0x83F6, 0x37D4,
	0x83F8, 0x000D,
	0x83FA, 0x37EE,
	0x83FC, 0x0010,
	0x83FE, 0x3808,
	0x8400, 0x0012,
	0x8402, 0x3822,
	0x8404, 0x0017,
	0x8406, 0x383C,
	0x8408, 0x000B,
	0x840A, 0x3856,
	0x840C, 0x0221,
	0x840E, 0x3870,
	0x8410, 0x02E1,
	0x8412, 0x388A,
	0x8414, 0x071A,
	0x8416, 0x38A4,
	0x8418, 0x0020,
	0x841A, 0x3BFE,
	0x841C, 0x0077,
	0x841E, 0x3C18,
	0x8420, 0x0072,
	0x8422, 0x3C32,
	0x8424, 0x007D,
	0x8426, 0x3C4C,
	0x8428, 0x005F,
	0x842A, 0x3CCE,
	0x842C, 0x000E,
	0x842E, 0x3CE8,
	0x8430, 0x000E,
	0x8432, 0x42B2,
	0x8434, 0x000F,
	0x8436, 0x42CC,
	0x8438, 0x0017,
	0x843A, 0x5BAE,
	0x843C, 0x0087,
	0x843E, 0x5BE2,
	0x8440, 0x00C8,
	0x8442, 0x5C16,
	0x8444, 0x009D,
	0x8446, 0x7728,
	0x8448, 0x885C,
	0x844A, 0x7D6C,
	0x844C, 0x03E2,
	0x844E, 0x7D6E,
	0x8450, 0x0550,
	0x8452, 0x7D76,
	0x8454, 0x0696,
	0x8456, 0x7D7A,
	0x8458, 0x08BC,
	0x845A, 0x7DBA,
	0x845C, 0x0321,
	0x845E, 0x7DF4,
	0x8460, 0x0010,
	0x8462, 0x7E68,
	0x8464, 0x0004,
	0x8466, 0x7F46,
	0x8468, 0x0730,
	0x846A, 0x7FEE,
	0x846C, 0x7001,
	0x846E, 0x800A,
	0x8470, 0x931C,
	0x8472, 0x800E,
	0x8474, 0x1F94,
	0x8476, 0x8010,
	0x8478, 0x1FB5,
	0x847A, 0x8014,
	0x847C, 0x9FB4,
	0x847E, 0x8018,
	0x8480, 0xFFFE,
	0x8482, 0x8066,
	0x8484, 0x0007,
	0x8486, 0x8080,
	0x8488, 0x71C7,
	0x848A, 0x8082,
	0x848C, 0x71C1,
	0x848E, 0x808E,
	0x8490, 0x001C,
	0x8492, 0x8090,
	0x8494, 0x001C,
	0x8496, 0x80AA,
	0x8498, 0x00D8,
	0x849A, 0x80AC,
	0x849C, 0x00D8,
	0x849E, 0x80B2,
	0x84A0, 0x00D8,
	0x84A2, 0x80B4,
	0x84A4, 0x00D8,
	0x84A6, 0x80C2,
	0x84A8, 0x0000,
	0x84AA, 0x80C4,
	0x84AC, 0x0000,
	0x84AE, 0x80DA,
	0x84B0, 0x3E00,
	0x84B2, 0x818C,
	0x84B4, 0xB960,
	0x84B6, 0x8196,
	0x84B8, 0x10F2,
	0x84BA, 0x81A0,
	0x84BC, 0x3080,
	0x84BE, 0x81A6,
	0x84C0, 0x0FFF,
	0x84C2, 0x822E,
	0x84C4, 0x0040,
	0x84C6, 0x8234,
	0x84C8, 0x000C,
	0x84CA, 0x8236,
	0x84CC, 0x000C,
	0x84CE, 0x823C,
	0x84D0, 0x000D,
	0x84D2, 0x8252,
	0x84D4, 0x0014,
	0x84D6, 0x8254,
	0x84D8, 0x0014,
	0x84DA, 0x8276,
	0x84DC, 0x0001,
	0x84DE, 0x8280,
	0x84E0, 0x0400,
	0x84E2, 0x82A6,
	0x84E4, 0x0400,
	0x84E6, 0x8368,
	0x84E8, 0x00EE,
	0x84EA, 0x8382,
	0x84EC, 0x035C,
	0x84EE, 0x839C,
	0x84F0, 0x0003,
	0x84F2, 0x83B4,
	0x84F4, 0x0100,
	0x84F6, 0x83B6,
	0x84F8, 0x0100,
	0x84FA, 0x83B8,
	0x84FC, 0x0100,
	0x84FE, 0x83CA,
	0x8500, 0x0100,
	0x8502, 0x83CC,
	0x8504, 0x0100,
	0x8506, 0x83CE,
	0x8508, 0x0100,
	0x850A, 0x83D2,
	0x850C, 0x0111,
	0x850E, 0x8468,
	0x8510, 0x0040,
	0x8512, 0x849C,
	0x8514, 0x0040,
	0x8516, 0x84CE,
	0x8518, 0x0000,
	0x851A, 0x864A,
	0x851C, 0x0000,
	0x851E, 0x88F0,
	0x8520, 0x007A,
	0x8522, 0x88F6,
	0x8524, 0x0001,
	0x8526, 0x8BDA,
	0x8528, 0x0006,
	0x852A, 0x8CBA,
	0x852C, 0x0004,
	0x852E, 0x8CBC,
	0x8530, 0x0000,
	0x8532, 0x8CC2,
	0x8534, 0x0001,
	0x8536, 0x8CD4,
	0x8538, 0x0004,
	0x853A, 0x8CD6,
	0x853C, 0x0000,
	0x853E, 0x8D26,
	0x8540, 0x0002,
	0x8542, 0x8D28,
	0x8544, 0x0001,
	0x8546, 0x8D68,
	0x8548, 0x0FFF,
	0x854A, 0x92F8,
	0x854C, 0x0000,
	0x854E, 0x92FC,
	0x8550, 0xFFDE,
	0x8552, 0x9302,
	0x8554, 0x1FF0,
	0x8556, 0x9360,
	0x8558, 0x0008,
	0x855A, 0x9364,
	0x855C, 0x0001,
	0x855E, 0x939A,
	0x8560, 0x0001,
	0x8562, 0x939C,
	0x8564, 0x0001,
	0x8566, 0x93BC,
	0x8568, 0x0200,
	0x856A, 0x93E0,
	0x856C, 0x0200,
	0x856E, 0x9402,
	0x8570, 0x0000,
	0x8572, 0xA4C0,
	0x8574, 0x0000,
	0x8576, 0xA4C2,
	0x8578, 0x0001,
	0x857A, 0xA4C4,
	0x857C, 0x0000,
	0x857E, 0xA506,
	0x8580, 0x0001,
	0x8582, 0xA508,
	0x8584, 0x0002,
	0x8586, 0xA8CA,
	0x8588, 0xFFF9,
	0x858A, 0xA8D0,
	0x858C, 0xFFF9,
	0x858E, 0xA8EE,
	0x8590, 0xFFF8,
	0x8592, 0xA8F4,
	0x8594, 0xFFF9,
	0x8596, 0xA914,
	0x8598, 0x1FFF,
	0x859A, 0xA916,
	0x859C, 0x2000,
	0x859E, 0xA918,
	0x85A0, 0x4000,
	0x85A2, 0xA934,
	0x85A4, 0xFFC0,
	0x85A6, 0xA952,
	0x85A8, 0x0004,
	0x85AA, 0xAAB8,
	0x85AC, 0x0000,
	0x85AE, 0xABB0,
	0x85B0, 0x0080,
	0x85B2, 0xABF2,
	0x85B4, 0x0000,
	0x85B6, 0xACCA,
	0x85B8, 0x0000,
	0x85BA, 0xACE0,
	0x85BC, 0x0000,
	0x85BE, 0xADFA,
	0x85C0, 0x0001,
	0x85C2, 0xAE30,
	0x85C4, 0x0001,
	0x85C6, 0xB1D0,
	0x85C8, 0x0001,
	0x85CA, 0xB266,
	0x85CC, 0x0006,
	0x85CE, 0xB28C,
	0x85D0, 0x0001,
	0x85D2, 0xDA82,
	0x85D4, 0x0001,
	0x85D6, 0xDA88,
	0x85D8, 0x0002,
	0x85DA, 0xDAC4,
	0x85DC, 0x0000,
	0x85DE, 0xDAC6,
	0x85E0, 0x0000,
	0x85E2, 0xDAD0,
	0x85E4, 0x0000,
	0x85E6, 0xDB1A,
	0x85E8, 0x0010,
	0x85EA, 0xDBF2,
	0x85EC, 0x0001,
	0x85EE, 0xDED2,
	0x85F0, 0x0090,
	0x85F2, 0xDED6,
	0x85F4, 0x0001,
	0x85F6, 0xDED8,
	0x85F8, 0x0010,
	0x85FA, 0xEDC0,
	0x85FC, 0x0000,
	0x85FE, 0xEE56,
	0x8600, 0x0000,
	0x8602, 0xEF7C,
	0x8604, 0x0007,
	0x8606, 0xEF82,
	0x8608, 0x0007,
	0x860A, 0xFFFE,
	0x860C, 0x2001,
	0x860E, 0xFFFD,
	0x8610, 0x01B2,
	0x8612, 0x0000,
	0x8614, 0x01B4,
	0x8616, 0x0000,
	0x8618, 0x01B6,
	0x861A, 0x0000,
	0x861C, 0xD3D2,
	0x861E, 0x0000,
	0x8620, 0xFFFE,
	0x8622, 0x4000,
	0x8624, 0xFFFD,
	0x8626, 0x0114,
	0x8628, 0x0201,
	0x862A, 0x0264,
	0x862C, 0x0001,
	0x862E, 0x0274,
	0x8630, 0x3031,
	0x8632, 0x0404,
	0x8634, 0x1000,
	0x8636, 0x0900,
	0x8638, 0x2233,
	0x863A, 0x0B02,
	0x863C, 0x0200,
	0x863E, 0x0B04,
	0x8640, 0x0021,
	0x8642, 0x0B08,
	0x8644, 0x0100,
	0x8646, 0x0000,
	0x8648, 0xFFFF,
	0x864A, 0x0012,
	0x864C, 0x2000,
	0x864E, 0x3262,
	0x8650, 0x30C3,
	0x8652, 0x30C3,
	0x8654, 0x30C3,
	0x8656, 0x30C3,
	0x8658, 0x30C3,
	0x865A, 0x30C3,
	0x865C, 0x30C3,
	0x865E, 0x30C3,
	0x8660, 0x30C3,
	0x8662, 0xFFFF,
	0x8664, 0x000A,
	0x8666, 0x2000,
	0x8668, 0x32F4,
	0x866A, 0x30C3,
	0x866C, 0x30C3,
	0x866E, 0x30C3,
	0x8670, 0x30C3,
	0x8672, 0x30C3,
	0x8674, 0xFFFF,
	0x8676, 0x000A,
	0x8678, 0x2000,
	0x867A, 0x3342,
	0x867C, 0x30C3,
	0x867E, 0x30C3,
	0x8680, 0x30C3,
	0x8682, 0x30C3,
	0x8684, 0x30C3,
	0x8686, 0xFFFF,
	0x8688, 0x000A,
	0x868A, 0x2000,
	0x868C, 0x3384,
	0x868E, 0x30C3,
	0x8690, 0x30C3,
	0x8692, 0x30C3,
	0x8694, 0x30C3,
	0x8696, 0x30C3,
	0x8698, 0xFFFF,
	0x869A, 0x000A,
	0x869C, 0x2000,
	0x869E, 0x8040,
	0x86A0, 0x1D98,
	0x86A2, 0x05F8,
	0x86A4, 0x0598,
	0x86A6, 0x0178,
	0x86A8, 0xFF00,
	0x86AA, 0xFFFF,
	0x86AC, 0x0008,
	0x86AE, 0x2000,
	0x86B0, 0x8342,
	0x86B2, 0x0000,
	0x86B4, 0x0001,
	0x86B6, 0x0001,
	0x86B8, 0x0001,
	0x86BA, 0xFFFF,
	0x86BC, 0x000A,
	0x86BE, 0x2000,
	0x86C0, 0x83A8,
	0x86C2, 0xFFFF,
	0x86C4, 0x0080,
	0x86C6, 0x0100,
	0x86C8, 0x0180,
	0x86CA, 0x0114,
	0x86CC, 0xFFFF,
	0x86CE, 0x000A,
	0x86D0, 0x2000,
	0x86D2, 0x83BE,
	0x86D4, 0xFFFF,
	0x86D6, 0x0080,
	0x86D8, 0x0100,
	0x86DA, 0x0180,
	0x86DC, 0x0114,
	0x86DE, 0xFFFF,
	0x86E0, 0x0014,
	0x86E2, 0x2000,
	0x86E4, 0x83D6,
	0x86E6, 0x0100,
	0x86E8, 0x0180,
	0x86EA, 0x0400,
	0x86EC, 0x0800,
	0x86EE, 0x003F,
	0x86F0, 0x003F,
	0x86F2, 0x003F,
	0x86F4, 0x0037,
	0x86F6, 0x0033,
	0x86F8, 0x0111,
	0x86FA, 0xFFFF,
	0x86FC, 0x0012,
	0x86FE, 0x2000,
	0x8700, 0x83EC,
	0x8702, 0x0100,
	0x8704, 0x0180,
	0x8706, 0x0400,
	0x8708, 0x0800,
	0x870A, 0x003F,
	0x870C, 0x003F,
	0x870E, 0x003F,
	0x8710, 0x0037,
	0x8712, 0x0033,
	0x8714, 0xFFFF,
	0x8716, 0x001E,
	0x8718, 0x2000,
	0x871A, 0x8400,
	0x871C, 0x0100,
	0x871E, 0x0400,
	0x8720, 0xFFFF,
	0x8722, 0xFFFF,
	0x8724, 0x0011,
	0x8726, 0x000B,
	0x8728, 0x0008,
	0x872A, 0x0005,
	0x872C, 0x0005,
	0x872E, 0x0005,
	0x8730, 0x0038,
	0x8732, 0x0018,
	0x8734, 0x0004,
	0x8736, 0x0000,
	0x8738, 0x0000,
	0x873A, 0xFFFF,
	0x873C, 0x0008,
	0x873E, 0x2000,
	0x8740, 0x8428,
	0x8742, 0x001E,
	0x8744, 0x0000,
	0x8746, 0x0000,
	0x8748, 0x0000,
	0x874A, 0xFFFF,
	0x874C, 0x001E,
	0x874E, 0x2000,
	0x8750, 0x8434,
	0x8752, 0x0100,
	0x8754, 0x0400,
	0x8756, 0xFFFF,
	0x8758, 0xFFFF,
	0x875A, 0x0011,
	0x875C, 0x000B,
	0x875E, 0x0008,
	0x8760, 0x0005,
	0x8762, 0x0005,
	0x8764, 0x0005,
	0x8766, 0x0038,
	0x8768, 0x0018,
	0x876A, 0x0004,
	0x876C, 0x0000,
	0x876E, 0x0000,
	0x8770, 0xFFFF,
	0x8772, 0x0008,
	0x8774, 0x2000,
	0x8776, 0x845C,
	0x8778, 0x001E,
	0x877A, 0x0000,
	0x877C, 0x0000,
	0x877E, 0x0000,
	0x8780, 0xFFFF,
	0x8782, 0x000A,
	0x8784, 0x2000,
	0x8786, 0x8CAE,
	0x8788, 0x0001,
	0x878A, 0x0400,
	0x878C, 0x1800,
	0x878E, 0x2000,
	0x8790, 0x0006,
	0x8792, 0xFFFF,
	0x8794, 0x000A,
	0x8796, 0x2000,
	0x8798, 0x8CC8,
	0x879A, 0x0001,
	0x879C, 0x0400,
	0x879E, 0x1800,
	0x87A0, 0x2000,
	0x87A2, 0x0006,
	0x87A4, 0xFFFF,
	0x87A6, 0x0010,
	0x87A8, 0x2000,
	0x87AA, 0x8E94,
	0x87AC, 0x48DB,
	0x87AE, 0x4A53,
	0x87B0, 0x37FE,
	0x87B2, 0x3A6E,
	0x87B4, 0x50A3,
	0x87B6, 0x2C00,
	0x87B8, 0x2700,
	0x87BA, 0x2700,
	0x87BC, 0xFFFF,
	0x87BE, 0x0010,
	0x87C0, 0x2000,
	0x87C2, 0x8EB4,
	0x87C4, 0x48DB,
	0x87C6, 0x4A53,
	0x87C8, 0x37FE,
	0x87CA, 0x3A6E,
	0x87CC, 0x50A3,
	0x87CE, 0x2C00,
	0x87D0, 0x2700,
	0x87D2, 0x2700,
	0x87D4, 0xFFFF,
	0x87D6, 0x0010,
	0x87D8, 0x2000,
	0x87DA, 0x8ED4,
	0x87DC, 0x48DB,
	0x87DE, 0x4A53,
	0x87E0, 0x37FE,
	0x87E2, 0x3A6E,
	0x87E4, 0x50A3,
	0x87E6, 0x2C00,
	0x87E8, 0x2700,
	0x87EA, 0x2700,
	0x87EC, 0xFFFF,
	0x87EE, 0x0010,
	0x87F0, 0x2000,
	0x87F2, 0x8EF4,
	0x87F4, 0x48DB,
	0x87F6, 0x4A53,
	0x87F8, 0x37FE,
	0x87FA, 0x3A6E,
	0x87FC, 0x50A3,
	0x87FE, 0x2C00,
	0x8800, 0x2700,
	0x8802, 0x2700,
	0x8804, 0xFFFF,
	0x8806, 0x0010,
	0x8808, 0x2000,
	0x880A, 0x8F14,
	0x880C, 0x48DB,
	0x880E, 0x4A53,
	0x8810, 0x37FE,
	0x8812, 0x3A6E,
	0x8814, 0x50A3,
	0x8816, 0x4000,
	0x8818, 0x4C00,
	0x881A, 0x4C00,
	0x881C, 0xFFFF,
	0x881E, 0x0010,
	0x8820, 0x2000,
	0x8822, 0x8F34,
	0x8824, 0x48DB,
	0x8826, 0x4A53,
	0x8828, 0x37FE,
	0x882A, 0x3A6E,
	0x882C, 0x50A3,
	0x882E, 0x4000,
	0x8830, 0x4C00,
	0x8832, 0x4C00,
	0x8834, 0xFFFF,
	0x8836, 0x0010,
	0x8838, 0x2000,
	0x883A, 0x8F54,
	0x883C, 0x48DB,
	0x883E, 0x4A53,
	0x8840, 0x37FE,
	0x8842, 0x3A6E,
	0x8844, 0x50A3,
	0x8846, 0x4000,
	0x8848, 0x4C00,
	0x884A, 0x4C00,
	0x884C, 0xFFFF,
	0x884E, 0x0010,
	0x8850, 0x2000,
	0x8852, 0x8F74,
	0x8854, 0x48DB,
	0x8856, 0x4A53,
	0x8858, 0x37FE,
	0x885A, 0x3A6E,
	0x885C, 0x50A3,
	0x885E, 0x4000,
	0x8860, 0x4C00,
	0x8862, 0x4C00,
	0x8864, 0xFFFF,
	0x8866, 0x0010,
	0x8868, 0x2000,
	0x886A, 0x8F94,
	0x886C, 0x0014,
	0x886E, 0x0014,
	0x8870, 0x0014,
	0x8872, 0x0014,
	0x8874, 0x0014,
	0x8876, 0x0014,
	0x8878, 0x0014,
	0x887A, 0x0014,
	0x887C, 0xFFFF,
	0x887E, 0x0010,
	0x8880, 0x2000,
	0x8882, 0x9484,
	0x8884, 0x48DB,
	0x8886, 0x4A53,
	0x8888, 0x37FE,
	0x888A, 0x3A6E,
	0x888C, 0x50A3,
	0x888E, 0x2C00,
	0x8890, 0x2700,
	0x8892, 0x2700,
	0x8894, 0xFFFF,
	0x8896, 0x0010,
	0x8898, 0x2000,
	0x889A, 0x9504,
	0x889C, 0x48DB,
	0x889E, 0x4A53,
	0x88A0, 0x37FE,
	0x88A2, 0x3A6E,
	0x88A4, 0x50A3,
	0x88A6, 0x4000,
	0x88A8, 0x4C00,
	0x88AA, 0x4C00,
	0x88AC, 0xFFFF,
	0x88AE, 0x0010,
	0x88B0, 0x2000,
	0x88B2, 0x9584,
	0x88B4, 0x0014,
	0x88B6, 0x0014,
	0x88B8, 0x0014,
	0x88BA, 0x0014,
	0x88BC, 0x0014,
	0x88BE, 0x0014,
	0x88C0, 0x0014,
	0x88C2, 0x0014,
	0x88C4, 0xFFFF,
	0x88C6, 0x0040,
	0x88C8, 0x2000,
	0x88CA, 0xA5F4,
	0x88CC, 0x0100,
	0x88CE, 0x03FF,
	0x88D0, 0x1051,
	0x88D2, 0x1060,
	0x88D4, 0x0400,
	0x88D6, 0x0600,
	0x88D8, 0x101E,
	0x88DA, 0x105A,
	0x88DC, 0x0601,
	0x88DE, 0x0800,
	0x88E0, 0x105A,
	0x88E2, 0x1065,
	0x88E4, 0x0801,
	0x88E6, 0x1000,
	0x88E8, 0x1065,
	0x88EA, 0x106D,
	0x88EC, 0x1001,
	0x88EE, 0x4000,
	0x88F0, 0x106D,
	0x88F2, 0x1048,
	0x88F4, 0x0000,
	0x88F6, 0x0000,
	0x88F8, 0x0000,
	0x88FA, 0x0000,
	0x88FC, 0x0000,
	0x88FE, 0x0000,
	0x8900, 0x0000,
	0x8902, 0x0000,
	0x8904, 0x0000,
	0x8906, 0x0000,
	0x8908, 0x0000,
	0x890A, 0x0000,
	0x890C, 0xFFFF,
	0x890E, 0x0040,
	0x8910, 0x2000,
	0x8912, 0xA644,
	0x8914, 0x0100,
	0x8916, 0x03FF,
	0x8918, 0x1064,
	0x891A, 0x1072,
	0x891C, 0x0400,
	0x891E, 0x0600,
	0x8920, 0x102C,
	0x8922, 0x1067,
	0x8924, 0x0601,
	0x8926, 0x0800,
	0x8928, 0x1067,
	0x892A, 0x1075,
	0x892C, 0x0801,
	0x892E, 0x1000,
	0x8930, 0x1075,
	0x8932, 0x107A,
	0x8934, 0x1001,
	0x8936, 0x4000,
	0x8938, 0x107A,
	0x893A, 0x1079,
	0x893C, 0x0000,
	0x893E, 0x0000,
	0x8940, 0x0000,
	0x8942, 0x0000,
	0x8944, 0x0000,
	0x8946, 0x0000,
	0x8948, 0x0000,
	0x894A, 0x0000,
	0x894C, 0x0000,
	0x894E, 0x0000,
	0x8950, 0x0000,
	0x8952, 0x0000,
	0x8954, 0xFFFF,
	0x8956, 0x0040,
	0x8958, 0x2000,
	0x895A, 0xA694,
	0x895C, 0x0100,
	0x895E, 0x03FF,
	0x8960, 0x1061,
	0x8962, 0x106C,
	0x8964, 0x0400,
	0x8966, 0x0600,
	0x8968, 0x1028,
	0x896A, 0x1061,
	0x896C, 0x0601,
	0x896E, 0x0800,
	0x8970, 0x1061,
	0x8972, 0x106E,
	0x8974, 0x0801,
	0x8976, 0x1000,
	0x8978, 0x106E,
	0x897A, 0x107A,
	0x897C, 0x1001,
	0x897E, 0x4000,
	0x8980, 0x107A,
	0x8982, 0x1072,
	0x8984, 0x0000,
	0x8986, 0x0000,
	0x8988, 0x0000,
	0x898A, 0x0000,
	0x898C, 0x0000,
	0x898E, 0x0000,
	0x8990, 0x0000,
	0x8992, 0x0000,
	0x8994, 0x0000,
	0x8996, 0x0000,
	0x8998, 0x0000,
	0x899A, 0x0000,
	0x899C, 0xFFFF,
	0x899E, 0x0040,
	0x89A0, 0x2000,
	0x89A2, 0xA6E4,
	0x89A4, 0x0100,
	0x89A6, 0x03FF,
	0x89A8, 0x104D,
	0x89AA, 0x105D,
	0x89AC, 0x0400,
	0x89AE, 0x0600,
	0x89B0, 0x101C,
	0x89B2, 0x1058,
	0x89B4, 0x0601,
	0x89B6, 0x0800,
	0x89B8, 0x1058,
	0x89BA, 0x1065,
	0x89BC, 0x0801,
	0x89BE, 0x1000,
	0x89C0, 0x1065,
	0x89C2, 0x106C,
	0x89C4, 0x1001,
	0x89C6, 0x4000,
	0x89C8, 0x106C,
	0x89CA, 0x1042,
	0x89CC, 0x0000,
	0x89CE, 0x0000,
	0x89D0, 0x0000,
	0x89D2, 0x0000,
	0x89D4, 0x0000,
	0x89D6, 0x0000,
	0x89D8, 0x0000,
	0x89DA, 0x0000,
	0x89DC, 0x0000,
	0x89DE, 0x0000,
	0x89E0, 0x0000,
	0x89E2, 0x0000,
	0x89E4, 0xFFFF,
	0x89E6, 0x0140,
	0x89E8, 0x2000,
	0x89EA, 0xA734,
	0x89EC, 0x0100,
	0x89EE, 0x0200,
	0x89F0, 0x1031,
	0x89F2, 0x1031,
	0x89F4, 0x0201,
	0x89F6, 0x0300,
	0x89F8, 0x1031,
	0x89FA, 0x1037,
	0x89FC, 0x0301,
	0x89FE, 0x0400,
	0x8A00, 0x1037,
	0x8A02, 0x1031,
	0x8A04, 0x0401,
	0x8A06, 0x0600,
	0x8A08, 0x1031,
	0x8A0A, 0x1053,
	0x8A0C, 0x0601,
	0x8A0E, 0x0800,
	0x8A10, 0x1053,
	0x8A12, 0x1050,
	0x8A14, 0x0800,
	0x8A16, 0x1F00,
	0x8A18, 0x1050,
	0x8A1A, 0x1047,
	0x8A1C, 0x1F01,
	0x8A1E, 0x2000,
	0x8A20, 0x1047,
	0x8A22, 0x1036,
	0x8A24, 0x2001,
	0x8A26, 0x3B00,
	0x8A28, 0x1036,
	0x8A2A, 0x1039,
	0x8A2C, 0x3B01,
	0x8A2E, 0x4000,
	0x8A30, 0x1039,
	0x8A32, 0x102C,
	0x8A34, 0x0000,
	0x8A36, 0x0000,
	0x8A38, 0x0000,
	0x8A3A, 0x0000,
	0x8A3C, 0x0100,
	0x8A3E, 0x0200,
	0x8A40, 0x1055,
	0x8A42, 0x1055,
	0x8A44, 0x0201,
	0x8A46, 0x0300,
	0x8A48, 0x1055,
	0x8A4A, 0x105B,
	0x8A4C, 0x0301,
	0x8A4E, 0x0400,
	0x8A50, 0x105B,
	0x8A52, 0x1049,
	0x8A54, 0x0401,
	0x8A56, 0x0600,
	0x8A58, 0x1049,
	0x8A5A, 0x1071,
	0x8A5C, 0x0601,
	0x8A5E, 0x0800,
	0x8A60, 0x1071,
	0x8A62, 0x106A,
	0x8A64, 0x0800,
	0x8A66, 0x1F00,
	0x8A68, 0x106A,
	0x8A6A, 0x107A,
	0x8A6C, 0x1F01,
	0x8A6E, 0x2000,
	0x8A70, 0x107A,
	0x8A72, 0x106C,
	0x8A74, 0x2001,
	0x8A76, 0x3B00,
	0x8A78, 0x106C,
	0x8A7A, 0x1072,
	0x8A7C, 0x3B01,
	0x8A7E, 0x4000,
	0x8A80, 0x1072,
	0x8A82, 0x1062,
	0x8A84, 0x0000,
	0x8A86, 0x0000,
	0x8A88, 0x0000,
	0x8A8A, 0x0000,
	0x8A8C, 0x0100,
	0x8A8E, 0x0200,
	0x8A90, 0x1050,
	0x8A92, 0x1050,
	0x8A94, 0x0201,
	0x8A96, 0x0300,
	0x8A98, 0x1050,
	0x8A9A, 0x1057,
	0x8A9C, 0x0301,
	0x8A9E, 0x0400,
	0x8AA0, 0x1057,
	0x8AA2, 0x1048,
	0x8AA4, 0x0401,
	0x8AA6, 0x0600,
	0x8AA8, 0x1048,
	0x8AAA, 0x1070,
	0x8AAC, 0x0601,
	0x8AAE, 0x0800,
	0x8AB0, 0x1070,
	0x8AB2, 0x106A,
	0x8AB4, 0x0800,
	0x8AB6, 0x1F00,
	0x8AB8, 0x106A,
	0x8ABA, 0x107A,
	0x8ABC, 0x1F01,
	0x8ABE, 0x2000,
	0x8AC0, 0x107A,
	0x8AC2, 0x106B,
	0x8AC4, 0x2001,
	0x8AC6, 0x3B00,
	0x8AC8, 0x106B,
	0x8ACA, 0x1070,
	0x8ACC, 0x3B01,
	0x8ACE, 0x4000,
	0x8AD0, 0x1070,
	0x8AD2, 0x1063,
	0x8AD4, 0x0000,
	0x8AD6, 0x0000,
	0x8AD8, 0x0000,
	0x8ADA, 0x0000,
	0x8ADC, 0x0100,
	0x8ADE, 0x0200,
	0x8AE0, 0x1036,
	0x8AE2, 0x1036,
	0x8AE4, 0x0201,
	0x8AE6, 0x0300,
	0x8AE8, 0x1036,
	0x8AEA, 0x103D,
	0x8AEC, 0x0301,
	0x8AEE, 0x0400,
	0x8AF0, 0x103D,
	0x8AF2, 0x1037,
	0x8AF4, 0x0401,
	0x8AF6, 0x0600,
	0x8AF8, 0x1037,
	0x8AFA, 0x1056,
	0x8AFC, 0x0601,
	0x8AFE, 0x0800,
	0x8B00, 0x1056,
	0x8B02, 0x1054,
	0x8B04, 0x0800,
	0x8B06, 0x1F00,
	0x8B08, 0x1054,
	0x8B0A, 0x104A,
	0x8B0C, 0x1F01,
	0x8B0E, 0x2000,
	0x8B10, 0x104A,
	0x8B12, 0x1038,
	0x8B14, 0x2001,
	0x8B16, 0x3B00,
	0x8B18, 0x1038,
	0x8B1A, 0x103D,
	0x8B1C, 0x3B01,
	0x8B1E, 0x4000,
	0x8B20, 0x103D,
	0x8B22, 0x102F,
	0x8B24, 0x0000,
	0x8B26, 0x0000,
	0x8B28, 0x0000,
	0x8B2A, 0x0000,
	0x8B2C, 0xFFFF,
	0x8B2E, 0x000E,
	0x8B30, 0x2000,
	0x8B32, 0xAB90,
	0x8B34, 0x0000,
	0x8B36, 0x0000,
	0x8B38, 0x0000,
	0x8B3A, 0x0000,
	0x8B3C, 0x0000,
	0x8B3E, 0x0000,
	0x8B40, 0x0000,
	0x8B42, 0xFFFF,
	0x8B44, 0x0008,
	0x8B46, 0x2000,
	0x8B48, 0xB270,
	0x8B4A, 0x049D,
	0x8B4C, 0x049D,
	0x8B4E, 0x049D,
	0x8B50, 0x049D,
	0x8B52, 0xFFFF,
	0x8B54, 0x0010,
	0x8B56, 0x4000,
	0x8B58, 0x0344,
	0x8B5A, 0x0000,
	0x8B5C, 0x0000,
	0x8B5E, 0x2EF7,
	0x8B60, 0x236F,
	0x8B62, 0x0FA0,
	0x8B64, 0x0BB8,
	0x8B66, 0x0004,
	0x8B68, 0x000C,
	0x8B6A, 0xFFFF,
	0x8B6C, 0x0008,
	0x8B6E, 0x4000,
	0x8B70, 0x0380,
	0x8B72, 0x0003,
	0x8B74, 0x0003,
	0x8B76, 0x0003,
	0x8B78, 0x0003,
	0x8B7A, 0xFFFF,
	0x8B7C, 0x0012,
	0x8B7E, 0x4000,
	0x8B80, 0x0D00,
	0x8B82, 0x0100,
	0x8B84, 0x0101,
	0x8B86, 0x0100,
	0x8B88, 0x07D0,
	0x8B8A, 0x05DC,
	0x8B8C, 0x0000,
	0x8B8E, 0x0002,
	0x8B90, 0x0002,
	0x8B92, 0x1400,
	0x8B94, 0x0000,
	0x8B96, 0x0000,
	0x8B98, 0xFFFE,
	0x8B9A, 0x2000,
	0x8B9C, 0xFFFD,
	0x8B9E, 0x1A5A,
	0x8BA0, 0x0016,
	0x8BA2, 0x1A5E,
	0x8BA4, 0x0015,
	0x8BA6, 0x1A62,
	0x8BA8, 0x0016,
	0x8BAA, 0x1A80,
	0x8BAC, 0x0000,
	0x8BAE, 0x1B7A,
	0x8BB0, 0x0002,
	0x8BB2, 0x1B8A,
	0x8BB4, 0x0003,
	0x8BB6, 0x246C,
	0x8BB8, 0x0000,
	0x8BBA, 0x2470,
	0x8BBC, 0x006C,
	0x8BBE, 0x2472,
	0x8BC0, 0x007C,
	0x8BC2, 0x2474,
	0x8BC4, 0x008C,
	0x8BC6, 0x2CF0,
	0x8BC8, 0x0000,
	0x8BCA, 0x2D94,
	0x8BCC, 0x0000,
	0x8BCE, 0x2ED8,
	0x8BD0, 0x001A,
	0x8BD2, 0x2EE0,
	0x8BD4, 0x001A,
	0x8BD6, 0x329E,
	0x8BD8, 0x30C3,
	0x8BDA, 0x32E0,
	0x8BDC, 0x30C3,
	0x8BDE, 0x32EC,
	0x8BE0, 0x30C3,
	0x8BE2, 0x3446,
	0x8BE4, 0x0019,
	0x8BE6, 0x3460,
	0x8BE8, 0x0023,
	0x8BEA, 0x347A,
	0x8BEC, 0x0006,
	0x8BEE, 0x3494,
	0x8BF0, 0x005B,
	0x8BF2, 0x34C8,
	0x8BF4, 0x005B,
	0x8BF6, 0x354A,
	0x8BF8, 0x001E,
	0x8BFA, 0x3564,
	0x8BFC, 0x0011,
	0x8BFE, 0x357E,
	0x8C00, 0x05A3,
	0x8C02, 0x3598,
	0x8C04, 0x0011,
	0x8C06, 0x35B2,
	0x8C08, 0x001E,
	0x8C0A, 0x35E6,
	0x8C0C, 0x05A6,
	0x8C0E, 0x3600,
	0x8C10, 0x0014,
	0x8C12, 0x361A,
	0x8C14, 0x000A,
	0x8C16, 0x364E,
	0x8C18, 0x000A,
	0x8C1A, 0x36B6,
	0x8C1C, 0x0019,
	0x8C1E, 0x36D0,
	0x8C20, 0x0023,
	0x8C22, 0x3704,
	0x8C24, 0x0073,
	0x8C26, 0x371E,
	0x8C28, 0x0006,
	0x8C2A, 0x3738,
	0x8C2C, 0x0073,
	0x8C2E, 0x3786,
	0x8C30, 0x0220,
	0x8C32, 0x37A0,
	0x8C34, 0x0023,
	0x8C36, 0x37BA,
	0x8C38, 0x0220,
	0x8C3A, 0x37D4,
	0x8C3C, 0x001C,
	0x8C3E, 0x37EE,
	0x8C40, 0x001E,
	0x8C42, 0x3808,
	0x8C44, 0x001C,
	0x8C46, 0x3822,
	0x8C48, 0x001E,
	0x8C4A, 0x383C,
	0x8C4C, 0x001C,
	0x8C4E, 0x3856,
	0x8C50, 0x0220,
	0x8C52, 0x3870,
	0x8C54, 0x001C,
	0x8C56, 0x388A,
	0x8C58, 0x0220,
	0x8C5A, 0x38A4,
	0x8C5C, 0x001C,
	0x8C5E, 0x3BFE,
	0x8C60, 0x0078,
	0x8C62, 0x3C18,
	0x8C64, 0x0078,
	0x8C66, 0x3C32,
	0x8C68, 0x006E,
	0x8C6A, 0x3C4C,
	0x8C6C, 0x006E,
	0x8C6E, 0x3CCE,
	0x8C70, 0x001E,
	0x8C72, 0x3CE8,
	0x8C74, 0x0011,
	0x8C76, 0x42B2,
	0x8C78, 0x0010,
	0x8C7A, 0x42CC,
	0x8C7C, 0x0016,
	0x8C7E, 0x5BAE,
	0x8C80, 0x0068,
	0x8C82, 0x5BE2,
	0x8C84, 0x0096,
	0x8C86, 0x5C16,
	0x8C88, 0x0096,
	0x8C8A, 0x7728,
	0x8C8C, 0x0000,
	0x8C8E, 0x7D6C,
	0x8C90, 0x0720,
	0x8C92, 0x7D6E,
	0x8C94, 0x057F,
	0x8C96, 0x7D76,
	0x8C98, 0x0825,
	0x8C9A, 0x7D7A,
	0x8C9C, 0x086C,
	0x8C9E, 0x7DBA,
	0x8CA0, 0x0021,
	0x8CA2, 0x7F46,
	0x8CA4, 0x0530,
	0x8CA6, 0x7FEE,
	0x8CA8, 0x3000,
	0x8CAA, 0x800A,
	0x8CAC, 0x971C,
	0x8CAE, 0x800E,
	0x8CB0, 0x7F94,
	0x8CB2, 0x8010,
	0x8CB4, 0x7FB5,
	0x8CB6, 0x8014,
	0x8CB8, 0x7FB4,
	0x8CBA, 0x8018,
	0x8CBC, 0xFFE4,
	0x8CBE, 0x8066,
	0x8CC0, 0x0000,
	0x8CC2, 0x8080,
	0x8CC4, 0xF1C7,
	0x8CC6, 0x8082,
	0x8CC8, 0xF1C1,
	0x8CCA, 0x808E,
	0x8CCC, 0x00FF,
	0x8CCE, 0x8090,
	0x8CD0, 0x00FF,
	0x8CD2, 0x80AA,
	0x8CD4, 0x0000,
	0x8CD6, 0x80AC,
	0x8CD8, 0x0000,
	0x8CDA, 0x80B2,
	0x8CDC, 0x0000,
	0x8CDE, 0x80B4,
	0x8CE0, 0x0000,
	0x8CE2, 0x80C2,
	0x8CE4, 0x00D9,
	0x8CE6, 0x80C4,
	0x8CE8, 0x00D9,
	0x8CEA, 0x80DA,
	0x8CEC, 0x3EA0,
	0x8CEE, 0x818C,
	0x8CF0, 0x996A,
	0x8CF2, 0x8196,
	0x8CF4, 0x1000,
	0x8CF6, 0x81A0,
	0x8CF8, 0x2080,
	0x8CFA, 0x81A6,
	0x8CFC, 0x0200,
	0x8CFE, 0x822E,
	0x8D00, 0x0000,
	0x8D02, 0x8234,
	0x8D04, 0x0009,
	0x8D06, 0x8236,
	0x8D08, 0x0009,
	0x8D0A, 0x823C,
	0x8D0C, 0x000C,
	0x8D0E, 0x8252,
	0x8D10, 0x0011,
	0x8D12, 0x8254,
	0x8D14, 0x0011,
	0x8D16, 0x8276,
	0x8D18, 0x0000,
	0x8D1A, 0x8280,
	0x8D1C, 0x0100,
	0x8D1E, 0x82A6,
	0x8D20, 0x0100,
	0x8D22, 0x8368,
	0x8D24, 0x800F,
	0x8D26, 0x8382,
	0x8D28, 0x800F,
	0x8D2A, 0x839C,
	0x8D2C, 0x0001,
	0x8D2E, 0x83B4,
	0x8D30, 0x0108,
	0x8D32, 0x83B6,
	0x8D34, 0x010D,
	0x8D36, 0x83B8,
	0x8D38, 0x0111,
	0x8D3A, 0x83CA,
	0x8D3C, 0x0108,
	0x8D3E, 0x83CC,
	0x8D40, 0x010D,
	0x8D42, 0x83CE,
	0x8D44, 0x0111,
	0x8D46, 0x83D2,
	0x8D48, 0x0000,
	0x8D4A, 0x840E,
	0x8D4C, 0x0008,
	0x8D4E, 0x8410,
	0x8D50, 0x0008,
	0x8D52, 0x8414,
	0x8D54, 0x002C,
	0x8D56, 0x8418,
	0x8D58, 0x0010,
	0x8D5A, 0x841A,
	0x8D5C, 0x0004,
	0x8D5E, 0x8442,
	0x8D60, 0x0008,
	0x8D62, 0x8444,
	0x8D64, 0x0008,
	0x8D66, 0x8448,
	0x8D68, 0x002C,
	0x8D6A, 0x844C,
	0x8D6C, 0x0010,
	0x8D6E, 0x844E,
	0x8D70, 0x0004,
	0x8D72, 0x8468,
	0x8D74, 0xFFFF,
	0x8D76, 0x849C,
	0x8D78, 0xFFFF,
	0x8D7A, 0x84CE,
	0x8D7C, 0x0001,
	0x8D7E, 0x864A,
	0x8D80, 0x0001,
	0x8D82, 0x88F6,
	0x8D84, 0x0000,
	0x8D86, 0x8CBA,
	0x8D88, 0x0007,
	0x8D8A, 0x8CBC,
	0x8D8C, 0x0009,
	0x8D8E, 0x8CC2,
	0x8D90, 0x0000,
	0x8D92, 0x8CD4,
	0x8D94, 0x0007,
	0x8D96, 0x8CD6,
	0x8D98, 0x0009,
	0x8D9A, 0x8D26,
	0x8D9C, 0x0006,
	0x8D9E, 0x8D28,
	0x8DA0, 0x0006,
	0x8DA2, 0x92F8,
	0x8DA4, 0x0001,
	0x8DA6, 0x9360,
	0x8DA8, 0x0001,
	0x8DAA, 0x9364,
	0x8DAC, 0x0018,
	0x8DAE, 0x939A,
	0x8DB0, 0x0000,
	0x8DB2, 0x939C,
	0x8DB4, 0x0000,
	0x8DB6, 0x93BC,
	0x8DB8, 0xFFFF,
	0x8DBA, 0x93E0,
	0x8DBC, 0xFFFF,
	0x8DBE, 0x9402,
	0x8DC0, 0x0001,
	0x8DC2, 0xA4C0,
	0x8DC4, 0x0001,
	0x8DC6, 0xA4C2,
	0x8DC8, 0x0000,
	0x8DCA, 0xA4C4,
	0x8DCC, 0x0001,
	0x8DCE, 0xA506,
	0x8DD0, 0x0000,
	0x8DD2, 0xA508,
	0x8DD4, 0x0000,
	0x8DD6, 0xA738,
	0x8DD8, 0x1002,
	0x8DDA, 0xA73A,
	0x8DDC, 0x1002,
	0x8DDE, 0xA740,
	0x8DE0, 0x1002,
	0x8DE2, 0xA742,
	0x8DE4, 0x1001,
	0x8DE6, 0xA748,
	0x8DE8, 0x1001,
	0x8DEA, 0xA74A,
	0x8DEC, 0x0FFC,
	0x8DEE, 0xA788,
	0x8DF0, 0x1032,
	0x8DF2, 0xA78A,
	0x8DF4, 0x1032,
	0x8DF6, 0xA790,
	0x8DF8, 0x1032,
	0x8DFA, 0xA792,
	0x8DFC, 0x1020,
	0x8DFE, 0xA798,
	0x8E00, 0x1020,
	0x8E02, 0xA79A,
	0x8E04, 0x1020,
	0x8E06, 0xA7D8,
	0x8E08, 0x101E,
	0x8E0A, 0xA7DA,
	0x8E0C, 0x101E,
	0x8E0E, 0xA7E0,
	0x8E10, 0x101E,
	0x8E12, 0xA7E2,
	0x8E14, 0x100F,
	0x8E16, 0xA7E8,
	0x8E18, 0x100F,
	0x8E1A, 0xA7EA,
	0x8E1C, 0x100F,
	0x8E1E, 0xA828,
	0x8E20, 0x1002,
	0x8E22, 0xA82A,
	0x8E24, 0x1002,
	0x8E26, 0xA830,
	0x8E28, 0x1002,
	0x8E2A, 0xA832,
	0x8E2C, 0x0FFF,
	0x8E2E, 0xA838,
	0x8E30, 0x0FFF,
	0x8E32, 0xA83A,
	0x8E34, 0x0FF7,
	0x8E36, 0xA8CA,
	0x8E38, 0x0000,
	0x8E3A, 0xA8D0,
	0x8E3C, 0x0000,
	0x8E3E, 0xA8EE,
	0x8E40, 0x0000,
	0x8E42, 0xA8F4,
	0x8E44, 0x0000,
	0x8E46, 0xA914,
	0x8E48, 0x0200,
	0x8E4A, 0xA916,
	0x8E4C, 0x0400,
	0x8E4E, 0xA918,
	0x8E50, 0x0800,
	0x8E52, 0xA934,
	0x8E54, 0x0000,
	0x8E56, 0xA952,
	0x8E58, 0x0006,
	0x8E5A, 0xAAB8,
	0x8E5C, 0xFFCD,
	0x8E5E, 0xABF2,
	0x8E60, 0x0001,
	0x8E62, 0xACCA,
	0x8E64, 0x0001,
	0x8E66, 0xACE0,
	0x8E68, 0x0001,
	0x8E6A, 0xADFA,
	0x8E6C, 0x0002,
	0x8E6E, 0xAE30,
	0x8E70, 0x0000,
	0x8E72, 0xB1D0,
	0x8E74, 0x0000,
	0x8E76, 0xB266,
	0x8E78, 0x0001,
	0x8E7A, 0xB28C,
	0x8E7C, 0x0003,
	0x8E7E, 0xDA88,
	0x8E80, 0x0005,
	0x8E82, 0xDAC4,
	0x8E84, 0x0001,
	0x8E86, 0xDAC6,
	0x8E88, 0x0001,
	0x8E8A, 0xDAD0,
	0x8E8C, 0x0001,
	0x8E8E, 0xDB1A,
	0x8E90, 0x0020,
	0x8E92, 0xDBF2,
	0x8E94, 0x0000,
	0x8E96, 0xDED2,
	0x8E98, 0x0218,
	0x8E9A, 0xDED6,
	0x8E9C, 0x0000,
	0x8E9E, 0xDED8,
	0x8EA0, 0x0000,
	0x8EA2, 0xEDC0,
	0x8EA4, 0x0001,
	0x8EA6, 0xEF7C,
	0x8EA8, 0x000D,
	0x8EAA, 0xEF82,
	0x8EAC, 0x0009,
	0x8EAE, 0xFFFE,
	0x8EB0, 0x2001,
	0x8EB2, 0xFFFD,
	0x8EB4, 0x01B2,
	0x8EB6, 0x0001,
	0x8EB8, 0x01B4,
	0x8EBA, 0x0001,
	0x8EBC, 0x01B6,
	0x8EBE, 0x0001,
	0x8EC0, 0xD3D2,
	0x8EC2, 0x0001,
	0x8EC4, 0xFFFE,
	0x8EC6, 0x4000,
	0x8EC8, 0xFFFD,
	0x8ECA, 0x0350,
	0x8ECC, 0x0010,
	0x8ECE, 0x0352,
	0x8ED0, 0x0024,
	0x8ED2, 0x0900,
	0x8ED4, 0x0011,
	0x8ED6, 0x0B02,
	0x8ED8, 0x0100,
	0x8EDA, 0x0B04,
	0x8EDC, 0x0011,
	0x8EDE, 0x0B08,
	0x8EE0, 0x0001,
	0x8EE2, 0x0D00,
	0x8EE4, 0x0101,
	0x8EE6, 0x0000,
	0x8EE8, 0xFFFF,
	0x8EEA, 0x000A,
	0x8EEC, 0x2000,
	0x8EEE, 0x8040,
	0x8EF0, 0x0198,
	0x8EF2, 0x00E8,
	0x8EF4, 0x0088,
	0x8EF6, 0x0068,
	0x8EF8, 0xC700,
	0x8EFA, 0xFFFF,
	0x8EFC, 0x0008,
	0x8EFE, 0x2000,
	0x8F00, 0x8342,
	0x8F02, 0x0005,
	0x8F04, 0x0006,
	0x8F06, 0x000E,
	0x8F08, 0x000C,
	0x8F0A, 0xFFFF,
	0x8F0C, 0x000A,
	0x8F0E, 0x2000,
	0x8F10, 0x83A8,
	0x8F12, 0x0020,
	0x8F14, 0x0040,
	0x8F16, 0x0080,
	0x8F18, 0x0100,
	0x8F1A, 0x0100,
	0x8F1C, 0xFFFF,
	0x8F1E, 0x000A,
	0x8F20, 0x2000,
	0x8F22, 0x83BE,
	0x8F24, 0x0020,
	0x8F26, 0x0040,
	0x8F28, 0x0080,
	0x8F2A, 0x0100,
	0x8F2C, 0x0100,
	0x8F2E, 0xFFFF,
	0x8F30, 0x0014,
	0x8F32, 0x2000,
	0x8F34, 0x83D6,
	0x8F36, 0xFFFF,
	0x8F38, 0x0080,
	0x8F3A, 0x0100,
	0x8F3C, 0x0180,
	0x8F3E, 0x0000,
	0x8F40, 0x001D,
	0x8F42, 0x001D,
	0x8F44, 0x001D,
	0x8F46, 0x0019,
	0x8F48, 0x0000,
	0x8F4A, 0xFFFF,
	0x8F4C, 0x0012,
	0x8F4E, 0x2000,
	0x8F50, 0x83EC,
	0x8F52, 0xFFFF,
	0x8F54, 0x0080,
	0x8F56, 0x0100,
	0x8F58, 0x0180,
	0x8F5A, 0x0000,
	0x8F5C, 0x001D,
	0x8F5E, 0x001D,
	0x8F60, 0x001D,
	0x8F62, 0x0019,
	0x8F64, 0xFFFF,
	0x8F66, 0x000A,
	0x8F68, 0x2000,
	0x8F6A, 0x8400,
	0x8F6C, 0xFFFF,
	0x8F6E, 0x0080,
	0x8F70, 0x0100,
	0x8F72, 0x0180,
	0x8F74, 0x0000,
	0x8F76, 0xFFFF,
	0x8F78, 0x0008,
	0x8F7A, 0x2000,
	0x8F7C, 0x8428,
	0x8F7E, 0x002C,
	0x8F80, 0x0018,
	0x8F82, 0x0010,
	0x8F84, 0x0004,
	0x8F86, 0xFFFF,
	0x8F88, 0x000A,
	0x8F8A, 0x2000,
	0x8F8C, 0x8434,
	0x8F8E, 0xFFFF,
	0x8F90, 0x0080,
	0x8F92, 0x0100,
	0x8F94, 0x0180,
	0x8F96, 0x0000,
	0x8F98, 0xFFFF,
	0x8F9A, 0x0008,
	0x8F9C, 0x2000,
	0x8F9E, 0x845C,
	0x8FA0, 0x002C,
	0x8FA2, 0x0018,
	0x8FA4, 0x0010,
	0x8FA6, 0x0004,
	0x8FA8, 0xFFFF,
	0x8FAA, 0x000A,
	0x8FAC, 0x2000,
	0x8FAE, 0x8CAE,
	0x8FB0, 0x0000,
	0x8FB2, 0x0080,
	0x8FB4, 0x0100,
	0x8FB6, 0x0400,
	0x8FB8, 0x0001,
	0x8FBA, 0xFFFF,
	0x8FBC, 0x000A,
	0x8FBE, 0x2000,
	0x8FC0, 0x8CC8,
	0x8FC2, 0x0000,
	0x8FC4, 0x0080,
	0x8FC6, 0x0100,
	0x8FC8, 0x0400,
	0x8FCA, 0x0001,
	0x8FCC, 0xFFFF,
	0x8FCE, 0x0010,
	0x8FD0, 0x2000,
	0x8FD2, 0x8F94,
	0x8FD4, 0x0002,
	0x8FD6, 0x0002,
	0x8FD8, 0x0002,
	0x8FDA, 0x0002,
	0x8FDC, 0x0002,
	0x8FDE, 0x0002,
	0x8FE0, 0x0002,
	0x8FE2, 0x0002,
	0x8FE4, 0xFFFF,
	0x8FE6, 0x0010,
	0x8FE8, 0x2000,
	0x8FEA, 0x9584,
	0x8FEC, 0x0002,
	0x8FEE, 0x0002,
	0x8FF0, 0x0002,
	0x8FF2, 0x0002,
	0x8FF4, 0x0002,
	0x8FF6, 0x0002,
	0x8FF8, 0x0002,
	0x8FFA, 0x0002,
	0x8FFC, 0xFFFF,
	0x8FFE, 0x003E,
	0x9000, 0x2000,
	0x9002, 0xA5F6,
	0x9004, 0x0200,
	0x9006, 0x1019,
	0x9008, 0x1019,
	0x900A, 0x0201,
	0x900C, 0x0400,
	0x900E, 0x1019,
	0x9010, 0x1010,
	0x9012, 0x0401,
	0x9014, 0x0600,
	0x9016, 0x1010,
	0x9018, 0x0FFE,
	0x901A, 0x0601,
	0x901C, 0x0800,
	0x901E, 0x0FFE,
	0x9020, 0x0FF2,
	0x9022, 0x0801,
	0x9024, 0x0A00,
	0x9026, 0x0FF2,
	0x9028, 0x0FEB,
	0x902A, 0x0A01,
	0x902C, 0x0C00,
	0x902E, 0x0FEB,
	0x9030, 0x0FE3,
	0x9032, 0x0C01,
	0x9034, 0x0E00,
	0x9036, 0x0FE3,
	0x9038, 0x0FD6,
	0x903A, 0x0E01,
	0x903C, 0x1000,
	0x903E, 0x0FD6,
	0x9040, 0x0FCF,
	0x9042, 0xFFFF,
	0x9044, 0x003E,
	0x9046, 0x2000,
	0x9048, 0xA646,
	0x904A, 0x0200,
	0x904C, 0x101C,
	0x904E, 0x101C,
	0x9050, 0x0201,
	0x9052, 0x0400,
	0x9054, 0x101C,
	0x9056, 0x1023,
	0x9058, 0x0401,
	0x905A, 0x0600,
	0x905C, 0x1023,
	0x905E, 0x1031,
	0x9060, 0x0601,
	0x9062, 0x0800,
	0x9064, 0x1031,
	0x9066, 0x1031,
	0x9068, 0x0801,
	0x906A, 0x0A00,
	0x906C, 0x1031,
	0x906E, 0x103D,
	0x9070, 0x0A01,
	0x9072, 0x0C00,
	0x9074, 0x103D,
	0x9076, 0x1042,
	0x9078, 0x0C01,
	0x907A, 0x0E00,
	0x907C, 0x1042,
	0x907E, 0x103B,
	0x9080, 0x0E01,
	0x9082, 0x1000,
	0x9084, 0x103B,
	0x9086, 0x1038,
	0x9088, 0xFFFF,
	0x908A, 0x003E,
	0x908C, 0x2000,
	0x908E, 0xA696,
	0x9090, 0x0200,
	0x9092, 0x1018,
	0x9094, 0x1018,
	0x9096, 0x0201,
	0x9098, 0x0400,
	0x909A, 0x1018,
	0x909C, 0x1021,
	0x909E, 0x0401,
	0x90A0, 0x0600,
	0x90A2, 0x1021,
	0x90A4, 0x102D,
	0x90A6, 0x0601,
	0x90A8, 0x0800,
	0x90AA, 0x102D,
	0x90AC, 0x102D,
	0x90AE, 0x0801,
	0x90B0, 0x0A00,
	0x90B2, 0x102D,
	0x90B4, 0x1035,
	0x90B6, 0x0A01,
	0x90B8, 0x0C00,
	0x90BA, 0x1035,
	0x90BC, 0x103E,
	0x90BE, 0x0C01,
	0x90C0, 0x0E00,
	0x90C2, 0x103E,
	0x90C4, 0x1037,
	0x90C6, 0x0E01,
	0x90C8, 0x1000,
	0x90CA, 0x1037,
	0x90CC, 0x1036,
	0x90CE, 0xFFFF,
	0x90D0, 0x003E,
	0x90D2, 0x2000,
	0x90D4, 0xA6E6,
	0x90D6, 0x0200,
	0x90D8, 0x1017,
	0x90DA, 0x1017,
	0x90DC, 0x0201,
	0x90DE, 0x0400,
	0x90E0, 0x1017,
	0x90E2, 0x100F,
	0x90E4, 0x0401,
	0x90E6, 0x0600,
	0x90E8, 0x100F,
	0x90EA, 0x0FF4,
	0x90EC, 0x0601,
	0x90EE, 0x0800,
	0x90F0, 0x0FF4,
	0x90F2, 0x0FE6,
	0x90F4, 0x0801,
	0x90F6, 0x0A00,
	0x90F8, 0x0FE6,
	0x90FA, 0x0FE3,
	0x90FC, 0x0A01,
	0x90FE, 0x0C00,
	0x9100, 0x0FE3,
	0x9102, 0x0FDC,
	0x9104, 0x0C01,
	0x9106, 0x0E00,
	0x9108, 0x0FDC,
	0x910A, 0x0FD1,
	0x910C, 0x0E01,
	0x910E, 0x1000,
	0x9110, 0x0FD1,
	0x9112, 0x0FC9,
	0x9114, 0xFFFF,
	0x9116, 0x0036,
	0x9118, 0x2000,
	0x911A, 0xA74E,
	0x911C, 0x0500,
	0x911E, 0x0FFC,
	0x9120, 0x0FF1,
	0x9122, 0x0501,
	0x9124, 0x0700,
	0x9126, 0x0FF1,
	0x9128, 0x0FF7,
	0x912A, 0x0701,
	0x912C, 0x0900,
	0x912E, 0x0FF7,
	0x9130, 0x0FF1,
	0x9132, 0x0901,
	0x9134, 0x0A00,
	0x9136, 0x0FF1,
	0x9138, 0x0FF2,
	0x913A, 0x0A01,
	0x913C, 0x0C00,
	0x913E, 0x0FF2,
	0x9140, 0x0FEA,
	0x9142, 0x0C01,
	0x9144, 0x0D00,
	0x9146, 0x0FEA,
	0x9148, 0x0FEB,
	0x914A, 0x0D01,
	0x914C, 0x1000,
	0x914E, 0x0FEB,
	0x9150, 0x0FDC,
	0x9152, 0xFFFF,
	0x9154, 0x0036,
	0x9156, 0x2000,
	0x9158, 0xA79E,
	0x915A, 0x0500,
	0x915C, 0x1020,
	0x915E, 0x102E,
	0x9160, 0x0501,
	0x9162, 0x0700,
	0x9164, 0x102E,
	0x9166, 0x103D,
	0x9168, 0x0701,
	0x916A, 0x0900,
	0x916C, 0x103D,
	0x916E, 0x1053,
	0x9170, 0x0901,
	0x9172, 0x0A00,
	0x9174, 0x1053,
	0x9176, 0x105B,
	0x9178, 0x0A01,
	0x917A, 0x0C00,
	0x917C, 0x105B,
	0x917E, 0x105F,
	0x9180, 0x0C01,
	0x9182, 0x0D00,
	0x9184, 0x105F,
	0x9186, 0x105E,
	0x9188, 0x0D01,
	0x918A, 0x1000,
	0x918C, 0x105E,
	0x918E, 0x1057,
	0x9190, 0xFFFF,
	0x9192, 0x0036,
	0x9194, 0x2000,
	0x9196, 0xA7EE,
	0x9198, 0x0500,
	0x919A, 0x100F,
	0x919C, 0x101A,
	0x919E, 0x0501,
	0x91A0, 0x0700,
	0x91A2, 0x101A,
	0x91A4, 0x1015,
	0x91A6, 0x0701,
	0x91A8, 0x0900,
	0x91AA, 0x1015,
	0x91AC, 0x1006,
	0x91AE, 0x0901,
	0x91B0, 0x0A00,
	0x91B2, 0x1006,
	0x91B4, 0x100A,
	0x91B6, 0x0A01,
	0x91B8, 0x0C00,
	0x91BA, 0x100A,
	0x91BC, 0x1011,
	0x91BE, 0x0C01,
	0x91C0, 0x0D00,
	0x91C2, 0x1011,
	0x91C4, 0x1012,
	0x91C6, 0x0D01,
	0x91C8, 0x1000,
	0x91CA, 0x1012,
	0x91CC, 0x1012,
	0x91CE, 0xFFFF,
	0x91D0, 0x0036,
	0x91D2, 0x2000,
	0x91D4, 0xA83E,
	0x91D6, 0x0500,
	0x91D8, 0x0FF7,
	0x91DA, 0x0FEB,
	0x91DC, 0x0501,
	0x91DE, 0x0700,
	0x91E0, 0x0FEB,
	0x91E2, 0x0FEF,
	0x91E4, 0x0701,
	0x91E6, 0x0900,
	0x91E8, 0x0FEF,
	0x91EA, 0x0FE9,
	0x91EC, 0x0901,
	0x91EE, 0x0A00,
	0x91F0, 0x0FE9,
	0x91F2, 0x0FEA,
	0x91F4, 0x0A01,
	0x91F6, 0x0C00,
	0x91F8, 0x0FEA,
	0x91FA, 0x0FE2,
	0x91FC, 0x0C01,
	0x91FE, 0x0D00,
	0x9200, 0x0FE2,
	0x9202, 0x0FE3,
	0x9204, 0x0D01,
	0x9206, 0x1000,
	0x9208, 0x0FE3,
	0x920A, 0x0FD4,
	0x920C, 0xFFFF,
	0x920E, 0x000E,
	0x9210, 0x2000,
	0x9212, 0xAB90,
	0x9214, 0x0001,
	0x9216, 0x0001,
	0x9218, 0x0001,
	0x921A, 0x0001,
	0x921C, 0x0001,
	0x921E, 0x0001,
	0x9220, 0x0001,
	0x9222, 0xFFFF,
	0x9224, 0x0008,
	0x9226, 0x2000,
	0x9228, 0xB270,
	0x922A, 0x0400,
	0x922C, 0x0400,
	0x922E, 0x0400,
	0x9230, 0x0400,
	0x9232, 0xFFFF,
	0x9234, 0x0008,
	0x9236, 0x4000,
	0x9238, 0x0344,
	0x923A, 0x0F9C,
	0x923C, 0x0BB8,
	0x923E, 0x1F5B,
	0x9240, 0x17B7,
	0x9242, 0xFFFF,
	0x9244, 0x0008,
	0x9246, 0x4000,
	0x9248, 0x0380,
	0x924A, 0x0001,
	0x924C, 0x0001,
	0x924E, 0x0001,
	0x9250, 0x0001,
	0x9252, 0xFFFF,
	0x9254, 0x000E,
	0x9256, 0x4000,
	0x9258, 0x0D04,
	0x925A, 0x0102,
	0x925C, 0x0538,
	0x925E, 0x03E8,
	0x9260, 0x0100,
	0x9262, 0x0006,
	0x9264, 0x000C,
	0x9266, 0x1100,
	0x9268, 0x0000,
	0x926A, 0x0000,
	0xFCFC, 0x4000,
};
static kal_uint16 s5khm9_preview_setting[] = {
0xFCFC, 0x2000,
0x1A5A, 0x000A,
0x1A5E, 0x000A,
0x1A62, 0x0015,
0x1A78, 0x000D,
0x1A80, 0x0001,
0x1B6A, 0x0004,
0x1B7A, 0x0012,
0x1B8A, 0x0000,
0x246C, 0x0001,
0x2470, 0x0074,
0x2472, 0x00BC,
0x2474, 0x0100,
0x2CF0, 0x0002,
0x2D94, 0x3210,
0x2D9A, 0x000E,
0x2E48, 0x2EF8,
0x2ED8, 0x0003,
0x2EE0, 0x0003,
0x3262, 0x30C3,
0x3264, 0x30C3,
0x3266, 0x30C3,
0x3268, 0x30C3,
0x326A, 0x30C3,
0x326C, 0x30C3,
0x326E, 0x30C3,
0x3270, 0x30C3,
0x3272, 0x30C3,
0x329E, 0x0000,
0x32AC, 0x30C3,
0x32AE, 0x30C3,
0x32B2, 0x30C3,
0x32B4, 0x30C3,
0x32B8, 0x30C3,
0x32BA, 0x30C3,
0x32E0, 0x0000,
0x32EC, 0x0000,
0x32F4, 0x30C3,
0x32F6, 0x30C3,
0x32F8, 0x30C3,
0x32FA, 0x30C3,
0x32FC, 0x30C3,
0x3300, 0x30C3,
0x3302, 0x30C3,
0x333A, 0x30C3,
0x333C, 0x30C3,
0x333E, 0x30C3,
0x3342, 0x30C3,
0x3344, 0x30C3,
0x3346, 0x30C3,
0x3348, 0x30C3,
0x334A, 0x30C3,
0x3384, 0x30C3,
0x3386, 0x30C3,
0x3388, 0x30C3,
0x338A, 0x30C3,
0x338C, 0x30C3,
0x3390, 0x30C3,
0x3392, 0x30C3,
0x33D4, 0x000B,
0x3446, 0x001C,
0x3460, 0x0016,
0x347A, 0x0009,
0x3494, 0x0056,
0x34C8, 0x0040,
0x354A, 0x0022,
0x3564, 0x0014,
0x357E, 0x05A6,
0x3598, 0x000E,
0x35B2, 0x0021,
0x35E6, 0x05A4,
0x3600, 0x000C,
0x361A, 0x0007,
0x364E, 0x0006,
0x3668, 0x0037,
0x36B6, 0x0007,
0x36D0, 0x014C,
0x3704, 0x0081,
0x371E, 0x0007,
0x3738, 0x0057,
0x3786, 0x0221,
0x37A0, 0x02E1,
0x37BA, 0x0713,
0x37D4, 0x000D,
0x37EE, 0x0010,
0x3808, 0x0012,
0x3822, 0x0017,
0x383C, 0x000B,
0x3856, 0x0221,
0x3870, 0x02E1,
0x388A, 0x071A,
0x38A4, 0x0020,
0x3BFE, 0x0077,
0x3C18, 0x0072,
0x3C32, 0x007D,
0x3C4C, 0x005F,
0x3CCE, 0x000E,
0x3CE8, 0x000E,
0x42B2, 0x000F,
0x42CC, 0x0017,
0x5BAE, 0x0087,
0x5BE2, 0x00C8,
0x5C16, 0x009D,
0x7728, 0x885C,
0x7D6C, 0x03E2,
0x7D6E, 0x0550,
0x7D76, 0x0696,
0x7D7A, 0x08BC,
0x7DBA, 0x0321,
0x7DF4, 0x0010,
0x7E68, 0x0004,
0x7F46, 0x0730,
0x7FEE, 0x7001,
0x800A, 0x931C,
0x800E, 0x1F94,
0x8010, 0x1FB5,
0x8014, 0x9FB4,
0x8018, 0xFFFE,
0x8040, 0x1D98,
0x8042, 0x05F8,
0x8044, 0x0598,
0x8046, 0x0178,
0x8048, 0xFF00,
0x8066, 0x0007,
0x8080, 0x71C7,
0x8082, 0x71C1,
0x808E, 0x001C,
0x8090, 0x001C,
0x80AA, 0x00D8,
0x80AC, 0x00D8,
0x80B2, 0x00D8,
0x80B4, 0x00D8,
0x80C2, 0x0000,
0x80C4, 0x0000,
0x80DA, 0x3E00,
0x818C, 0xB960,
0x8196, 0x10F2,
0x81A0, 0x3080,
0x81A6, 0x0FFF,
0x822E, 0x0040,
0x8234, 0x000C,
0x8236, 0x000C,
0x823C, 0x000D,
0x8252, 0x0014,
0x8254, 0x0014,
0x8276, 0x0001,
0x8280, 0x0400,
0x82A6, 0x0400,
0x8342, 0x0000,
0x8344, 0x0001,
0x8346, 0x0001,
0x8348, 0x0001,
0x8368, 0x00EE,
0x8382, 0x035C,
0x839C, 0x0003,
0x83A8, 0xFFFF,
0x83AA, 0x0080,
0x83AC, 0x0100,
0x83AE, 0x0180,
0x83B0, 0x0114,
0x83B4, 0x0100,
0x83B6, 0x0100,
0x83B8, 0x0100,
0x83BE, 0xFFFF,
0x83C0, 0x0080,
0x83C2, 0x0100,
0x83C4, 0x0180,
0x83C6, 0x0114,
0x83CA, 0x0100,
0x83CC, 0x0100,
0x83CE, 0x0100,
0x83D2, 0x0111,
0x83D6, 0x0100,
0x83D8, 0x0180,
0x83DA, 0x0400,
0x83DC, 0x0800,
0x83DE, 0x003F,
0x83E0, 0x003F,
0x83E2, 0x003F,
0x83E4, 0x0037,
0x83E6, 0x0033,
0x83E8, 0x0111,
0x83EC, 0x0100,
0x83EE, 0x0180,
0x83F0, 0x0400,
0x83F2, 0x0800,
0x83F4, 0x003F,
0x83F6, 0x003F,
0x83F8, 0x003F,
0x83FA, 0x0037,
0x83FC, 0x0033,
0x8400, 0x0100,
0x8402, 0x0400,
0x8404, 0xFFFF,
0x8406, 0xFFFF,
0x8408, 0x0011,
0x840A, 0x000B,
0x840C, 0x0008,
0x840E, 0x0005,
0x8410, 0x0005,
0x8412, 0x0005,
0x8414, 0x0038,
0x8416, 0x0018,
0x8418, 0x0004,
0x841A, 0x0000,
0x841C, 0x0000,
0x8428, 0x001E,
0x842A, 0x0000,
0x842C, 0x0000,
0x842E, 0x0000,
0x8434, 0x0100,
0x8436, 0x0400,
0x8438, 0xFFFF,
0x843A, 0xFFFF,
0x843C, 0x0011,
0x843E, 0x000B,
0x8440, 0x0008,
0x8442, 0x0005,
0x8444, 0x0005,
0x8446, 0x0005,
0x8448, 0x0038,
0x844A, 0x0018,
0x844C, 0x0004,
0x844E, 0x0000,
0x8450, 0x0000,
0x845C, 0x001E,
0x845E, 0x0000,
0x8460, 0x0000,
0x8462, 0x0000,
0x8468, 0x0040,
0x849C, 0x0040,
0x84CE, 0x0000,
0x864A, 0x0000,
0x88F0, 0x007A,
0x88F6, 0x0001,
0x8BDA, 0x0006,
0x8CAE, 0x0001,
0x8CB0, 0x0400,
0x8CB2, 0x1800,
0x8CB4, 0x2000,
0x8CB6, 0x0006,
0x8CBA, 0x0004,
0x8CBC, 0x0000,
0x8CC2, 0x0001,
0x8CC8, 0x0001,
0x8CCA, 0x0400,
0x8CCC, 0x1800,
0x8CCE, 0x2000,
0x8CD0, 0x0006,
0x8CD4, 0x0004,
0x8CD6, 0x0000,
0x8D26, 0x0002,
0x8D28, 0x0001,
0x8D68, 0x0FFF,
0x8E94, 0x48DB,
0x8E96, 0x4A53,
0x8E98, 0x37FE,
0x8E9A, 0x3A6E,
0x8E9C, 0x50A3,
0x8E9E, 0x2C00,
0x8EA0, 0x2700,
0x8EA2, 0x2700,
0x8EB4, 0x48DB,
0x8EB6, 0x4A53,
0x8EB8, 0x37FE,
0x8EBA, 0x3A6E,
0x8EBC, 0x50A3,
0x8EBE, 0x2C00,
0x8EC0, 0x2700,
0x8EC2, 0x2700,
0x8ED4, 0x48DB,
0x8ED6, 0x4A53,
0x8ED8, 0x37FE,
0x8EDA, 0x3A6E,
0x8EDC, 0x50A3,
0x8EDE, 0x2C00,
0x8EE0, 0x2700,
0x8EE2, 0x2700,
0x8EF4, 0x48DB,
0x8EF6, 0x4A53,
0x8EF8, 0x37FE,
0x8EFA, 0x3A6E,
0x8EFC, 0x50A3,
0x8EFE, 0x2C00,
0x8F00, 0x2700,
0x8F02, 0x2700,
0x8F14, 0x48DB,
0x8F16, 0x4A53,
0x8F18, 0x37FE,
0x8F1A, 0x3A6E,
0x8F1C, 0x50A3,
0x8F1E, 0x4000,
0x8F20, 0x4C00,
0x8F22, 0x4C00,
0x8F34, 0x48DB,
0x8F36, 0x4A53,
0x8F38, 0x37FE,
0x8F3A, 0x3A6E,
0x8F3C, 0x50A3,
0x8F3E, 0x4000,
0x8F40, 0x4C00,
0x8F42, 0x4C00,
0x8F54, 0x48DB,
0x8F56, 0x4A53,
0x8F58, 0x37FE,
0x8F5A, 0x3A6E,
0x8F5C, 0x50A3,
0x8F5E, 0x4000,
0x8F60, 0x4C00,
0x8F62, 0x4C00,
0x8F74, 0x48DB,
0x8F76, 0x4A53,
0x8F78, 0x37FE,
0x8F7A, 0x3A6E,
0x8F7C, 0x50A3,
0x8F7E, 0x4000,
0x8F80, 0x4C00,
0x8F82, 0x4C00,
0x8F94, 0x0014,
0x8F96, 0x0014,
0x8F98, 0x0014,
0x8F9A, 0x0014,
0x8F9C, 0x0014,
0x8F9E, 0x0014,
0x8FA0, 0x0014,
0x8FA2, 0x0014,
0x92F8, 0x0000,
0x92FC, 0xFFDE,
0x9302, 0x1FF0,
0x9360, 0x0008,
0x9364, 0x0001,
0x939A, 0x0001,
0x939C, 0x0001,
0x93BC, 0x0200,
0x93E0, 0x0200,
0x9402, 0x0000,
0x9484, 0x48DB,
0x9486, 0x4A53,
0x9488, 0x37FE,
0x948A, 0x3A6E,
0x948C, 0x50A3,
0x948E, 0x2C00,
0x9490, 0x2700,
0x9492, 0x2700,
0x9504, 0x48DB,
0x9506, 0x4A53,
0x9508, 0x37FE,
0x950A, 0x3A6E,
0x950C, 0x50A3,
0x950E, 0x4000,
0x9510, 0x4C00,
0x9512, 0x4C00,
0x9584, 0x0014,
0x9586, 0x0014,
0x9588, 0x0014,
0x958A, 0x0014,
0x958C, 0x0014,
0x958E, 0x0014,
0x9590, 0x0014,
0x9592, 0x0014,
0xA4C0, 0x0000,
0xA4C2, 0x0001,
0xA4C4, 0x0000,
0xA506, 0x0001,
0xA508, 0x0002,
0xA5F4, 0x0100,
0xA5F6, 0x03FF,
0xA5F8, 0x1051,
0xA5FA, 0x1060,
0xA5FC, 0x0400,
0xA5FE, 0x0600,
0xA600, 0x101E,
0xA602, 0x105A,
0xA604, 0x0601,
0xA606, 0x0800,
0xA608, 0x105A,
0xA60A, 0x1065,
0xA60C, 0x0801,
0xA60E, 0x1000,
0xA610, 0x1065,
0xA612, 0x106D,
0xA614, 0x1001,
0xA616, 0x4000,
0xA618, 0x106D,
0xA61A, 0x1048,
0xA61C, 0x0000,
0xA61E, 0x0000,
0xA620, 0x0000,
0xA622, 0x0000,
0xA624, 0x0000,
0xA626, 0x0000,
0xA628, 0x0000,
0xA62A, 0x0000,
0xA62C, 0x0000,
0xA62E, 0x0000,
0xA630, 0x0000,
0xA632, 0x0000,
0xA644, 0x0100,
0xA646, 0x03FF,
0xA648, 0x1064,
0xA64A, 0x1072,
0xA64C, 0x0400,
0xA64E, 0x0600,
0xA650, 0x102C,
0xA652, 0x1067,
0xA654, 0x0601,
0xA656, 0x0800,
0xA658, 0x1067,
0xA65A, 0x1075,
0xA65C, 0x0801,
0xA65E, 0x1000,
0xA660, 0x1075,
0xA662, 0x107A,
0xA664, 0x1001,
0xA666, 0x4000,
0xA668, 0x107A,
0xA66A, 0x1079,
0xA66C, 0x0000,
0xA66E, 0x0000,
0xA670, 0x0000,
0xA672, 0x0000,
0xA674, 0x0000,
0xA676, 0x0000,
0xA678, 0x0000,
0xA67A, 0x0000,
0xA67C, 0x0000,
0xA67E, 0x0000,
0xA680, 0x0000,
0xA682, 0x0000,
0xA694, 0x0100,
0xA696, 0x03FF,
0xA698, 0x1061,
0xA69A, 0x106C,
0xA69C, 0x0400,
0xA69E, 0x0600,
0xA6A0, 0x1028,
0xA6A2, 0x1061,
0xA6A4, 0x0601,
0xA6A6, 0x0800,
0xA6A8, 0x1061,
0xA6AA, 0x106E,
0xA6AC, 0x0801,
0xA6AE, 0x1000,
0xA6B0, 0x106E,
0xA6B2, 0x107A,
0xA6B4, 0x1001,
0xA6B6, 0x4000,
0xA6B8, 0x107A,
0xA6BA, 0x1072,
0xA6BC, 0x0000,
0xA6BE, 0x0000,
0xA6C0, 0x0000,
0xA6C2, 0x0000,
0xA6C4, 0x0000,
0xA6C6, 0x0000,
0xA6C8, 0x0000,
0xA6CA, 0x0000,
0xA6CC, 0x0000,
0xA6CE, 0x0000,
0xA6D0, 0x0000,
0xA6D2, 0x0000,
0xA6E4, 0x0100,
0xA6E6, 0x03FF,
0xA6E8, 0x104D,
0xA6EA, 0x105D,
0xA6EC, 0x0400,
0xA6EE, 0x0600,
0xA6F0, 0x101C,
0xA6F2, 0x1058,
0xA6F4, 0x0601,
0xA6F6, 0x0800,
0xA6F8, 0x1058,
0xA6FA, 0x1065,
0xA6FC, 0x0801,
0xA6FE, 0x1000,
0xA700, 0x1065,
0xA702, 0x106C,
0xA704, 0x1001,
0xA706, 0x4000,
0xA708, 0x106C,
0xA70A, 0x1042,
0xA70C, 0x0000,
0xA70E, 0x0000,
0xA710, 0x0000,
0xA712, 0x0000,
0xA714, 0x0000,
0xA716, 0x0000,
0xA718, 0x0000,
0xA71A, 0x0000,
0xA71C, 0x0000,
0xA71E, 0x0000,
0xA720, 0x0000,
0xA722, 0x0000,
0xA734, 0x0100,
0xA736, 0x0200,
0xA738, 0x1031,
0xA73A, 0x1031,
0xA73C, 0x0201,
0xA73E, 0x0300,
0xA740, 0x1031,
0xA742, 0x1037,
0xA744, 0x0301,
0xA746, 0x0400,
0xA748, 0x1037,
0xA74A, 0x1031,
0xA74C, 0x0401,
0xA74E, 0x0600,
0xA750, 0x1031,
0xA752, 0x1053,
0xA754, 0x0601,
0xA756, 0x0800,
0xA758, 0x1053,
0xA75A, 0x1050,
0xA75C, 0x0800,
0xA75E, 0x1F00,
0xA760, 0x1050,
0xA762, 0x1047,
0xA764, 0x1F01,
0xA766, 0x2000,
0xA768, 0x1047,
0xA76A, 0x1036,
0xA76C, 0x2001,
0xA76E, 0x3B00,
0xA770, 0x1036,
0xA772, 0x1039,
0xA774, 0x3B01,
0xA776, 0x4000,
0xA778, 0x1039,
0xA77A, 0x102C,
0xA77C, 0x0000,
0xA77E, 0x0000,
0xA780, 0x0000,
0xA782, 0x0000,
0xA784, 0x0100,
0xA786, 0x0200,
0xA788, 0x1055,
0xA78A, 0x1055,
0xA78C, 0x0201,
0xA78E, 0x0300,
0xA790, 0x1055,
0xA792, 0x105B,
0xA794, 0x0301,
0xA796, 0x0400,
0xA798, 0x105B,
0xA79A, 0x1049,
0xA79C, 0x0401,
0xA79E, 0x0600,
0xA7A0, 0x1049,
0xA7A2, 0x1071,
0xA7A4, 0x0601,
0xA7A6, 0x0800,
0xA7A8, 0x1071,
0xA7AA, 0x106A,
0xA7AC, 0x0800,
0xA7AE, 0x1F00,
0xA7B0, 0x106A,
0xA7B2, 0x107A,
0xA7B4, 0x1F01,
0xA7B6, 0x2000,
0xA7B8, 0x107A,
0xA7BA, 0x106C,
0xA7BC, 0x2001,
0xA7BE, 0x3B00,
0xA7C0, 0x106C,
0xA7C2, 0x1072,
0xA7C4, 0x3B01,
0xA7C6, 0x4000,
0xA7C8, 0x1072,
0xA7CA, 0x1062,
0xA7CC, 0x0000,
0xA7CE, 0x0000,
0xA7D0, 0x0000,
0xA7D2, 0x0000,
0xA7D4, 0x0100,
0xA7D6, 0x0200,
0xA7D8, 0x1050,
0xA7DA, 0x1050,
0xA7DC, 0x0201,
0xA7DE, 0x0300,
0xA7E0, 0x1050,
0xA7E2, 0x1057,
0xA7E4, 0x0301,
0xA7E6, 0x0400,
0xA7E8, 0x1057,
0xA7EA, 0x1048,
0xA7EC, 0x0401,
0xA7EE, 0x0600,
0xA7F0, 0x1048,
0xA7F2, 0x1070,
0xA7F4, 0x0601,
0xA7F6, 0x0800,
0xA7F8, 0x1070,
0xA7FA, 0x106A,
0xA7FC, 0x0800,
0xA7FE, 0x1F00,
0xA800, 0x106A,
0xA802, 0x107A,
0xA804, 0x1F01,
0xA806, 0x2000,
0xA808, 0x107A,
0xA80A, 0x106B,
0xA80C, 0x2001,
0xA80E, 0x3B00,
0xA810, 0x106B,
0xA812, 0x1070,
0xA814, 0x3B01,
0xA816, 0x4000,
0xA818, 0x1070,
0xA81A, 0x1063,
0xA81C, 0x0000,
0xA81E, 0x0000,
0xA820, 0x0000,
0xA822, 0x0000,
0xA824, 0x0100,
0xA826, 0x0200,
0xA828, 0x1036,
0xA82A, 0x1036,
0xA82C, 0x0201,
0xA82E, 0x0300,
0xA830, 0x1036,
0xA832, 0x103D,
0xA834, 0x0301,
0xA836, 0x0400,
0xA838, 0x103D,
0xA83A, 0x1037,
0xA83C, 0x0401,
0xA83E, 0x0600,
0xA840, 0x1037,
0xA842, 0x1056,
0xA844, 0x0601,
0xA846, 0x0800,
0xA848, 0x1056,
0xA84A, 0x1054,
0xA84C, 0x0800,
0xA84E, 0x1F00,
0xA850, 0x1054,
0xA852, 0x104A,
0xA854, 0x1F01,
0xA856, 0x2000,
0xA858, 0x104A,
0xA85A, 0x1038,
0xA85C, 0x2001,
0xA85E, 0x3B00,
0xA860, 0x1038,
0xA862, 0x103D,
0xA864, 0x3B01,
0xA866, 0x4000,
0xA868, 0x103D,
0xA86A, 0x102F,
0xA86C, 0x0000,
0xA86E, 0x0000,
0xA870, 0x0000,
0xA872, 0x0000,
0xA8CA, 0xFFF9,
0xA8D0, 0xFFF9,
0xA8EE, 0xFFF8,
0xA8F4, 0xFFF9,
0xA914, 0x1FFF,
0xA916, 0x2000,
0xA918, 0x4000,
0xA934, 0xFFC0,
0xA952, 0x0004,
0xAAB8, 0x0000,
0xAB90, 0x0000,
0xAB92, 0x0000,
0xAB94, 0x0000,
0xAB96, 0x0000,
0xAB98, 0x0000,
0xAB9A, 0x0000,
0xAB9C, 0x0000,
0xABB0, 0x0080,
0xABF2, 0x0000,
0xACCA, 0x0000,
0xACE0, 0x0000,
0xADFA, 0x0001,
0xAE30, 0x0001,
0xB1D0, 0x0001,
0xB266, 0x0006,
0xB270, 0x049D,
0xB272, 0x049D,
0xB274, 0x049D,
0xB276, 0x049D,
0xB28C, 0x0001,
0xDA82, 0x0001,
0xDA88, 0x0002,
0xDAC4, 0x0000,
0xDAC6, 0x0000,
0xDAD0, 0x0000,
0xDB1A, 0x0010,
0xDBF2, 0x0001,
0xDED2, 0x0090,
0xDED6, 0x0001,
0xDED8, 0x0010,
0xEDC0, 0x0000,
0xEE56, 0x0000,
0xEF7C, 0x0007,
0xEF82, 0x0007,
0xFCFC, 0x2001,
0x01B2, 0x0000,
0x01B4, 0x0000,
0x01B6, 0x0000,
0xD3D2, 0x0000,
0xFCFC, 0x4000,
0x0114, 0x0201,
0x0264, 0x0001,
0x0274, 0x3031,
0x0340, 0x1550,
0x0342, 0x2720,
0x0344, 0x0000,
0x0346, 0x0000,
0x0348, 0x2EF7,
0x034A, 0x236F,
0x034C, 0x0FA0,
0x034E, 0x0BB8,
0x0350, 0x0004,
0x0352, 0x000C,
0x0380, 0x0003,
0x0382, 0x0003,
0x0384, 0x0003,
0x0386, 0x0003,
0x0404, 0x1000,
0x0900, 0x2233,
0x0B02, 0x0200,
0x0B04, 0x0021,
0x0B08, 0x0100,
0x0D00, 0x0100,
0x0D02, 0x0101,
0x0D04, 0x0100,
0x0D06, 0x07D0,
0x0D08, 0x05DC,
0x0D0A, 0x0000,
0x0D0C, 0x0002,
0x0D0E, 0x0002,
0x0D10, 0x1400,
0xFCFC, 0x4000,
};

static kal_uint16 s5khm9_capture_setting[] = {
 //FCM index0	
//2_9sum_12M	
//2_9sum_30fps_1500Msps	
//2_9sum	
//24.00	MHz
//1640 	MHz
//1500 	Msps
//120 	
//12024 	px
//9072 	px
//4000	px
//3000	px
//30 	fps
//Raw10	
//10016 	px
//6016 	px
//5456 	line
//2456 	line
//15.00	ms
//2000 	
//1500 	
//CPHY	
//3	lane
//Gb	First
//Address	Data (Hex)
0xFCFC, 0x2000,
0x1A5A, 0x000A,
0x1A5E, 0x000A,
0x1A62, 0x0015,
0x1A78, 0x000D,
0x1A80, 0x0001,
0x1B6A, 0x0004,
0x1B7A, 0x0012,
0x1B8A, 0x0000,
0x246C, 0x0001,
0x2470, 0x0074,
0x2472, 0x00BC,
0x2474, 0x0100,
0x2CF0, 0x0002,
0x2D94, 0x3210,
0x2D9A, 0x000E,
0x2E48, 0x2EF8,
0x2ED8, 0x0003,
0x2EE0, 0x0003,
0x3262, 0x30C3,
0x3264, 0x30C3,
0x3266, 0x30C3,
0x3268, 0x30C3,
0x326A, 0x30C3,
0x326C, 0x30C3,
0x326E, 0x30C3,
0x3270, 0x30C3,
0x3272, 0x30C3,
0x329E, 0x0000,
0x32AC, 0x30C3,
0x32AE, 0x30C3,
0x32B2, 0x30C3,
0x32B4, 0x30C3,
0x32B8, 0x30C3,
0x32BA, 0x30C3,
0x32E0, 0x0000,
0x32EC, 0x0000,
0x32F4, 0x30C3,
0x32F6, 0x30C3,
0x32F8, 0x30C3,
0x32FA, 0x30C3,
0x32FC, 0x30C3,
0x3300, 0x30C3,
0x3302, 0x30C3,
0x333A, 0x30C3,
0x333C, 0x30C3,
0x333E, 0x30C3,
0x3342, 0x30C3,
0x3344, 0x30C3,
0x3346, 0x30C3,
0x3348, 0x30C3,
0x334A, 0x30C3,
0x3384, 0x30C3,
0x3386, 0x30C3,
0x3388, 0x30C3,
0x338A, 0x30C3,
0x338C, 0x30C3,
0x3390, 0x30C3,
0x3392, 0x30C3,
0x33D4, 0x000B,
0x3446, 0x001C,
0x3460, 0x0016,
0x347A, 0x0009,
0x3494, 0x0056,
0x34C8, 0x0040,
0x354A, 0x0022,
0x3564, 0x0014,
0x357E, 0x05A6,
0x3598, 0x000E,
0x35B2, 0x0021,
0x35E6, 0x05A4,
0x3600, 0x000C,
0x361A, 0x0007,
0x364E, 0x0006,
0x3668, 0x0037,
0x36B6, 0x0007,
0x36D0, 0x014C,
0x3704, 0x0081,
0x371E, 0x0007,
0x3738, 0x0057,
0x3786, 0x0221,
0x37A0, 0x02E1,
0x37BA, 0x0713,
0x37D4, 0x000D,
0x37EE, 0x0010,
0x3808, 0x0012,
0x3822, 0x0017,
0x383C, 0x000B,
0x3856, 0x0221,
0x3870, 0x02E1,
0x388A, 0x071A,
0x38A4, 0x0020,
0x3BFE, 0x0077,
0x3C18, 0x0072,
0x3C32, 0x007D,
0x3C4C, 0x005F,
0x3CCE, 0x000E,
0x3CE8, 0x000E,
0x42B2, 0x000F,
0x42CC, 0x0017,
0x5BAE, 0x0087,
0x5BE2, 0x00C8,
0x5C16, 0x009D,
0x7728, 0x885C,
0x7D6C, 0x03E2,
0x7D6E, 0x0550,
0x7D76, 0x0696,
0x7D7A, 0x08BC,
0x7DBA, 0x0321,
0x7DF4, 0x0010,
0x7E68, 0x0004,
0x7F46, 0x0730,
0x7FEE, 0x7001,
0x800A, 0x931C,
0x800E, 0x1F94,
0x8010, 0x1FB5,
0x8014, 0x9FB4,
0x8018, 0xFFFE,
0x8040, 0x1D98,
0x8042, 0x05F8,
0x8044, 0x0598,
0x8046, 0x0178,
0x8048, 0xFF00,
0x8066, 0x0007,
0x8080, 0x71C7,
0x8082, 0x71C1,
0x808E, 0x001C,
0x8090, 0x001C,
0x80AA, 0x00D8,
0x80AC, 0x00D8,
0x80B2, 0x00D8,
0x80B4, 0x00D8,
0x80C2, 0x0000,
0x80C4, 0x0000,
0x80DA, 0x3E00,
0x818C, 0xB960,
0x8196, 0x10F2,
0x81A0, 0x3080,
0x81A6, 0x0FFF,
0x822E, 0x0040,
0x8234, 0x000C,
0x8236, 0x000C,
0x823C, 0x000D,
0x8252, 0x0014,
0x8254, 0x0014,
0x8276, 0x0001,
0x8280, 0x0400,
0x82A6, 0x0400,
0x8342, 0x0000,
0x8344, 0x0001,
0x8346, 0x0001,
0x8348, 0x0001,
0x8368, 0x00EE,
0x8382, 0x035C,
0x839C, 0x0003,
0x83A8, 0xFFFF,
0x83AA, 0x0080,
0x83AC, 0x0100,
0x83AE, 0x0180,
0x83B0, 0x0114,
0x83B4, 0x0100,
0x83B6, 0x0100,
0x83B8, 0x0100,
0x83BE, 0xFFFF,
0x83C0, 0x0080,
0x83C2, 0x0100,
0x83C4, 0x0180,
0x83C6, 0x0114,
0x83CA, 0x0100,
0x83CC, 0x0100,
0x83CE, 0x0100,
0x83D2, 0x0111,
0x83D6, 0x0100,
0x83D8, 0x0180,
0x83DA, 0x0400,
0x83DC, 0x0800,
0x83DE, 0x003F,
0x83E0, 0x003F,
0x83E2, 0x003F,
0x83E4, 0x0037,
0x83E6, 0x0033,
0x83E8, 0x0111,
0x83EC, 0x0100,
0x83EE, 0x0180,
0x83F0, 0x0400,
0x83F2, 0x0800,
0x83F4, 0x003F,
0x83F6, 0x003F,
0x83F8, 0x003F,
0x83FA, 0x0037,
0x83FC, 0x0033,
0x8400, 0x0100,
0x8402, 0x0400,
0x8404, 0xFFFF,
0x8406, 0xFFFF,
0x8408, 0x0011,
0x840A, 0x000B,
0x840C, 0x0008,
0x840E, 0x0005,
0x8410, 0x0005,
0x8412, 0x0005,
0x8414, 0x0038,
0x8416, 0x0018,
0x8418, 0x0004,
0x841A, 0x0000,
0x841C, 0x0000,
0x8428, 0x001E,
0x842A, 0x0000,
0x842C, 0x0000,
0x842E, 0x0000,
0x8434, 0x0100,
0x8436, 0x0400,
0x8438, 0xFFFF,
0x843A, 0xFFFF,
0x843C, 0x0011,
0x843E, 0x000B,
0x8440, 0x0008,
0x8442, 0x0005,
0x8444, 0x0005,
0x8446, 0x0005,
0x8448, 0x0038,
0x844A, 0x0018,
0x844C, 0x0004,
0x844E, 0x0000,
0x8450, 0x0000,
0x845C, 0x001E,
0x845E, 0x0000,
0x8460, 0x0000,
0x8462, 0x0000,
0x8468, 0x0040,
0x849C, 0x0040,
0x84CE, 0x0000,
0x864A, 0x0000,
0x88F0, 0x007A,
0x88F6, 0x0001,
0x8BDA, 0x0006,
0x8CAE, 0x0001,
0x8CB0, 0x0400,
0x8CB2, 0x1800,
0x8CB4, 0x2000,
0x8CB6, 0x0006,
0x8CBA, 0x0004,
0x8CBC, 0x0000,
0x8CC2, 0x0001,
0x8CC8, 0x0001,
0x8CCA, 0x0400,
0x8CCC, 0x1800,
0x8CCE, 0x2000,
0x8CD0, 0x0006,
0x8CD4, 0x0004,
0x8CD6, 0x0000,
0x8D26, 0x0002,
0x8D28, 0x0001,
0x8D68, 0x0FFF,
0x8E94, 0x48DB,
0x8E96, 0x4A53,
0x8E98, 0x37FE,
0x8E9A, 0x3A6E,
0x8E9C, 0x50A3,
0x8E9E, 0x2C00,
0x8EA0, 0x2700,
0x8EA2, 0x2700,
0x8EB4, 0x48DB,
0x8EB6, 0x4A53,
0x8EB8, 0x37FE,
0x8EBA, 0x3A6E,
0x8EBC, 0x50A3,
0x8EBE, 0x2C00,
0x8EC0, 0x2700,
0x8EC2, 0x2700,
0x8ED4, 0x48DB,
0x8ED6, 0x4A53,
0x8ED8, 0x37FE,
0x8EDA, 0x3A6E,
0x8EDC, 0x50A3,
0x8EDE, 0x2C00,
0x8EE0, 0x2700,
0x8EE2, 0x2700,
0x8EF4, 0x48DB,
0x8EF6, 0x4A53,
0x8EF8, 0x37FE,
0x8EFA, 0x3A6E,
0x8EFC, 0x50A3,
0x8EFE, 0x2C00,
0x8F00, 0x2700,
0x8F02, 0x2700,
0x8F14, 0x48DB,
0x8F16, 0x4A53,
0x8F18, 0x37FE,
0x8F1A, 0x3A6E,
0x8F1C, 0x50A3,
0x8F1E, 0x4000,
0x8F20, 0x4C00,
0x8F22, 0x4C00,
0x8F34, 0x48DB,
0x8F36, 0x4A53,
0x8F38, 0x37FE,
0x8F3A, 0x3A6E,
0x8F3C, 0x50A3,
0x8F3E, 0x4000,
0x8F40, 0x4C00,
0x8F42, 0x4C00,
0x8F54, 0x48DB,
0x8F56, 0x4A53,
0x8F58, 0x37FE,
0x8F5A, 0x3A6E,
0x8F5C, 0x50A3,
0x8F5E, 0x4000,
0x8F60, 0x4C00,
0x8F62, 0x4C00,
0x8F74, 0x48DB,
0x8F76, 0x4A53,
0x8F78, 0x37FE,
0x8F7A, 0x3A6E,
0x8F7C, 0x50A3,
0x8F7E, 0x4000,
0x8F80, 0x4C00,
0x8F82, 0x4C00,
0x8F94, 0x0014,
0x8F96, 0x0014,
0x8F98, 0x0014,
0x8F9A, 0x0014,
0x8F9C, 0x0014,
0x8F9E, 0x0014,
0x8FA0, 0x0014,
0x8FA2, 0x0014,
0x92F8, 0x0000,
0x92FC, 0xFFDE,
0x9302, 0x1FF0,
0x9360, 0x0008,
0x9364, 0x0001,
0x939A, 0x0001,
0x939C, 0x0001,
0x93BC, 0x0200,
0x93E0, 0x0200,
0x9402, 0x0000,
0x9484, 0x48DB,
0x9486, 0x4A53,
0x9488, 0x37FE,
0x948A, 0x3A6E,
0x948C, 0x50A3,
0x948E, 0x2C00,
0x9490, 0x2700,
0x9492, 0x2700,
0x9504, 0x48DB,
0x9506, 0x4A53,
0x9508, 0x37FE,
0x950A, 0x3A6E,
0x950C, 0x50A3,
0x950E, 0x4000,
0x9510, 0x4C00,
0x9512, 0x4C00,
0x9584, 0x0014,
0x9586, 0x0014,
0x9588, 0x0014,
0x958A, 0x0014,
0x958C, 0x0014,
0x958E, 0x0014,
0x9590, 0x0014,
0x9592, 0x0014,
0xA4C0, 0x0000,
0xA4C2, 0x0001,
0xA4C4, 0x0000,
0xA506, 0x0001,
0xA508, 0x0002,
0xA5F4, 0x0100,
0xA5F6, 0x03FF,
0xA5F8, 0x1051,
0xA5FA, 0x1060,
0xA5FC, 0x0400,
0xA5FE, 0x0600,
0xA600, 0x101E,
0xA602, 0x105A,
0xA604, 0x0601,
0xA606, 0x0800,
0xA608, 0x105A,
0xA60A, 0x1065,
0xA60C, 0x0801,
0xA60E, 0x1000,
0xA610, 0x1065,
0xA612, 0x106D,
0xA614, 0x1001,
0xA616, 0x4000,
0xA618, 0x106D,
0xA61A, 0x1048,
0xA61C, 0x0000,
0xA61E, 0x0000,
0xA620, 0x0000,
0xA622, 0x0000,
0xA624, 0x0000,
0xA626, 0x0000,
0xA628, 0x0000,
0xA62A, 0x0000,
0xA62C, 0x0000,
0xA62E, 0x0000,
0xA630, 0x0000,
0xA632, 0x0000,
0xA644, 0x0100,
0xA646, 0x03FF,
0xA648, 0x1064,
0xA64A, 0x1072,
0xA64C, 0x0400,
0xA64E, 0x0600,
0xA650, 0x102C,
0xA652, 0x1067,
0xA654, 0x0601,
0xA656, 0x0800,
0xA658, 0x1067,
0xA65A, 0x1075,
0xA65C, 0x0801,
0xA65E, 0x1000,
0xA660, 0x1075,
0xA662, 0x107A,
0xA664, 0x1001,
0xA666, 0x4000,
0xA668, 0x107A,
0xA66A, 0x1079,
0xA66C, 0x0000,
0xA66E, 0x0000,
0xA670, 0x0000,
0xA672, 0x0000,
0xA674, 0x0000,
0xA676, 0x0000,
0xA678, 0x0000,
0xA67A, 0x0000,
0xA67C, 0x0000,
0xA67E, 0x0000,
0xA680, 0x0000,
0xA682, 0x0000,
0xA694, 0x0100,
0xA696, 0x03FF,
0xA698, 0x1061,
0xA69A, 0x106C,
0xA69C, 0x0400,
0xA69E, 0x0600,
0xA6A0, 0x1028,
0xA6A2, 0x1061,
0xA6A4, 0x0601,
0xA6A6, 0x0800,
0xA6A8, 0x1061,
0xA6AA, 0x106E,
0xA6AC, 0x0801,
0xA6AE, 0x1000,
0xA6B0, 0x106E,
0xA6B2, 0x107A,
0xA6B4, 0x1001,
0xA6B6, 0x4000,
0xA6B8, 0x107A,
0xA6BA, 0x1072,
0xA6BC, 0x0000,
0xA6BE, 0x0000,
0xA6C0, 0x0000,
0xA6C2, 0x0000,
0xA6C4, 0x0000,
0xA6C6, 0x0000,
0xA6C8, 0x0000,
0xA6CA, 0x0000,
0xA6CC, 0x0000,
0xA6CE, 0x0000,
0xA6D0, 0x0000,
0xA6D2, 0x0000,
0xA6E4, 0x0100,
0xA6E6, 0x03FF,
0xA6E8, 0x104D,
0xA6EA, 0x105D,
0xA6EC, 0x0400,
0xA6EE, 0x0600,
0xA6F0, 0x101C,
0xA6F2, 0x1058,
0xA6F4, 0x0601,
0xA6F6, 0x0800,
0xA6F8, 0x1058,
0xA6FA, 0x1065,
0xA6FC, 0x0801,
0xA6FE, 0x1000,
0xA700, 0x1065,
0xA702, 0x106C,
0xA704, 0x1001,
0xA706, 0x4000,
0xA708, 0x106C,
0xA70A, 0x1042,
0xA70C, 0x0000,
0xA70E, 0x0000,
0xA710, 0x0000,
0xA712, 0x0000,
0xA714, 0x0000,
0xA716, 0x0000,
0xA718, 0x0000,
0xA71A, 0x0000,
0xA71C, 0x0000,
0xA71E, 0x0000,
0xA720, 0x0000,
0xA722, 0x0000,
0xA734, 0x0100,
0xA736, 0x0200,
0xA738, 0x1031,
0xA73A, 0x1031,
0xA73C, 0x0201,
0xA73E, 0x0300,
0xA740, 0x1031,
0xA742, 0x1037,
0xA744, 0x0301,
0xA746, 0x0400,
0xA748, 0x1037,
0xA74A, 0x1031,
0xA74C, 0x0401,
0xA74E, 0x0600,
0xA750, 0x1031,
0xA752, 0x1053,
0xA754, 0x0601,
0xA756, 0x0800,
0xA758, 0x1053,
0xA75A, 0x1050,
0xA75C, 0x0800,
0xA75E, 0x1F00,
0xA760, 0x1050,
0xA762, 0x1047,
0xA764, 0x1F01,
0xA766, 0x2000,
0xA768, 0x1047,
0xA76A, 0x1036,
0xA76C, 0x2001,
0xA76E, 0x3B00,
0xA770, 0x1036,
0xA772, 0x1039,
0xA774, 0x3B01,
0xA776, 0x4000,
0xA778, 0x1039,
0xA77A, 0x102C,
0xA77C, 0x0000,
0xA77E, 0x0000,
0xA780, 0x0000,
0xA782, 0x0000,
0xA784, 0x0100,
0xA786, 0x0200,
0xA788, 0x1055,
0xA78A, 0x1055,
0xA78C, 0x0201,
0xA78E, 0x0300,
0xA790, 0x1055,
0xA792, 0x105B,
0xA794, 0x0301,
0xA796, 0x0400,
0xA798, 0x105B,
0xA79A, 0x1049,
0xA79C, 0x0401,
0xA79E, 0x0600,
0xA7A0, 0x1049,
0xA7A2, 0x1071,
0xA7A4, 0x0601,
0xA7A6, 0x0800,
0xA7A8, 0x1071,
0xA7AA, 0x106A,
0xA7AC, 0x0800,
0xA7AE, 0x1F00,
0xA7B0, 0x106A,
0xA7B2, 0x107A,
0xA7B4, 0x1F01,
0xA7B6, 0x2000,
0xA7B8, 0x107A,
0xA7BA, 0x106C,
0xA7BC, 0x2001,
0xA7BE, 0x3B00,
0xA7C0, 0x106C,
0xA7C2, 0x1072,
0xA7C4, 0x3B01,
0xA7C6, 0x4000,
0xA7C8, 0x1072,
0xA7CA, 0x1062,
0xA7CC, 0x0000,
0xA7CE, 0x0000,
0xA7D0, 0x0000,
0xA7D2, 0x0000,
0xA7D4, 0x0100,
0xA7D6, 0x0200,
0xA7D8, 0x1050,
0xA7DA, 0x1050,
0xA7DC, 0x0201,
0xA7DE, 0x0300,
0xA7E0, 0x1050,
0xA7E2, 0x1057,
0xA7E4, 0x0301,
0xA7E6, 0x0400,
0xA7E8, 0x1057,
0xA7EA, 0x1048,
0xA7EC, 0x0401,
0xA7EE, 0x0600,
0xA7F0, 0x1048,
0xA7F2, 0x1070,
0xA7F4, 0x0601,
0xA7F6, 0x0800,
0xA7F8, 0x1070,
0xA7FA, 0x106A,
0xA7FC, 0x0800,
0xA7FE, 0x1F00,
0xA800, 0x106A,
0xA802, 0x107A,
0xA804, 0x1F01,
0xA806, 0x2000,
0xA808, 0x107A,
0xA80A, 0x106B,
0xA80C, 0x2001,
0xA80E, 0x3B00,
0xA810, 0x106B,
0xA812, 0x1070,
0xA814, 0x3B01,
0xA816, 0x4000,
0xA818, 0x1070,
0xA81A, 0x1063,
0xA81C, 0x0000,
0xA81E, 0x0000,
0xA820, 0x0000,
0xA822, 0x0000,
0xA824, 0x0100,
0xA826, 0x0200,
0xA828, 0x1036,
0xA82A, 0x1036,
0xA82C, 0x0201,
0xA82E, 0x0300,
0xA830, 0x1036,
0xA832, 0x103D,
0xA834, 0x0301,
0xA836, 0x0400,
0xA838, 0x103D,
0xA83A, 0x1037,
0xA83C, 0x0401,
0xA83E, 0x0600,
0xA840, 0x1037,
0xA842, 0x1056,
0xA844, 0x0601,
0xA846, 0x0800,
0xA848, 0x1056,
0xA84A, 0x1054,
0xA84C, 0x0800,
0xA84E, 0x1F00,
0xA850, 0x1054,
0xA852, 0x104A,
0xA854, 0x1F01,
0xA856, 0x2000,
0xA858, 0x104A,
0xA85A, 0x1038,
0xA85C, 0x2001,
0xA85E, 0x3B00,
0xA860, 0x1038,
0xA862, 0x103D,
0xA864, 0x3B01,
0xA866, 0x4000,
0xA868, 0x103D,
0xA86A, 0x102F,
0xA86C, 0x0000,
0xA86E, 0x0000,
0xA870, 0x0000,
0xA872, 0x0000,
0xA8CA, 0xFFF9,
0xA8D0, 0xFFF9,
0xA8EE, 0xFFF8,
0xA8F4, 0xFFF9,
0xA914, 0x1FFF,
0xA916, 0x2000,
0xA918, 0x4000,
0xA934, 0xFFC0,
0xA952, 0x0004,
0xAAB8, 0x0000,
0xAB90, 0x0000,
0xAB92, 0x0000,
0xAB94, 0x0000,
0xAB96, 0x0000,
0xAB98, 0x0000,
0xAB9A, 0x0000,
0xAB9C, 0x0000,
0xABB0, 0x0080,
0xABF2, 0x0000,
0xACCA, 0x0000,
0xACE0, 0x0000,
0xADFA, 0x0001,
0xAE30, 0x0001,
0xB1D0, 0x0001,
0xB266, 0x0006,
0xB270, 0x049D,
0xB272, 0x049D,
0xB274, 0x049D,
0xB276, 0x049D,
0xB28C, 0x0001,
0xDA82, 0x0001,
0xDA88, 0x0002,
0xDAC4, 0x0000,
0xDAC6, 0x0000,
0xDAD0, 0x0000,
0xDB1A, 0x0010,
0xDBF2, 0x0001,
0xDED2, 0x0090,
0xDED6, 0x0001,
0xDED8, 0x0010,
0xEDC0, 0x0000,
0xEE56, 0x0000,
0xEF7C, 0x0007,
0xEF82, 0x0007,
0xFCFC, 0x2001,
0x01B2, 0x0000,
0x01B4, 0x0000,
0x01B6, 0x0000,
0xD3D2, 0x0000,
0xFCFC, 0x4000,
0x0114, 0x0201,
0x0264, 0x0001,
0x0274, 0x3031,
0x0340, 0x1550,
0x0342, 0x2720,
0x0344, 0x0000,
0x0346, 0x0000,
0x0348, 0x2EF7,
0x034A, 0x236F,
0x034C, 0x0FA0,
0x034E, 0x0BB8,
0x0350, 0x0004,
0x0352, 0x000C,
0x0380, 0x0003,
0x0382, 0x0003,
0x0384, 0x0003,
0x0386, 0x0003,
0x0404, 0x1000,
0x0900, 0x2233,
0x0B02, 0x0200,
0x0B04, 0x0021,
0x0B08, 0x0100,
0x0D00, 0x0100,
0x0D02, 0x0101,
0x0D04, 0x0100,
0x0D06, 0x07D0,
0x0D08, 0x05DC,
0x0D0A, 0x0000,
0x0D0C, 0x0002,
0x0D0E, 0x0002,
0x0D10, 0x1400,
0xFCFC, 0x4000,
};
/* N17 code for HQ-HQ-308731 by wangqiang at 2023/07/25 end */

//4000*2252 30fps 16:9
static kal_uint16 s5khm9_normal_video_setting[] = {
    0xFCFC, 0x4000,
    0x0B30, 0x0101,
    0xFCFC, 0x2000,
    0x7D7A, 0x08BC,
    0x80AA, 0x00D8,
    0x80AC, 0x00D8,
    0x80B2, 0x00D8,
    0x80B4, 0x00D8,
    0x80C2, 0x0000,
    0x80C4, 0x0000,
    0x8CD0, 0x0006,
    0x8CD4, 0x0004,
    0x8CD6, 0x0000,
    0x8E94, 0x48DB,
    0x8E96, 0x4A53,
    0x8E98, 0x37FE,
    0x8E9A, 0x3A6E,
    0x8E9C, 0x50A3,
    0x8E9E, 0x2C00,
    0x8EA0, 0x2700,
    0x8EA2, 0x2700,
    0x8EB4, 0x48DB,
    0x8EB6, 0x4A53,
    0x8EB8, 0x37FE,
    0x8EBA, 0x3A6E,
    0x8EBC, 0x50A3,
    0x8EBE, 0x2C00,
    0x8EC0, 0x2700,
    0x8EC2, 0x2700,
    0x8ED4, 0x48DB,
    0x8ED6, 0x4A53,
    0x8ED8, 0x37FE,
    0x8EDA, 0x3A6E,
    0x8EDC, 0x50A3,
    0x8EDE, 0x2C00,
    0x8EE0, 0x2700,
    0x8EE2, 0x2700,
    0x8EF4, 0x48DB,
    0x8EF6, 0x4A53,
    0x8EF8, 0x37FE,
    0x8EFA, 0x3A6E,
    0x8EFC, 0x50A3,
    0x8EFE, 0x2C00,
    0x8F00, 0x2700,
    0x8F02, 0x2700,
    0x8F14, 0x48DB,
    0x8F16, 0x4A53,
    0x8F18, 0x37FE,
    0x8F1A, 0x3A6E,
    0x8F1C, 0x50A3,
    0x8F1E, 0x4000,
    0x8F20, 0x4C00,
    0x8F22, 0x4C00,
    0x8F34, 0x48DB,
    0x8F36, 0x4A53,
    0x8F38, 0x37FE,
    0x8F3A, 0x3A6E,
    0x8F3C, 0x50A3,
    0x8F3E, 0x4000,
    0x8F40, 0x4C00,
    0x8F42, 0x4C00,
    0x8F54, 0x48DB,
    0x8F56, 0x4A53,
    0x8F58, 0x37FE,
    0x8F5A, 0x3A6E,
    0x8F5C, 0x50A3,
    0x8F5E, 0x4000,
    0x8F60, 0x4C00,
    0x8F62, 0x4C00,
    0x8F74, 0x48DB,
    0x8F76, 0x4A53,
    0x8F78, 0x37FE,
    0x8F7A, 0x3A6E,
    0x8F7C, 0x50A3,
    0x8F7E, 0x4000,
    0x8F80, 0x4C00,
    0x8F82, 0x4C00,
    0x8F94, 0x0014,
    0x8F96, 0x0014,
    0x8F98, 0x0014,
    0x8F9A, 0x0014,
    0x8F9C, 0x0014,
    0x8F9E, 0x0014,
    0x8FA0, 0x0014,
    0x8FA2, 0x0014,
    0x9484, 0x5200,
    0x9486, 0x5A00,
    0x9488, 0x5100,
    0x948A, 0x3900,
    0x948C, 0x4700,
    0x948E, 0x4000,
    0x9490, 0x4000,
    0x9492, 0x2700,
    0x9504, 0x7100,
    0x9506, 0x7E00,
    0x9508, 0x6A00,
    0x950A, 0x5200,
    0x950C, 0x6700,
    0x950E, 0x6000,
    0x9510, 0x6500,
    0x9512, 0x4C00,
    0x9584, 0x0014,
    0x9586, 0x0014,
    0x9588, 0x0014,
    0x958A, 0x0014,
    0x958C, 0x0014,
    0x958E, 0x0014,
    0x9590, 0x0014,
    0x9592, 0x0014,
    0x98EA, 0x0000,
    0x98EC, 0x2EF8,
    0x98EE, 0x2340,
    0x98F8, 0x2EF8,
    0x98FA, 0x2340,
    0x9A84, 0x000F,
    0xA4B4, 0x0010,
    0xA4C0, 0x0000,
    0xA4C2, 0x0001,
    0xA4C4, 0x0000,
    0xA506, 0x0001,
    0xA508, 0x0002,
    0xA8CA, 0xFFF9,
    0xA8D0, 0xFFF9,
    0xA8EE, 0xFFF8,
    0xA8F4, 0xFFF9,
    0xAAB8, 0x0000,
    0xAE30, 0x0001,
    0xDED2, 0x0090,
    0xDED6, 0x0001,
    0xDED8, 0x0010,
    0xFCFC, 0x2002,
    0xEB00, 0x0000,
    0xEB08, 0x0000,
    0xEB10, 0x0000,
    0xEB18, 0x0000,
    0xEB20, 0x0000,
    0xEB28, 0x0000,
    0xEB30, 0x0000,
    0xEB38, 0x0000,
    0xEB40, 0x0000,
    0xEB48, 0x0000,
    0xEB50, 0x0000,
    0xEB58, 0x0000,
    0xEB60, 0x0000,
    0xEB68, 0x0000,
    0xEB70, 0x0000,
    0xEB78, 0x0000,
    0xEB80, 0x0000,
    0xEB88, 0x0000,
    0xEB90, 0x0000,
    0xEB98, 0x0000,
    0xEBA0, 0x0000,
    0xEBA8, 0x0000,
    0xEBB0, 0x0000,
    0xEBB8, 0x0000,
    0xEBC0, 0x0000,
    0xEBC8, 0x0000,
    0xEBD0, 0x0000,
    0xEBD8, 0x0000,
    0xEBE0, 0x0000,
    0xEBE8, 0x0000,
    0xEBF0, 0x0000,
    0xEBF8, 0x0000,
    0xEC00, 0x0000,
    0xEC08, 0x0000,
    0xEC10, 0x0000,
    0xEC18, 0x0000,
    0xEC20, 0x0000,
    0xEC28, 0x0000,
    0xEC30, 0x0000,
    0xEC38, 0x0000,
    0xEC40, 0x0000,
    0xEC48, 0x0000,
    0xEC50, 0x0000,
    0xEC58, 0x0000,
    0xEC60, 0x0000,
    0xEC68, 0x0000,
    0xEC70, 0x0000,
    0xEC78, 0x0000,
    0xEC80, 0x0000,
    0xEC88, 0x0000,
    0xEC90, 0x0000,
    0xEC98, 0x0000,
    0xECA0, 0x0000,
    0xECA8, 0x0000,
    0xFCFC, 0x4000,
    0x0340, 0x1550,
    0x0342, 0x2720,
    0x0344, 0x0000,
    0x0346, 0x0468,
    0x0348, 0x2EF7,
    0x034A, 0x1F07,
    0x034C, 0x0FA0,
    0x034E, 0x08CC,
    0x0350, 0x0004,
    0x0352, 0x000A,
    0x0D00, 0x0100,
    0x0D06, 0x07D0,
    0x0D08, 0x0466,
    0x0D0A, 0x0000,
    0x0D0C, 0x0002,
    0x0D0E, 0x0006,
    0xFCFC, 0x4000,
};
//N17 code for HQ-293325 by jixinji at 2023/05/11 start
//N17 code for HQ-293325 by wuzhenyue at 2023/05/16 start
//1920x1080 120fps
static kal_uint16 s5khm9_hs_video_setting[] = {
    0xFCFC, 0x4000,
    0x0B30, 0x0104,
    0xFCFC, 0x2000,
    0x7D7A, 0x086C,
    0x80AA, 0x00D3,
    0x80AC, 0x00D3,
    0x80B2, 0x00D3,
    0x80B4, 0x00D3,
    0x80C2, 0x0000,
    0x80C4, 0x0000,
    0x8CD0, 0x0001,
    0x8CD4, 0x0007,
    0x8CD6, 0x0009,
    0x8E94, 0x1343,
    0x8E96, 0x07C3,
    0x8E98, 0x1E0C,
    0x8E9A, 0x7B08,
    0x8E9C, 0x7A66,
    0x8E9E, 0x5E85,
    0x8EA0, 0x5DAD,
    0x8EA2, 0x5DAD,
    0x8EB4, 0x1343,
    0x8EB6, 0x07C3,
    0x8EB8, 0x1E0C,
    0x8EBA, 0x7B08,
    0x8EBC, 0x7A66,
    0x8EBE, 0x5E85,
    0x8EC0, 0x5DAD,
    0x8EC2, 0x5DAD,
    0x8ED4, 0x1343,
    0x8ED6, 0x07C3,
    0x8ED8, 0x1E0C,
    0x8EDA, 0x7B08,
    0x8EDC, 0x7A66,
    0x8EDE, 0x5E85,
    0x8EE0, 0x5DAD,
    0x8EE2, 0x5DAD,
    0x8EF4, 0x1343,
    0x8EF6, 0x07C3,
    0x8EF8, 0x1E0C,
    0x8EFA, 0x7B08,
    0x8EFC, 0x7A66,
    0x8EFE, 0x5E85,
    0x8F00, 0x5DAD,
    0x8F02, 0x5DAD,
    0x8F14, 0x1343,
    0x8F16, 0x07C3,
    0x8F18, 0x1E0C,
    0x8F1A, 0x7B08,
    0x8F1C, 0x7A66,
    0x8F1E, 0x5E85,
    0x8F20, 0x5DAD,
    0x8F22, 0x5DAD,
    0x8F34, 0x1343,
    0x8F36, 0x07C3,
    0x8F38, 0x1E0C,
    0x8F3A, 0x7B08,
    0x8F3C, 0x7A66,
    0x8F3E, 0x5E85,
    0x8F40, 0x5DAD,
    0x8F42, 0x5DAD,
    0x8F54, 0x1343,
    0x8F56, 0x07C3,
    0x8F58, 0x1E0C,
    0x8F5A, 0x7B08,
    0x8F5C, 0x7A66,
    0x8F5E, 0x5E85,
    0x8F60, 0x5DAD,
    0x8F62, 0x5DAD,
    0x8F74, 0x1343,
    0x8F76, 0x07C3,
    0x8F78, 0x1E0C,
    0x8F7A, 0x7B08,
    0x8F7C, 0x7A66,
    0x8F7E, 0x5E85,
    0x8F80, 0x5DAD,
    0x8F82, 0x5DAD,
    0x8F94, 0x0016,
    0x8F96, 0x0016,
    0x8F98, 0x0016,
    0x8F9A, 0x0016,
    0x8F9C, 0x0016,
    0x8F9E, 0x0016,
    0x8FA0, 0x0016,
    0x8FA2, 0x0016,
    0x9484, 0x1343,
    0x9486, 0x07C3,
    0x9488, 0x1E0C,
    0x948A, 0x7B08,
    0x948C, 0x7A66,
    0x948E, 0x5E85,
    0x9490, 0x5DAD,
    0x9492, 0x5DAD,
    0x9504, 0x1343,
    0x9506, 0x07C3,
    0x9508, 0x1E0C,
    0x950A, 0x7B08,
    0x950C, 0x7A66,
    0x950E, 0x5E85,
    0x9510, 0x5DAD,
    0x9512, 0x5DAD,
    0x9584, 0x0016,
    0x9586, 0x0016,
    0x9588, 0x0016,
    0x958A, 0x0016,
    0x958C, 0x0016,
    0x958E, 0x0016,
    0x9590, 0x0016,
    0x9592, 0x0016,
    0x98EA, 0x0000,
    0x98EC, 0x2EF8,
    0x98EE, 0x2340,
    0x98F8, 0x2EF8,
    0x98FA, 0x2340,
    0x9A84, 0x000F,
    0xA4B4, 0x0010,
    0xA4C0, 0x0001,
    0xA4C2, 0x0000,
    0xA4C4, 0x0001,
    0xA506, 0x0001,
    0xA508, 0x0002,
    0xA8CA, 0x000A,
    0xA8D0, 0x0000,
    0xA8EE, 0x0000,
    0xA8F4, 0x0000,
    0xAAB8, 0x0000,
    0xAE30, 0x0001,
    0xDED2, 0x0010,
    0xDED6, 0x0000,
    0xDED8, 0x0000,
    0xFCFC, 0x2002,
    0xEB00, 0x0000,
    0xEB08, 0x0000,
    0xEB10, 0x0000,
    0xEB18, 0x0000,
    0xEB20, 0x0000,
    0xEB28, 0x0000,
    0xEB30, 0x0000,
    0xEB38, 0x0000,
    0xEB40, 0x0000,
    0xEB48, 0x0000,
    0xEB50, 0x0000,
    0xEB58, 0x0000,
    0xEB60, 0x0000,
    0xEB68, 0x0000,
    0xEB70, 0x0000,
    0xEB78, 0x0000,
    0xEB80, 0x0000,
    0xEB88, 0x0000,
    0xEB90, 0x0000,
    0xEB98, 0x0000,
    0xEBA0, 0x0000,
    0xEBA8, 0x0000,
    0xEBB0, 0x0000,
    0xEBB8, 0x0000,
    0xEBC0, 0x0000,
    0xEBC8, 0x0000,
    0xEBD0, 0x0000,
    0xEBD8, 0x0000,
    0xEBE0, 0x0000,
    0xEBE8, 0x0000,
    0xEBF0, 0x0000,
    0xEBF8, 0x0000,
    0xEC00, 0x0000,
    0xEC08, 0x0000,
    0xEC10, 0x0000,
    0xEC18, 0x0000,
    0xEC20, 0x0000,
    0xEC28, 0x0000,
    0xEC30, 0x0000,
    0xEC38, 0x0000,
    0xEC40, 0x0000,
    0xEC48, 0x0000,
    0xEC50, 0x0000,
    0xEC58, 0x0000,
    0xEC60, 0x0000,
    0xEC68, 0x0000,
    0xEC70, 0x0000,
    0xEC78, 0x0000,
    0xEC80, 0x0000,
    0xEC88, 0x0000,
    0xEC90, 0x0000,
    0xEC98, 0x0000,
    0xECA0, 0x0000,
    0xECA8, 0x0000,
    0xFCFC, 0x4000,
    0x0340, 0x0630,
    0x0342, 0x21B0,
    0x0344, 0x00FC,
    0x0346, 0x04C8,
    0x0348, 0x2DFB,
    0x034A, 0x1EA7,
    0x034C, 0x0780,
    0x034E, 0x0438,
    0x0350, 0x0000,
    0x0352, 0x000C,
    0x0D00, 0x0100,
    0x0D06, 0x03C0,
    0x0D08, 0x021C,
    0x0D0A, 0x0000,
    0x0D0C, 0x0000,
    0x0D0E, 0x000C,
    0xFCFC, 0x4000,
};
//N17 code for HQ-293325 by wuzhenyue at 2023/05/16 end
//N17 code for HQ-293325 by jixinji at 2023/05/11 end
static kal_uint16 s5khm9_slim_video_setting[] = {
    0xFCFC, 0x4000,
    0x0B30, 0x0101,
    0xFCFC, 0x2000,
    0x7D7A, 0x08BC,
    0x80AA, 0x00D8,
    0x80AC, 0x00D8,
    0x80B2, 0x00D8,
    0x80B4, 0x00D8,
    0x80C2, 0x0000,
    0x80C4, 0x0000,
    0x8CD0, 0x0006,
    0x8CD4, 0x0004,
    0x8CD6, 0x0000,
    0x8E94, 0x48DB,
    0x8E96, 0x4A53,
    0x8E98, 0x37FE,
    0x8E9A, 0x3A6E,
    0x8E9C, 0x50A3,
    0x8E9E, 0x2C00,
    0x8EA0, 0x2700,
    0x8EA2, 0x2700,
    0x8EB4, 0x48DB,
    0x8EB6, 0x4A53,
    0x8EB8, 0x37FE,
    0x8EBA, 0x3A6E,
    0x8EBC, 0x50A3,
    0x8EBE, 0x2C00,
    0x8EC0, 0x2700,
    0x8EC2, 0x2700,
    0x8ED4, 0x48DB,
    0x8ED6, 0x4A53,
    0x8ED8, 0x37FE,
    0x8EDA, 0x3A6E,
    0x8EDC, 0x50A3,
    0x8EDE, 0x2C00,
    0x8EE0, 0x2700,
    0x8EE2, 0x2700,
    0x8EF4, 0x48DB,
    0x8EF6, 0x4A53,
    0x8EF8, 0x37FE,
    0x8EFA, 0x3A6E,
    0x8EFC, 0x50A3,
    0x8EFE, 0x2C00,
    0x8F00, 0x2700,
    0x8F02, 0x2700,
    0x8F14, 0x48DB,
    0x8F16, 0x4A53,
    0x8F18, 0x37FE,
    0x8F1A, 0x3A6E,
    0x8F1C, 0x50A3,
    0x8F1E, 0x4000,
    0x8F20, 0x4C00,
    0x8F22, 0x4C00,
    0x8F34, 0x48DB,
    0x8F36, 0x4A53,
    0x8F38, 0x37FE,
    0x8F3A, 0x3A6E,
    0x8F3C, 0x50A3,
    0x8F3E, 0x4000,
    0x8F40, 0x4C00,
    0x8F42, 0x4C00,
    0x8F54, 0x48DB,
    0x8F56, 0x4A53,
    0x8F58, 0x37FE,
    0x8F5A, 0x3A6E,
    0x8F5C, 0x50A3,
    0x8F5E, 0x4000,
    0x8F60, 0x4C00,
    0x8F62, 0x4C00,
    0x8F74, 0x48DB,
    0x8F76, 0x4A53,
    0x8F78, 0x37FE,
    0x8F7A, 0x3A6E,
    0x8F7C, 0x50A3,
    0x8F7E, 0x4000,
    0x8F80, 0x4C00,
    0x8F82, 0x4C00,
    0x8F94, 0x0014,
    0x8F96, 0x0014,
    0x8F98, 0x0014,
    0x8F9A, 0x0014,
    0x8F9C, 0x0014,
    0x8F9E, 0x0014,
    0x8FA0, 0x0014,
    0x8FA2, 0x0014,
    0x9484, 0x5200,
    0x9486, 0x5A00,
    0x9488, 0x5100,
    0x948A, 0x3900,
    0x948C, 0x4700,
    0x948E, 0x4000,
    0x9490, 0x4000,
    0x9492, 0x2700,
    0x9504, 0x7100,
    0x9506, 0x7E00,
    0x9508, 0x6A00,
    0x950A, 0x5200,
    0x950C, 0x6700,
    0x950E, 0x6000,
    0x9510, 0x6500,
    0x9512, 0x4C00,
    0x9584, 0x0014,
    0x9586, 0x0014,
    0x9588, 0x0014,
    0x958A, 0x0014,
    0x958C, 0x0014,
    0x958E, 0x0014,
    0x9590, 0x0014,
    0x9592, 0x0014,
    0x98EA, 0x0001,
    0x98EC, 0x0FA8,
    0x98EE, 0x0BC0,
    0x98F8, 0x0FA8,
    0x98FA, 0x0BC0,
    0x9A84, 0x003F,
    0xA4B4, 0x0040,
    0xA4C0, 0x0000,
    0xA4C2, 0x0001,
    0xA4C4, 0x0000,
    0xA506, 0x0001,
    0xA508, 0x0002,
    0xA8CA, 0xFFF9,
    0xA8D0, 0xFFF9,
    0xA8EE, 0xFFF8,
    0xA8F4, 0xFFF9,
    0xAAB8, 0x0000,
    0xAE30, 0x0001,
    0xDED2, 0x0090,
    0xDED6, 0x0001,
    0xDED8, 0x0010,
    0xFCFC, 0x2002,
    0xEB00, 0xFFF9,
    0xEB08, 0xFFFA,
    0xEB10, 0x0000,
    0xEB18, 0x0003,
    0xEB20, 0x0002,
    0xEB28, 0x0001,
    0xEB30, 0xFFFE,
    0xEB38, 0xFFF5,
    0xEB40, 0xFFF3,
    0xEB48, 0x0005,
    0xEB50, 0x0005,
    0xEB58, 0x0007,
    0xEB60, 0x0009,
    0xEB68, 0x000A,
    0xEB70, 0x0008,
    0xEB78, 0x0005,
    0xEB80, 0xFFFF,
    0xEB88, 0xFFFF,
    0xEB90, 0x0004,
    0xEB98, 0x0001,
    0xEBA0, 0x0004,
    0xEBA8, 0x0006,
    0xEBB0, 0x0006,
    0xEBB8, 0x0004,
    0xEBC0, 0x0002,
    0xEBC8, 0xFFFE,
    0xEBD0, 0x0002,
    0xEBD8, 0xFFFD,
    0xEBE0, 0xFFFA,
    0xEBE8, 0x0000,
    0xEBF0, 0x0005,
    0xEBF8, 0x0004,
    0xEC00, 0x0003,
    0xEC08, 0x0000,
    0xEC10, 0xFFFD,
    0xEC18, 0xFFFD,
    0xEC20, 0xFFF4,
    0xEC28, 0xFFF5,
    0xEC30, 0xFFFB,
    0xEC38, 0x0001,
    0xEC40, 0x0000,
    0xEC48, 0xFFFF,
    0xEC50, 0xFFFA,
    0xEC58, 0xFFF5,
    0xEC60, 0xFFF8,
    0xEC68, 0xFFF5,
    0xEC70, 0xFFF4,
    0xEC78, 0xFFFF,
    0xEC80, 0x0005,
    0xEC88, 0x0004,
    0xEC90, 0x0002,
    0xEC98, 0xFFFC,
    0xECA0, 0xFFF4,
    0xECA8, 0xFFF6,
    0xFCFC, 0x4000,
    0x0340, 0x1550,
    0x0342, 0x2720,
    0x0344, 0x0000,
    0x0346, 0x0000,
    0x0348, 0x2EF7,
    0x034A, 0x236F,
    0x034C, 0x0FA0,
    0x034E, 0x0BB8,
    0x0350, 0x0004,
    0x0352, 0x000C,
    0x0D00, 0x0100,
    0x0D06, 0x07D0,
    0x0D08, 0x05DC,
    0x0D0A, 0x0000,
    0x0D0C, 0x0002,
    0x0D0E, 0x0002,
    0xFCFC, 0x4000,
};
//4000*3000 24fps bokeh
static kal_uint16 s5khm9_custom1_setting[] = {
    0xFCFC, 0x4000,
    0x0B30, 0x0101,
    0xFCFC, 0x2000,
    0x7D7A, 0x08BC,
    0x80AA, 0x00D8,
    0x80AC, 0x00D8,
    0x80B2, 0x00D8,
    0x80B4, 0x00D8,
    0x80C2, 0x0000,
    0x80C4, 0x0000,
    0x8CD0, 0x0006,
    0x8CD4, 0x0004,
    0x8CD6, 0x0000,
    0x8E94, 0x48DB,
    0x8E96, 0x4A53,
    0x8E98, 0x37FE,
    0x8E9A, 0x3A6E,
    0x8E9C, 0x50A3,
    0x8E9E, 0x2C00,
    0x8EA0, 0x2700,
    0x8EA2, 0x2700,
    0x8EB4, 0x48DB,
    0x8EB6, 0x4A53,
    0x8EB8, 0x37FE,
    0x8EBA, 0x3A6E,
    0x8EBC, 0x50A3,
    0x8EBE, 0x2C00,
    0x8EC0, 0x2700,
    0x8EC2, 0x2700,
    0x8ED4, 0x48DB,
    0x8ED6, 0x4A53,
    0x8ED8, 0x37FE,
    0x8EDA, 0x3A6E,
    0x8EDC, 0x50A3,
    0x8EDE, 0x2C00,
    0x8EE0, 0x2700,
    0x8EE2, 0x2700,
    0x8EF4, 0x48DB,
    0x8EF6, 0x4A53,
    0x8EF8, 0x37FE,
    0x8EFA, 0x3A6E,
    0x8EFC, 0x50A3,
    0x8EFE, 0x2C00,
    0x8F00, 0x2700,
    0x8F02, 0x2700,
    0x8F14, 0x48DB,
    0x8F16, 0x4A53,
    0x8F18, 0x37FE,
    0x8F1A, 0x3A6E,
    0x8F1C, 0x50A3,
    0x8F1E, 0x4000,
    0x8F20, 0x4C00,
    0x8F22, 0x4C00,
    0x8F34, 0x48DB,
    0x8F36, 0x4A53,
    0x8F38, 0x37FE,
    0x8F3A, 0x3A6E,
    0x8F3C, 0x50A3,
    0x8F3E, 0x4000,
    0x8F40, 0x4C00,
    0x8F42, 0x4C00,
    0x8F54, 0x48DB,
    0x8F56, 0x4A53,
    0x8F58, 0x37FE,
    0x8F5A, 0x3A6E,
    0x8F5C, 0x50A3,
    0x8F5E, 0x4000,
    0x8F60, 0x4C00,
    0x8F62, 0x4C00,
    0x8F74, 0x48DB,
    0x8F76, 0x4A53,
    0x8F78, 0x37FE,
    0x8F7A, 0x3A6E,
    0x8F7C, 0x50A3,
    0x8F7E, 0x4000,
    0x8F80, 0x4C00,
    0x8F82, 0x4C00,
    0x8F94, 0x0014,
    0x8F96, 0x0014,
    0x8F98, 0x0014,
    0x8F9A, 0x0014,
    0x8F9C, 0x0014,
    0x8F9E, 0x0014,
    0x8FA0, 0x0014,
    0x8FA2, 0x0014,
    0x9484, 0x5200,
    0x9486, 0x5A00,
    0x9488, 0x5100,
    0x948A, 0x3900,
    0x948C, 0x4700,
    0x948E, 0x4000,
    0x9490, 0x4000,
    0x9492, 0x2700,
    0x9504, 0x7100,
    0x9506, 0x7E00,
    0x9508, 0x6A00,
    0x950A, 0x5200,
    0x950C, 0x6700,
    0x950E, 0x6000,
    0x9510, 0x6500,
    0x9512, 0x4C00,
    0x9584, 0x0014,
    0x9586, 0x0014,
    0x9588, 0x0014,
    0x958A, 0x0014,
    0x958C, 0x0014,
    0x958E, 0x0014,
    0x9590, 0x0014,
    0x9592, 0x0014,
    0x98EA, 0x0001,
    0x98EC, 0x0FA8,
    0x98EE, 0x0BC0,
    0x98F8, 0x0FA8,
    0x98FA, 0x0BC0,
    0x9A84, 0x003F,
    0xA4B4, 0x0040,
    0xA4C0, 0x0000,
    0xA4C2, 0x0001,
    0xA4C4, 0x0000,
    0xA506, 0x0001,
    0xA508, 0x0002,
    0xA8CA, 0xFFF9,
    0xA8D0, 0xFFF9,
    0xA8EE, 0xFFF8,
    0xA8F4, 0xFFF9,
    0xAAB8, 0x0000,
    0xAE30, 0x0001,
    0xDED2, 0x0090,
    0xDED6, 0x0001,
    0xDED8, 0x0010,
    0xFCFC, 0x2002,
    0xEB00, 0xFFF9,
    0xEB08, 0xFFFA,
    0xEB10, 0x0000,
    0xEB18, 0x0003,
    0xEB20, 0x0002,
    0xEB28, 0x0001,
    0xEB30, 0xFFFE,
    0xEB38, 0xFFF5,
    0xEB40, 0xFFF3,
    0xEB48, 0x0005,
    0xEB50, 0x0005,
    0xEB58, 0x0007,
    0xEB60, 0x0009,
    0xEB68, 0x000A,
    0xEB70, 0x0008,
    0xEB78, 0x0005,
    0xEB80, 0xFFFF,
    0xEB88, 0xFFFF,
    0xEB90, 0x0004,
    0xEB98, 0x0001,
    0xEBA0, 0x0004,
    0xEBA8, 0x0006,
    0xEBB0, 0x0006,
    0xEBB8, 0x0004,
    0xEBC0, 0x0002,
    0xEBC8, 0xFFFE,
    0xEBD0, 0x0002,
    0xEBD8, 0xFFFD,
    0xEBE0, 0xFFFA,
    0xEBE8, 0x0000,
    0xEBF0, 0x0005,
    0xEBF8, 0x0004,
    0xEC00, 0x0003,
    0xEC08, 0x0000,
    0xEC10, 0xFFFD,
    0xEC18, 0xFFFD,
    0xEC20, 0xFFF4,
    0xEC28, 0xFFF5,
    0xEC30, 0xFFFB,
    0xEC38, 0x0001,
    0xEC40, 0x0000,
    0xEC48, 0xFFFF,
    0xEC50, 0xFFFA,
    0xEC58, 0xFFF5,
    0xEC60, 0xFFF8,
    0xEC68, 0xFFF5,
    0xEC70, 0xFFF4,
    0xEC78, 0xFFFF,
    0xEC80, 0x0005,
    0xEC88, 0x0004,
    0xEC90, 0x0002,
    0xEC98, 0xFFFC,
    0xECA0, 0xFFF4,
    0xECA8, 0xFFF6,
    0xFCFC, 0x4000,
    0x0340, 0x17E6,
    0x0342, 0x2BA0,
    0x0344, 0x0000,
    0x0346, 0x0000,
    0x0348, 0x2EF7,
    0x034A, 0x236F,
    0x034C, 0x0FA0,
    0x034E, 0x0BB8,
    0x0350, 0x0004,
    0x0352, 0x000C,
    0x0D00, 0x0100,
    0x0D06, 0x07D0,
    0x0D08, 0x05DC,
    0x0D0A, 0x0000,
    0x0D0C, 0x0002,
    0x0D0E, 0x0002,
    0xFCFC, 0x4000,
};
//N17 code for HQ-293325 by jixinji at 2023/05/11 start
//N17 code for HQ-319475 by wuzhenyue at 2023/08/17 start
//12000*9000 6fps
static kal_uint16 s5khm9_custom2_setting[] = {
    0xFCFC, 0x4000,
    0x0B30, 0x0100,
    0xFCFC, 0x2000,
    0x7D7A, 0x086C,
    0x80AA, 0x0000,
    0x80AC, 0x0000,
    0x80B2, 0x0000,
    0x80B4, 0x0000,
    0x80C2, 0x00F4,
    0x80C4, 0x00F4,
    0x8CD0, 0x0001,
    0x8CD4, 0x0007,
    0x8CD6, 0x0009,
    0x8E94, 0x48DB,
    0x8E96, 0x4A53,
    0x8E98, 0x37FE,
    0x8E9A, 0x3A6E,
    0x8E9C, 0x50A3,
    0x8E9E, 0x2C00,
    0x8EA0, 0x2700,
    0x8EA2, 0x2700,
    0x8EB4, 0x48DB,
    0x8EB6, 0x4A53,
    0x8EB8, 0x37FE,
    0x8EBA, 0x3A6E,
    0x8EBC, 0x50A3,
    0x8EBE, 0x2C00,
    0x8EC0, 0x2700,
    0x8EC2, 0x2700,
    0x8ED4, 0x48DB,
    0x8ED6, 0x4A53,
    0x8ED8, 0x37FE,
    0x8EDA, 0x3A6E,
    0x8EDC, 0x50A3,
    0x8EDE, 0x2C00,
    0x8EE0, 0x2700,
    0x8EE2, 0x2700,
    0x8EF4, 0x48DB,
    0x8EF6, 0x4A53,
    0x8EF8, 0x37FE,
    0x8EFA, 0x3A6E,
    0x8EFC, 0x50A3,
    0x8EFE, 0x2C00,
    0x8F00, 0x2700,
    0x8F02, 0x2700,
    0x8F14, 0x48DB,
    0x8F16, 0x4A53,
    0x8F18, 0x37FE,
    0x8F1A, 0x3A6E,
    0x8F1C, 0x50A3,
    0x8F1E, 0x4000,
    0x8F20, 0x4C00,
    0x8F22, 0x4C00,
    0x8F34, 0x48DB,
    0x8F36, 0x4A53,
    0x8F38, 0x37FE,
    0x8F3A, 0x3A6E,
    0x8F3C, 0x50A3,
    0x8F3E, 0x4000,
    0x8F40, 0x4C00,
    0x8F42, 0x4C00,
    0x8F54, 0x48DB,
    0x8F56, 0x4A53,
    0x8F58, 0x37FE,
    0x8F5A, 0x3A6E,
    0x8F5C, 0x50A3,
    0x8F5E, 0x4000,
    0x8F60, 0x4C00,
    0x8F62, 0x4C00,
    0x8F74, 0x48DB,
    0x8F76, 0x4A53,
    0x8F78, 0x37FE,
    0x8F7A, 0x3A6E,
    0x8F7C, 0x50A3,
    0x8F7E, 0x4000,
    0x8F80, 0x4C00,
    0x8F82, 0x4C00,
    0x8F94, 0x0002,
    0x8F96, 0x0002,
    0x8F98, 0x0002,
    0x8F9A, 0x0002,
    0x8F9C, 0x0002,
    0x8F9E, 0x0002,
    0x8FA0, 0x0002,
    0x8FA2, 0x0002,
    0x9484, 0x48DB,
    0x9486, 0x4A53,
    0x9488, 0x37FE,
    0x948A, 0x3A6E,
    0x948C, 0x50A3,
    0x948E, 0x2C00,
    0x9490, 0x2700,
    0x9492, 0x2700,
    0x9504, 0x48DB,
    0x9506, 0x4A53,
    0x9508, 0x37FE,
    0x950A, 0x3A6E,
    0x950C, 0x50A3,
    0x950E, 0x4000,
    0x9510, 0x4C00,
    0x9512, 0x4C00,
    0x9584, 0x0002,
    0x9586, 0x0002,
    0x9588, 0x0002,
    0x958A, 0x0002,
    0x958C, 0x0002,
    0x958E, 0x0002,
    0x9590, 0x0002,
    0x9592, 0x0002,
    0x98EA, 0x0001,
    0x98EC, 0x2EF8,
    0x98EE, 0x2340,
    0x98F8, 0x2EF8,
    0x98FA, 0x2340,
    0x9A84, 0x000F,
    0xA4B4, 0x0010,
    0xA4C0, 0x0000,
    0xA4C2, 0x0011,
    0xA4C4, 0x0000,
    0xA506, 0x0001,
    0xA508, 0x0002,
    0xA8CA, 0xFFEC,
    0xA8D0, 0x0000,
    0xA8EE, 0x0000,
    0xA8F4, 0x0000,
    0xAAB8, 0x0000,
    0xAE30, 0x0000,
    0xDED2, 0x0218,
    0xDED6, 0x0000,
    0xDED8, 0x0000,
    0xFCFC, 0x2002,
    0xEB00, 0xFFFC,
    0xEB08, 0xFFF8,
    0xEB10, 0xFFFD,
    0xEB18, 0xFFFF,
    0xEB20, 0xFFFE,
    0xEB28, 0x0000,
    0xEB30, 0xFFFE,
    0xEB38, 0xFFFD,
    0xEB40, 0xFFFE,
    0xEB48, 0xFFFC,
    0xEB50, 0xFFFD,
    0xEB58, 0x0001,
    0xEB60, 0x0002,
    0xEB68, 0x0001,
    0xEB70, 0x0002,
    0xEB78, 0x0001,
    0xEB80, 0x0001,
    0xEB88, 0xFFFC,
    0xEB90, 0xFFF9,
    0xEB98, 0xFFFA,
    0xEBA0, 0x0000,
    0xEBA8, 0x0003,
    0xEBB0, 0x0000,
    0xEBB8, 0x0000,
    0xEBC0, 0xFFFF,
    0xEBC8, 0xFFFA,
    0xEBD0, 0xFFFC,
    0xEBD8, 0xFFFA,
    0xEBE0, 0xFFF9,
    0xEBE8, 0x0003,
    0xEBF0, 0x0007,
    0xEBF8, 0x0006,
    0xEC00, 0x0005,
    0xEC08, 0x0001,
    0xEC10, 0xFFFA,
    0xEC18, 0xFFFD,
    0xEC20, 0xFFF7,
    0xEC28, 0xFFFA,
    0xEC30, 0x0007,
    0xEC38, 0x000B,
    0xEC40, 0x000A,
    0xEC48, 0x0007,
    0xEC50, 0x0001,
    0xEC58, 0xFFF8,
    0xEC60, 0xFFFC,
    0xEC68, 0xFFFD,
    0xEC70, 0xFFF7,
    0xEC78, 0x000B,
    0xEC80, 0x000F,
    0xEC88, 0x000B,
    0xEC90, 0x000C,
    0xEC98, 0x0002,
    0xECA0, 0xFFEE,
    0xECA8, 0xFFFF,
    0xFCFC, 0x4000,
    0x0340, 0x248A,
    0x0342, 0x5598,
    0x0344, 0x0000,
    0x0346, 0x0000,
    0x0348, 0x2EF7,
    0x034A, 0x236F,
    0x034C, 0x2EE0,
    0x034E, 0x2328,
    0x0350, 0x000C,
    0x0352, 0x0024,
    0x0D00, 0x0101,
    0x0D06, 0x0FA0,
    0x0D08, 0x0BB8,
    0x0D0A, 0x0100,
    0x0D0C, 0x0004,
    0x0D0E, 0x0004,
    0xFCFC, 0x4000,
};
//N17 code for HQ-293325 by jixinji at 2023/05/11 end

//N17 code for HQ-310269 by wangqiang at 2023/08/02 start
static kal_uint16 s5khm9_custom3_setting[] = {
    0xFCFC, 0x4000,
    0x0B30, 0x0103,
    0xFCFC, 0x2000,
    0x7D7A, 0x086C,
    0x80AA, 0x0000,
    0x80AC, 0x0000,
    0x80B2, 0x0000,
    0x80B4, 0x0000,
    0x80C2, 0x00D9,
    0x80C4, 0x00D9,
    0x8CD0, 0x0001,
    0x8CD4, 0x0007,
    0x8CD6, 0x0009,
    0x8E94, 0x48DB,
    0x8E96, 0x4A53,
    0x8E98, 0x37FE,
    0x8E9A, 0x3A6E,
    0x8E9C, 0x50A3,
    0x8E9E, 0x2C00,
    0x8EA0, 0x2700,
    0x8EA2, 0x2700,
    0x8EB4, 0x48DB,
    0x8EB6, 0x4A53,
    0x8EB8, 0x37FE,
    0x8EBA, 0x3A6E,
    0x8EBC, 0x50A3,
    0x8EBE, 0x2C00,
    0x8EC0, 0x2700,
    0x8EC2, 0x2700,
    0x8ED4, 0x48DB,
    0x8ED6, 0x4A53,
    0x8ED8, 0x37FE,
    0x8EDA, 0x3A6E,
    0x8EDC, 0x50A3,
    0x8EDE, 0x2C00,
    0x8EE0, 0x2700,
    0x8EE2, 0x2700,
    0x8EF4, 0x48DB,
    0x8EF6, 0x4A53,
    0x8EF8, 0x37FE,
    0x8EFA, 0x3A6E,
    0x8EFC, 0x50A3,
    0x8EFE, 0x2C00,
    0x8F00, 0x2700,
    0x8F02, 0x2700,
    0x8F14, 0x48DB,
    0x8F16, 0x4A53,
    0x8F18, 0x37FE,
    0x8F1A, 0x3A6E,
    0x8F1C, 0x50A3,
    0x8F1E, 0x4000,
    0x8F20, 0x4C00,
    0x8F22, 0x4C00,
    0x8F34, 0x48DB,
    0x8F36, 0x4A53,
    0x8F38, 0x37FE,
    0x8F3A, 0x3A6E,
    0x8F3C, 0x50A3,
    0x8F3E, 0x4000,
    0x8F40, 0x4C00,
    0x8F42, 0x4C00,
    0x8F54, 0x48DB,
    0x8F56, 0x4A53,
    0x8F58, 0x37FE,
    0x8F5A, 0x3A6E,
    0x8F5C, 0x50A3,
    0x8F5E, 0x4000,
    0x8F60, 0x4C00,
    0x8F62, 0x4C00,
    0x8F74, 0x48DB,
    0x8F76, 0x4A53,
    0x8F78, 0x37FE,
    0x8F7A, 0x3A6E,
    0x8F7C, 0x50A3,
    0x8F7E, 0x4000,
    0x8F80, 0x4C00,
    0x8F82, 0x4C00,
    0x8F94, 0x0002,
    0x8F96, 0x0002,
    0x8F98, 0x0002,
    0x8F9A, 0x0002,
    0x8F9C, 0x0002,
    0x8F9E, 0x0002,
    0x8FA0, 0x0002,
    0x8FA2, 0x0002,
    0x9484, 0x48DB,
    0x9486, 0x4A53,
    0x9488, 0x37FE,
    0x948A, 0x3A6E,
    0x948C, 0x50A3,
    0x948E, 0x2C00,
    0x9490, 0x2700,
    0x9492, 0x2700,
    0x9504, 0x48DB,
    0x9506, 0x4A53,
    0x9508, 0x37FE,
    0x950A, 0x3A6E,
    0x950C, 0x50A3,
    0x950E, 0x4000,
    0x9510, 0x4C00,
    0x9512, 0x4C00,
    0x9584, 0x0002,
    0x9586, 0x0002,
    0x9588, 0x0002,
    0x958A, 0x0002,
    0x958C, 0x0002,
    0x958E, 0x0002,
    0x9590, 0x0002,
    0x9592, 0x0002,
    0x98EA, 0x0000,
    0x98EC, 0x2EF8,
    0x98EE, 0x2340,
    0x98F8, 0x2EF8,
    0x98FA, 0x2340,
    0x9A84, 0x000F,
    0xA4B4, 0x0010,
    0xA4C0, 0x0001,
    0xA4C2, 0x0000,
    0xA4C4, 0x0001,
    0xA506, 0x0000,
    0xA508, 0x0000,
    0xA8CA, 0x0000,
    0xA8D0, 0x0000,
    0xA8EE, 0x0000,
    0xA8F4, 0x0000,
    0xAAB8, 0xFFCD,
    0xAE30, 0x0000,
    0xDED2, 0x0218,
    0xDED6, 0x0000,
    0xDED8, 0x0000,
    0xFCFC, 0x2002,
    0xEB00, 0x0000,
    0xEB08, 0x0000,
    0xEB10, 0x0000,
    0xEB18, 0x0000,
    0xEB20, 0x0000,
    0xEB28, 0x0000,
    0xEB30, 0x0000,
    0xEB38, 0x0000,
    0xEB40, 0x0000,
    0xEB48, 0x0000,
    0xEB50, 0x0000,
    0xEB58, 0x0000,
    0xEB60, 0x0000,
    0xEB68, 0x0000,
    0xEB70, 0x0000,
    0xEB78, 0x0000,
    0xEB80, 0x0000,
    0xEB88, 0x0000,
    0xEB90, 0x0000,
    0xEB98, 0x0000,
    0xEBA0, 0x0000,
    0xEBA8, 0x0000,
    0xEBB0, 0x0000,
    0xEBB8, 0x0000,
    0xEBC0, 0x0000,
    0xEBC8, 0x0000,
    0xEBD0, 0x0000,
    0xEBD8, 0x0000,
    0xEBE0, 0x0000,
    0xEBE8, 0x0000,
    0xEBF0, 0x0000,
    0xEBF8, 0x0000,
    0xEC00, 0x0000,
    0xEC08, 0x0000,
    0xEC10, 0x0000,
    0xEC18, 0x0000,
    0xEC20, 0x0000,
    0xEC28, 0x0000,
    0xEC30, 0x0000,
    0xEC38, 0x0000,
    0xEC40, 0x0000,
    0xEC48, 0x0000,
    0xEC50, 0x0000,
    0xEC58, 0x0000,
    0xEC60, 0x0000,
    0xEC68, 0x0000,
    0xEC70, 0x0000,
    0xEC78, 0x0000,
    0xEC80, 0x0000,
    0xEC88, 0x0000,
    0xEC90, 0x0000,
    0xEC98, 0x0000,
    0xECA0, 0x0000,
    0xECA8, 0x0000,
    0xFCFC, 0x4000,
    0x0340, 0x0CA4,
    0x0342, 0x41F4,
    0x0344, 0x0F9C,
    0x0346, 0x0BB8,
    0x0348, 0x1F5B,
    0x034A, 0x17B7,
    0x034C, 0x0FA0,
    0x034E, 0x0BB8,
    0x0350, 0x0010,
    0x0352, 0x0024,
    0x0D00, 0x0101,
    0x0D06, 0x0538,
    0x0D08, 0x03E8,
    0x0D0A, 0x0100,
    0x0D0C, 0x0006,
    0x0D0E, 0x000C,
    0xFCFC, 0x4000,
};
static kal_uint16 s5khm9_custom4_setting[] = {
    0xFCFC, 0x4000,
    0x0B30, 0x0101,
    0xFCFC, 0x2000,
    0x7D7A, 0x08BC,
    0x80AA, 0x00D8,
    0x80AC, 0x00D8,
    0x80B2, 0x00D8,
    0x80B4, 0x00D8,
    0x80C2, 0x0000,
    0x80C4, 0x0000,
    0x8CD0, 0x0006,
    0x8CD4, 0x0004,
    0x8CD6, 0x0000,
    0x8E94, 0x48DB,
    0x8E96, 0x4A53,
    0x8E98, 0x37FE,
    0x8E9A, 0x3A6E,
    0x8E9C, 0x50A3,
    0x8E9E, 0x2C00,
    0x8EA0, 0x2700,
    0x8EA2, 0x2700,
    0x8EB4, 0x48DB,
    0x8EB6, 0x4A53,
    0x8EB8, 0x37FE,
    0x8EBA, 0x3A6E,
    0x8EBC, 0x50A3,
    0x8EBE, 0x2C00,
    0x8EC0, 0x2700,
    0x8EC2, 0x2700,
    0x8ED4, 0x48DB,
    0x8ED6, 0x4A53,
    0x8ED8, 0x37FE,
    0x8EDA, 0x3A6E,
    0x8EDC, 0x50A3,
    0x8EDE, 0x2C00,
    0x8EE0, 0x2700,
    0x8EE2, 0x2700,
    0x8EF4, 0x48DB,
    0x8EF6, 0x4A53,
    0x8EF8, 0x37FE,
    0x8EFA, 0x3A6E,
    0x8EFC, 0x50A3,
    0x8EFE, 0x2C00,
    0x8F00, 0x2700,
    0x8F02, 0x2700,
    0x8F14, 0x48DB,
    0x8F16, 0x4A53,
    0x8F18, 0x37FE,
    0x8F1A, 0x3A6E,
    0x8F1C, 0x50A3,
    0x8F1E, 0x4000,
    0x8F20, 0x4C00,
    0x8F22, 0x4C00,
    0x8F34, 0x48DB,
    0x8F36, 0x4A53,
    0x8F38, 0x37FE,
    0x8F3A, 0x3A6E,
    0x8F3C, 0x50A3,
    0x8F3E, 0x4000,
    0x8F40, 0x4C00,
    0x8F42, 0x4C00,
    0x8F54, 0x48DB,
    0x8F56, 0x4A53,
    0x8F58, 0x37FE,
    0x8F5A, 0x3A6E,
    0x8F5C, 0x50A3,
    0x8F5E, 0x4000,
    0x8F60, 0x4C00,
    0x8F62, 0x4C00,
    0x8F74, 0x48DB,
    0x8F76, 0x4A53,
    0x8F78, 0x37FE,
    0x8F7A, 0x3A6E,
    0x8F7C, 0x50A3,
    0x8F7E, 0x4000,
    0x8F80, 0x4C00,
    0x8F82, 0x4C00,
    0x8F94, 0x0014,
    0x8F96, 0x0014,
    0x8F98, 0x0014,
    0x8F9A, 0x0014,
    0x8F9C, 0x0014,
    0x8F9E, 0x0014,
    0x8FA0, 0x0014,
    0x8FA2, 0x0014,
    0x9484, 0x5200,
    0x9486, 0x5A00,
    0x9488, 0x5100,
    0x948A, 0x3900,
    0x948C, 0x4700,
    0x948E, 0x4000,
    0x9490, 0x4000,
    0x9492, 0x2700,
    0x9504, 0x7100,
    0x9506, 0x7E00,
    0x9508, 0x6A00,
    0x950A, 0x5200,
    0x950C, 0x6700,
    0x950E, 0x6000,
    0x9510, 0x6500,
    0x9512, 0x4C00,
    0x9584, 0x0014,
    0x9586, 0x0014,
    0x9588, 0x0014,
    0x958A, 0x0014,
    0x958C, 0x0014,
    0x958E, 0x0014,
    0x9590, 0x0014,
    0x9592, 0x0014,
    0x98EA, 0x0000,
    0x98EC, 0x2EF8,
    0x98EE, 0x2340,
    0x98F8, 0x2EF8,
    0x98FA, 0x2340,
    0x9A84, 0x000F,
    0xA4B4, 0x0010,
    0xA4C0, 0x0000,
    0xA4C2, 0x0001,
    0xA4C4, 0x0000,
    0xA506, 0x0001,
    0xA508, 0x0002,
    0xA8CA, 0xFFF9,
    0xA8D0, 0xFFF9,
    0xA8EE, 0xFFF8,
    0xA8F4, 0xFFF9,
    0xAAB8, 0x0000,
    0xAE30, 0x0001,
    0xDED2, 0x0090,
    0xDED6, 0x0001,
    0xDED8, 0x0010,
    0xFCFC, 0x2002,
    0xEB00, 0x0000,
    0xEB08, 0x0000,
    0xEB10, 0x0000,
    0xEB18, 0x0000,
    0xEB20, 0x0000,
    0xEB28, 0x0000,
    0xEB30, 0x0000,
    0xEB38, 0x0000,
    0xEB40, 0x0000,
    0xEB48, 0x0000,
    0xEB50, 0x0000,
    0xEB58, 0x0000,
    0xEB60, 0x0000,
    0xEB68, 0x0000,
    0xEB70, 0x0000,
    0xEB78, 0x0000,
    0xEB80, 0x0000,
    0xEB88, 0x0000,
    0xEB90, 0x0000,
    0xEB98, 0x0000,
    0xEBA0, 0x0000,
    0xEBA8, 0x0000,
    0xEBB0, 0x0000,
    0xEBB8, 0x0000,
    0xEBC0, 0x0000,
    0xEBC8, 0x0000,
    0xEBD0, 0x0000,
    0xEBD8, 0x0000,
    0xEBE0, 0x0000,
    0xEBE8, 0x0000,
    0xEBF0, 0x0000,
    0xEBF8, 0x0000,
    0xEC00, 0x0000,
    0xEC08, 0x0000,
    0xEC10, 0x0000,
    0xEC18, 0x0000,
    0xEC20, 0x0000,
    0xEC28, 0x0000,
    0xEC30, 0x0000,
    0xEC38, 0x0000,
    0xEC40, 0x0000,
    0xEC48, 0x0000,
    0xEC50, 0x0000,
    0xEC58, 0x0000,
    0xEC60, 0x0000,
    0xEC68, 0x0000,
    0xEC70, 0x0000,
    0xEC78, 0x0000,
    0xEC80, 0x0000,
    0xEC88, 0x0000,
    0xEC90, 0x0000,
    0xEC98, 0x0000,
    0xECA0, 0x0000,
    0xECA8, 0x0000,
    0xFCFC, 0x4000,
    0x0340, 0x0AA8,
    0x0342, 0x2720,
    0x0344, 0x0000,
    0x0346, 0x0468,
    0x0348, 0x2EF7,
    0x034A, 0x1F07,
    0x034C, 0x0FA0,
    0x034E, 0x08CC,
    0x0350, 0x0004,
    0x0352, 0x000A,
    0x0D00, 0x0100,
    0x0D06, 0x07D0,
    0x0D08, 0x0466,
    0x0D0A, 0x0000,
    0x0D0C, 0x0002,
    0x0D0E, 0x0006,
    0xFCFC, 0x4000,
};

static kal_uint16 s5khm9_custom5_setting[] = {
    0xFCFC, 0x4000,
    0x0B30, 0x0104,
    0xFCFC, 0x2000,
    0x7D7A, 0x086C,
    0x80AA, 0x00D3,
    0x80AC, 0x00D3,
    0x80B2, 0x00D3,
    0x80B4, 0x00D3,
    0x80C2, 0x0000,
    0x80C4, 0x0000,
    0x8CD0, 0x0001,
    0x8CD4, 0x0007,
    0x8CD6, 0x0009,
    0x8E94, 0x1343,
    0x8E96, 0x07C3,
    0x8E98, 0x1E0C,
    0x8E9A, 0x7B08,
    0x8E9C, 0x7A66,
    0x8E9E, 0x5E85,
    0x8EA0, 0x5DAD,
    0x8EA2, 0x5DAD,
    0x8EB4, 0x1343,
    0x8EB6, 0x07C3,
    0x8EB8, 0x1E0C,
    0x8EBA, 0x7B08,
    0x8EBC, 0x7A66,
    0x8EBE, 0x5E85,
    0x8EC0, 0x5DAD,
    0x8EC2, 0x5DAD,
    0x8ED4, 0x1343,
    0x8ED6, 0x07C3,
    0x8ED8, 0x1E0C,
    0x8EDA, 0x7B08,
    0x8EDC, 0x7A66,
    0x8EDE, 0x5E85,
    0x8EE0, 0x5DAD,
    0x8EE2, 0x5DAD,
    0x8EF4, 0x1343,
    0x8EF6, 0x07C3,
    0x8EF8, 0x1E0C,
    0x8EFA, 0x7B08,
    0x8EFC, 0x7A66,
    0x8EFE, 0x5E85,
    0x8F00, 0x5DAD,
    0x8F02, 0x5DAD,
    0x8F14, 0x1343,
    0x8F16, 0x07C3,
    0x8F18, 0x1E0C,
    0x8F1A, 0x7B08,
    0x8F1C, 0x7A66,
    0x8F1E, 0x5E85,
    0x8F20, 0x5DAD,
    0x8F22, 0x5DAD,
    0x8F34, 0x1343,
    0x8F36, 0x07C3,
    0x8F38, 0x1E0C,
    0x8F3A, 0x7B08,
    0x8F3C, 0x7A66,
    0x8F3E, 0x5E85,
    0x8F40, 0x5DAD,
    0x8F42, 0x5DAD,
    0x8F54, 0x1343,
    0x8F56, 0x07C3,
    0x8F58, 0x1E0C,
    0x8F5A, 0x7B08,
    0x8F5C, 0x7A66,
    0x8F5E, 0x5E85,
    0x8F60, 0x5DAD,
    0x8F62, 0x5DAD,
    0x8F74, 0x1343,
    0x8F76, 0x07C3,
    0x8F78, 0x1E0C,
    0x8F7A, 0x7B08,
    0x8F7C, 0x7A66,
    0x8F7E, 0x5E85,
    0x8F80, 0x5DAD,
    0x8F82, 0x5DAD,
    0x8F94, 0x0016,
    0x8F96, 0x0016,
    0x8F98, 0x0016,
    0x8F9A, 0x0016,
    0x8F9C, 0x0016,
    0x8F9E, 0x0016,
    0x8FA0, 0x0016,
    0x8FA2, 0x0016,
    0x9484, 0x1343,
    0x9486, 0x07C3,
    0x9488, 0x1E0C,
    0x948A, 0x7B08,
    0x948C, 0x7A66,
    0x948E, 0x5E85,
    0x9490, 0x5DAD,
    0x9492, 0x5DAD,
    0x9504, 0x1343,
    0x9506, 0x07C3,
    0x9508, 0x1E0C,
    0x950A, 0x7B08,
    0x950C, 0x7A66,
    0x950E, 0x5E85,
    0x9510, 0x5DAD,
    0x9512, 0x5DAD,
    0x9584, 0x0016,
    0x9586, 0x0016,
    0x9588, 0x0016,
    0x958A, 0x0016,
    0x958C, 0x0016,
    0x958E, 0x0016,
    0x9590, 0x0016,
    0x9592, 0x0016,
    0x98EA, 0x0000,
    0x98EC, 0x2EF8,
    0x98EE, 0x2340,
    0x98F8, 0x2EF8,
    0x98FA, 0x2340,
    0x9A84, 0x000F,
    0xA4B4, 0x0010,
    0xA4C0, 0x0001,
    0xA4C2, 0x0000,
    0xA4C4, 0x0001,
    0xA506, 0x0001,
    0xA508, 0x0002,
    0xA8CA, 0x000A,
    0xA8D0, 0x0000,
    0xA8EE, 0x0000,
    0xA8F4, 0x0000,
    0xAAB8, 0x0000,
    0xAE30, 0x0001,
    0xDED2, 0x0010,
    0xDED6, 0x0000,
    0xDED8, 0x0000,
    0xFCFC, 0x2002,
    0xEB00, 0x0000,
    0xEB08, 0x0000,
    0xEB10, 0x0000,
    0xEB18, 0x0000,
    0xEB20, 0x0000,
    0xEB28, 0x0000,
    0xEB30, 0x0000,
    0xEB38, 0x0000,
    0xEB40, 0x0000,
    0xEB48, 0x0000,
    0xEB50, 0x0000,
    0xEB58, 0x0000,
    0xEB60, 0x0000,
    0xEB68, 0x0000,
    0xEB70, 0x0000,
    0xEB78, 0x0000,
    0xEB80, 0x0000,
    0xEB88, 0x0000,
    0xEB90, 0x0000,
    0xEB98, 0x0000,
    0xEBA0, 0x0000,
    0xEBA8, 0x0000,
    0xEBB0, 0x0000,
    0xEBB8, 0x0000,
    0xEBC0, 0x0000,
    0xEBC8, 0x0000,
    0xEBD0, 0x0000,
    0xEBD8, 0x0000,
    0xEBE0, 0x0000,
    0xEBE8, 0x0000,
    0xEBF0, 0x0000,
    0xEBF8, 0x0000,
    0xEC00, 0x0000,
    0xEC08, 0x0000,
    0xEC10, 0x0000,
    0xEC18, 0x0000,
    0xEC20, 0x0000,
    0xEC28, 0x0000,
    0xEC30, 0x0000,
    0xEC38, 0x0000,
    0xEC40, 0x0000,
    0xEC48, 0x0000,
    0xEC50, 0x0000,
    0xEC58, 0x0000,
    0xEC60, 0x0000,
    0xEC68, 0x0000,
    0xEC70, 0x0000,
    0xEC78, 0x0000,
    0xEC80, 0x0000,
    0xEC88, 0x0000,
    0xEC90, 0x0000,
    0xEC98, 0x0000,
    0xECA0, 0x0000,
    0xECA8, 0x0000,
    0xFCFC, 0x4000,
    0x0340, 0x18C2,
    0x0342, 0x21B0,
    0x0344, 0x00FC,
    0x0346, 0x04C8,
    0x0348, 0x2DFB,
    0x034A, 0x1EA7,
    0x034C, 0x0780,
    0x034E, 0x0438,
    0x0350, 0x0000,
    0x0352, 0x000C,
    0x0D00, 0x0100,
    0x0D06, 0x03C0,
    0x0D08, 0x021C,
    0x0D0A, 0x0000,
    0x0D0C, 0x0000,
    0x0D0E, 0x000C,
    0xFCFC, 0x4000,
};

//4000*3000 24fps bokeh
static kal_uint16 s5khm9_custom6_setting[] = {
    0xFCFC, 0x4000,
    0x0B30, 0x0103,
    0xFCFC, 0x2000,
    0x7D7A, 0x086C,
    0x80AA, 0x0000,
    0x80AC, 0x0000,
    0x80B2, 0x0000,
    0x80B4, 0x0000,
    0x80C2, 0x00D9,
    0x80C4, 0x00D9,
    0x8CD0, 0x0001,
    0x8CD4, 0x0007,
    0x8CD6, 0x0009,
    0x8E94, 0x48DB,
    0x8E96, 0x4A53,
    0x8E98, 0x37FE,
    0x8E9A, 0x3A6E,
    0x8E9C, 0x50A3,
    0x8E9E, 0x2C00,
    0x8EA0, 0x2700,
    0x8EA2, 0x2700,
    0x8EB4, 0x48DB,
    0x8EB6, 0x4A53,
    0x8EB8, 0x37FE,
    0x8EBA, 0x3A6E,
    0x8EBC, 0x50A3,
    0x8EBE, 0x2C00,
    0x8EC0, 0x2700,
    0x8EC2, 0x2700,
    0x8ED4, 0x48DB,
    0x8ED6, 0x4A53,
    0x8ED8, 0x37FE,
    0x8EDA, 0x3A6E,
    0x8EDC, 0x50A3,
    0x8EDE, 0x2C00,
    0x8EE0, 0x2700,
    0x8EE2, 0x2700,
    0x8EF4, 0x48DB,
    0x8EF6, 0x4A53,
    0x8EF8, 0x37FE,
    0x8EFA, 0x3A6E,
    0x8EFC, 0x50A3,
    0x8EFE, 0x2C00,
    0x8F00, 0x2700,
    0x8F02, 0x2700,
    0x8F14, 0x48DB,
    0x8F16, 0x4A53,
    0x8F18, 0x37FE,
    0x8F1A, 0x3A6E,
    0x8F1C, 0x50A3,
    0x8F1E, 0x4000,
    0x8F20, 0x4C00,
    0x8F22, 0x4C00,
    0x8F34, 0x48DB,
    0x8F36, 0x4A53,
    0x8F38, 0x37FE,
    0x8F3A, 0x3A6E,
    0x8F3C, 0x50A3,
    0x8F3E, 0x4000,
    0x8F40, 0x4C00,
    0x8F42, 0x4C00,
    0x8F54, 0x48DB,
    0x8F56, 0x4A53,
    0x8F58, 0x37FE,
    0x8F5A, 0x3A6E,
    0x8F5C, 0x50A3,
    0x8F5E, 0x4000,
    0x8F60, 0x4C00,
    0x8F62, 0x4C00,
    0x8F74, 0x48DB,
    0x8F76, 0x4A53,
    0x8F78, 0x37FE,
    0x8F7A, 0x3A6E,
    0x8F7C, 0x50A3,
    0x8F7E, 0x4000,
    0x8F80, 0x4C00,
    0x8F82, 0x4C00,
    0x8F94, 0x0002,
    0x8F96, 0x0002,
    0x8F98, 0x0002,
    0x8F9A, 0x0002,
    0x8F9C, 0x0002,
    0x8F9E, 0x0002,
    0x8FA0, 0x0002,
    0x8FA2, 0x0002,
    0x9484, 0x48DB,
    0x9486, 0x4A53,
    0x9488, 0x37FE,
    0x948A, 0x3A6E,
    0x948C, 0x50A3,
    0x948E, 0x2C00,
    0x9490, 0x2700,
    0x9492, 0x2700,
    0x9504, 0x48DB,
    0x9506, 0x4A53,
    0x9508, 0x37FE,
    0x950A, 0x3A6E,
    0x950C, 0x50A3,
    0x950E, 0x4000,
    0x9510, 0x4C00,
    0x9512, 0x4C00,
    0x9584, 0x0002,
    0x9586, 0x0002,
    0x9588, 0x0002,
    0x958A, 0x0002,
    0x958C, 0x0002,
    0x958E, 0x0002,
    0x9590, 0x0002,
    0x9592, 0x0002,
    0x98EA, 0x0000,
    0x98EC, 0x2EF8,
    0x98EE, 0x2340,
    0x98F8, 0x2EF8,
    0x98FA, 0x2340,
    0x9A84, 0x000F,
    0xA4B4, 0x0010,
    0xA4C0, 0x0001,
    0xA4C2, 0x0000,
    0xA4C4, 0x0001,
    0xA506, 0x0000,
    0xA508, 0x0000,
    0xA8CA, 0x0000,
    0xA8D0, 0x0000,
    0xA8EE, 0x0000,
    0xA8F4, 0x0000,
    0xAAB8, 0xFFCD,
    0xAE30, 0x0000,
    0xDED2, 0x0218,
    0xDED6, 0x0000,
    0xDED8, 0x0000,
    0xFCFC, 0x2002,
    0xEB00, 0x0000,
    0xEB08, 0x0000,
    0xEB10, 0x0000,
    0xEB18, 0x0000,
    0xEB20, 0x0000,
    0xEB28, 0x0000,
    0xEB30, 0x0000,
    0xEB38, 0x0000,
    0xEB40, 0x0000,
    0xEB48, 0x0000,
    0xEB50, 0x0000,
    0xEB58, 0x0000,
    0xEB60, 0x0000,
    0xEB68, 0x0000,
    0xEB70, 0x0000,
    0xEB78, 0x0000,
    0xEB80, 0x0000,
    0xEB88, 0x0000,
    0xEB90, 0x0000,
    0xEB98, 0x0000,
    0xEBA0, 0x0000,
    0xEBA8, 0x0000,
    0xEBB0, 0x0000,
    0xEBB8, 0x0000,
    0xEBC0, 0x0000,
    0xEBC8, 0x0000,
    0xEBD0, 0x0000,
    0xEBD8, 0x0000,
    0xEBE0, 0x0000,
    0xEBE8, 0x0000,
    0xEBF0, 0x0000,
    0xEBF8, 0x0000,
    0xEC00, 0x0000,
    0xEC08, 0x0000,
    0xEC10, 0x0000,
    0xEC18, 0x0000,
    0xEC20, 0x0000,
    0xEC28, 0x0000,
    0xEC30, 0x0000,
    0xEC38, 0x0000,
    0xEC40, 0x0000,
    0xEC48, 0x0000,
    0xEC50, 0x0000,
    0xEC58, 0x0000,
    0xEC60, 0x0000,
    0xEC68, 0x0000,
    0xEC70, 0x0000,
    0xEC78, 0x0000,
    0xEC80, 0x0000,
    0xEC88, 0x0000,
    0xEC90, 0x0000,
    0xEC98, 0x0000,
    0xECA0, 0x0000,
    0xECA8, 0x0000,
    0xFCFC, 0x4000,
    0x0340, 0x1382,
    0x0342, 0x3570,
    0x0344, 0x0F9C,
    0x0346, 0x0BB8,
    0x0348, 0x1F5B,
    0x034A, 0x17B7,
    0x034C, 0x0FA0,
    0x034E, 0x0BB8,
    0x0350, 0x0010,
    0x0352, 0x0024,
    0x0D00, 0x0101,
    0x0D06, 0x0538,
    0x0D08, 0x03E8,
    0x0D0A, 0x0100,
    0x0D0C, 0x0006,
    0x0D0E, 0x000C,
    0xFCFC, 0x4000,
};

/* N17 code for HQ-HQ-308731 by wangqiang at 2023/07/25 end *///change to index0 for normal preview
static kal_uint16 fast_mode_change_index00[] = {
    0xFCFC, 0x4000,
    0x0104, 0x0100,
    0xFCFC, 0x4000,
    0x0B30, 0x0106,
    0x0340, 0x1550,
    0x0342, 0x2720,
    0xFCFC, 0x4000,
    0x0104, 0x0000,
};

//change to index1 for 3x isz
static kal_uint16 fast_mode_change_index01[] = {
    0xFCFC, 0x4000,
    0x0104, 0x0100,
    0xFCFC, 0x4000,
    0x0B30, 0x0107,
    0x0340, 0x0CA4,
    0x0342, 0x41F4,
    0xFCFC, 0x4000,
    0x0104, 0x0000,
};
