//init setting tnp setting
static kal_uint16 addr_data_pair_init_mot_naples_s5khp5_part1[] = {
    0x6028, 0x2000,
    0x602A, 0x18B4,
    0x6F12, 0xFCFC,
    0x6F12, 0xFFFE,
    0x6F12, 0xFCFC,
    0x6F12, 0xFFFE,
    0x6F12, 0xFCFC,
    0x6F12, 0xFFFE,
    0x6F12, 0xFCFC,
    0x6F12, 0xFFFE,
    0x6F12, 0xFCFC,
    0x6F12, 0xFFFE,
    0x6F12, 0xFCFC,
    0x6F12, 0xFFFE,
    0x6F12, 0xFCFC,
    0x6F12, 0xFFFE,
    0x602A, 0x1A44,
    0x6F12, 0x2002,
    0x6F12, 0xE1D0,
    0x6F12, 0x2003,
    0x6F12, 0x0C82,
    0x6F12, 0x2003,
    0x6F12, 0x0D52,
    0x6F12, 0x0000,
    0x6F12, 0x0000,
    0x6F12, 0x0000,
    0x6F12, 0x0000,
    0x6F12, 0x0000,
    0x6F12, 0x0000,
    0x6F12, 0x0000,
    0x6F12, 0x0000,
    0x602A, 0x1BD4,
    0x6F12, 0x2002,
    0x6F12, 0xE1D0,
    0x6F12, 0x2002,
    0x6F12, 0xF78A,
    0x6F12, 0x2003,
    0x6F12, 0x0C82,
    0x6F12, 0x2003,
    0x6F12, 0x0D52,
    0x6F12, 0x2003,
    0x6F12, 0x1274,
    0x6F12, 0x0000,
    0x6F12, 0x0000,
    0x6F12, 0x0000,
    0x6F12, 0x0000,
    0x6028, 0x2003,
    0x602A, 0x0C82,
    0x6F12, 0xFFFE,
    0x6F12, 0x2000,
    0x6F12, 0xFFFD,
    0x6F12, 0x1004,
    0x6F12, 0x0000,
    0x6F12, 0x4718,
    0x6F12, 0xFFFF,
    0x6F12, 0x8F40,
    0x6F12, 0x0702,
    0x6F12, 0xB8C4,
    0x6F12, 0x0000,
    0x6F12, 0x0000,
    0x6F12, 0xFFFE,
    0x6F12, 0x2001,
    0x6F12, 0xFFFD,
    0x6F12, 0x10F0,
    0x6F12, 0x0200,
    0x6F12, 0x2C02,
    0x6F12, 0x0008,
    0x6F12, 0x2C04,
    0x6F12, 0x0008,
    0x6F12, 0x2C06,
    0x6F12, 0x0000,
    0x6F12, 0x2DD0,
    0x6F12, 0x0000,
    0x6F12, 0x0000,
    0x6F12, 0xFFFE,
    0x6F12, 0x4000,
    0x6F12, 0xFFFD,
    0x6F12, 0x0112,
    0x6F12, 0x0A0A,
    0x6F12, 0x021E,
    0x6F12, 0x0000,
    0x6F12, 0x0720,
    0x6F12, 0x0001,
    0x6F12, 0x0724,
    0x6F12, 0x0000,
    0x6F12, 0x072C,
    0x6F12, 0x0800,
    0x6F12, 0x072E,
    0x6F12, 0x0300,
    0x6F12, 0x0BCC,
    0x6F12, 0x0000,
    0x6F12, 0x0000,
    0x6F12, 0xFFFF,
    0x6F12, 0x002A,
    0x6F12, 0x2000,
    0x6F12, 0xA76E,
    0x6F12, 0x0180,
    0x6F12, 0x0200,
    0x6F12, 0x0300,
    0x6F12, 0x0400,
    0x6F12, 0x1E20,
    0x6F12, 0x2223,
    0x6F12, 0x2526,
    0x6F12, 0x2728,
    0x6F12, 0x292A,
    0x6F12, 0x2B2C,
    0x6F12, 0x2C2D,
    0x6F12, 0x2E2E,
    0x6F12, 0x2F31,
    0x6F12, 0x3233,
    0x6F12, 0x3435,
    0x6F12, 0x3637,
    0x6F12, 0x3739,
    0x6F12, 0x3A3B,
    0x6F12, 0x3B3D,
    0x6F12, 0x3E3E,
    0x6F12, 0x3F2C,
    0x6F12, 0xFFFF,
    0x6F12, 0x001E,
    0x6F12, 0x2001,
    0x6F12, 0x34BC,
    0x6F12, 0x013F,
    0x6F12, 0x017F,
    0x6F12, 0x01BF,
    0x6F12, 0x01FF,
    0x6F12, 0x027F,
    0x6F12, 0x02FF,
    0x6F12, 0x037F,
    0x6F12, 0x03FF,
    0x6F12, 0x05FF,
    0x6F12, 0x07FF,
    0x6F12, 0x09FF,
    0x6F12, 0x0BFF,
    0x6F12, 0x0DFF,
    0x6F12, 0x0FFF,
    0x6F12, 0x3FFF,
    0x6F12, 0xFFFF,
    0x6F12, 0x0012,
    0x6F12, 0x4000,
    0x6F12, 0x0342,
    0x6F12, 0x3540,
    0x6F12, 0x0000,
    0x6F12, 0x0020,
    0x6F12, 0x403C,
    0x6F12, 0x305C,
    0x6F12, 0x1000,
    0x6F12, 0x0C00,
    0x6F12, 0x0008,
    0x6F12, 0x0008,
    0x6F12, 0x0000,
    0x6F12, 0x0000,
    0x6F12, 0x0000,
    0x6028, 0x2003,
    0x602A, 0x0D52,
    0x6F12, 0xFFFE,
    0x6F12, 0x2000,
    0x6F12, 0xFFFD,
    0x6F12, 0x4A5A,
    0x6F12, 0xFFF1,
    0x6F12, 0x4A5E,
    0x6F12, 0x00C8,
    0x6F12, 0x4A60,
    0x6F12, 0x0001,
    0x6F12, 0x4A62,
    0x6F12, 0x0001,
    0x6F12, 0x4A68,
    0x6F12, 0x0007,
    0x6F12, 0x4A6C,
    0x6F12, 0x0018,
    0x6F12, 0x4A6E,
    0x6F12, 0x0006,
    0x6F12, 0x4A70,
    0x6F12, 0x0006,
    0x6F12, 0x4A92,
    0x6F12, 0xFFFA,
    0x6F12, 0x4A96,
    0x6F12, 0x0005,
    0x6F12, 0x4A98,
    0x6F12, 0x0010,
    0x6F12, 0x4A9A,
    0x6F12, 0x0010,
    0x6F12, 0x4AA0,
    0x6F12, 0x0020,
    0x6F12, 0x4AA2,
    0x6F12, 0x000E,
    0x6F12, 0x4AA4,
    0x6F12, 0x000E,
    0x6F12, 0x4AA6,
    0x6F12, 0x0007,
    0x6F12, 0x4AA8,
    0x6F12, 0x0007,
    0x6F12, 0x4AC0,
    0x6F12, 0x000E,
    0x6F12, 0x4AC2,
    0x6F12, 0x001E,
    0x6F12, 0x4AC4,
    0x6F12, 0x002E,
    0x6F12, 0x4AE6,
    0x6F12, 0x0010,
    0x6F12, 0x4AEA,
    0x6F12, 0x0010,
    0x6F12, 0x4AEC,
    0x6F12, 0x0010,
    0x6F12, 0x4AEE,
    0x6F12, 0x0010,
    0x6F12, 0x4AF4,
    0x6F12, 0x0008,
    0x6F12, 0x4AF8,
    0x6F12, 0x0004,
    0x6F12, 0x4AFA,
    0x6F12, 0x0008,
    0x6F12, 0x4AFC,
    0x6F12, 0x0008,
    0x6F12, 0x4B56,
    0x6F12, 0x0010,
    0x6F12, 0x4B5A,
    0x6F12, 0x0010,
    0x6F12, 0x4B5C,
    0x6F12, 0x0010,
    0x6F12, 0x4B5E,
    0x6F12, 0x0010,
    0x6F12, 0x4B64,
    0x6F12, 0x0008,
    0x6F12, 0x4B68,
    0x6F12, 0x0004,
    0x6F12, 0x4B6A,
    0x6F12, 0x0008,
    0x6F12, 0x4B6C,
    0x6F12, 0x0008,
    0x6F12, 0x4BC6,
    0x6F12, 0x0010,
    0x6F12, 0x4BCA,
    0x6F12, 0x0010,
    0x6F12, 0x4BCC,
    0x6F12, 0x0010,
    0x6F12, 0x4BCE,
    0x6F12, 0x0010,
    0x6F12, 0x4BD4,
    0x6F12, 0x0008,
    0x6F12, 0x4BD8,
    0x6F12, 0x0004,
    0x6F12, 0x4BDA,
    0x6F12, 0x0008,
    0x6F12, 0x4BDC,
    0x6F12, 0x0008,
    0x6F12, 0x4BE2,
    0x6F12, 0x0003,
    0x6F12, 0x4BE6,
    0x6F12, 0x0008,
    0x6F12, 0x4BE8,
    0x6F12, 0x0003,
    0x6F12, 0x4BEA,
    0x6F12, 0x0003,
    0x6F12, 0x4BF0,
    0x6F12, 0x004B,
    0x6F12, 0x4BF2,
    0x6F12, 0x0060,
    0x6F12, 0x4BF8,
    0x6F12, 0x0060,
    0x6F12, 0x4C44,
    0x6F12, 0x0001,
    0x6F12, 0x4C48,
    0x6F12, 0x0014,
    0x6F12, 0x4C4A,
    0x6F12, 0x0014,
    0x6F12, 0x4C4C,
    0x6F12, 0x0014,
    0x6F12, 0x4C6E,
    0x6F12, 0x0001,
    0x6F12, 0x4C72,
    0x6F12, 0x0007,
    0x6F12, 0x4C76,
    0x6F12, 0x0004,
    0x6F12, 0x4C7C,
    0x6F12, 0xFFD0,
    0x6F12, 0x4C80,
    0x6F12, 0xFFDE,
    0x6F12, 0x4C82,
    0x6F12, 0xFFCE,
    0x6F12, 0x4C84,
    0x6F12, 0xFFCE,
    0x6F12, 0x4C8C,
    0x6F12, 0x0006,
    0x6F12, 0x4C8E,
    0x6F12, 0x0006,
    0x6F12, 0x4C90,
    0x6F12, 0x0006,
    0x6F12, 0x4C92,
    0x6F12, 0x0006,
    0x6F12, 0x4C98,
    0x6F12, 0xFFE0,
    0x6F12, 0x4C9A,
    0x6F12, 0xFFFB,
    0x6F12, 0x4C9C,
    0x6F12, 0xFFFD,
    0x6F12, 0x4C9E,
    0x6F12, 0xFFFF,
    0x6F12, 0x4CA0,
    0x6F12, 0xFFFF,
    0x6F12, 0x4CAA,
    0x6F12, 0x0006,
    0x6F12, 0x4CB8,
    0x6F12, 0x0006,
    0x6F12, 0x4CBA,
    0x6F12, 0xFFCA,
    0x6F12, 0x4CBC,
    0x6F12, 0xFFBA,
    0x6F12, 0x4CDE,
    0x6F12, 0x0001,
    0x6F12, 0x4CE2,
    0x6F12, 0x0004,
    0x6F12, 0x4CE4,
    0x6F12, 0x0001,
    0x6F12, 0x4CE6,
    0x6F12, 0x0001,
    0x6F12, 0x4CEC,
    0x6F12, 0x0040,
    0x6F12, 0x4CF0,
    0x6F12, 0x0040,
    0x6F12, 0x4CF2,
    0x6F12, 0x0040,
    0x6F12, 0x4CF4,
    0x6F12, 0x0040,
    0x6F12, 0x4CFA,
    0x6F12, 0x0001,
    0x6F12, 0x4CFE,
    0x6F12, 0x0004,
    0x6F12, 0x4D00,
    0x6F12, 0x0001,
    0x6F12, 0x4D02,
    0x6F12, 0x0001,
    0x6F12, 0x4D08,
    0x6F12, 0x0040,
    0x6F12, 0x4D0C,
    0x6F12, 0x0040,
    0x6F12, 0x4D0E,
    0x6F12, 0x0040,
    0x6F12, 0x4D10,
    0x6F12, 0x0040,
    0x6F12, 0x4D16,
    0x6F12, 0x0001,
    0x6F12, 0x4D1A,
    0x6F12, 0x0004,
    0x6F12, 0x4D1C,
    0x6F12, 0x0001,
    0x6F12, 0x4D1E,
    0x6F12, 0x0001,
    0x6F12, 0x4D24,
    0x6F12, 0x0040,
    0x6F12, 0x4D28,
    0x6F12, 0x0040,
    0x6F12, 0x4D2A,
    0x6F12, 0x0040,
    0x6F12, 0x4D2C,
    0x6F12, 0x0040,
    0x6F12, 0x4DF6,
    0x6F12, 0x0305,
    0x6F12, 0x4DFA,
    0x6F12, 0x0004,
    0x6F12, 0x4DFC,
    0x6F12, 0x0004,
    0x6F12, 0x4DFE,
    0x6F12, 0x0000,
    0x6F12, 0x4E0C,
    0x6F12, 0x0053,
    0x6F12, 0x4E2E,
    0x6F12, 0x012F,
    0x6F12, 0x4E32,
    0x6F12, 0x01E8,
    0x6F12, 0x4E34,
    0x6F12, 0x0351,
    0x6F12, 0x4E36,
    0x6F12, 0x064F,
    0x6F12, 0x4E3C,
    0x6F12, 0x004B,
    0x6F12, 0x4E40,
    0x6F12, 0x0060,
    0x6F12, 0x4E42,
    0x6F12, 0x0060,
    0x6F12, 0x4E44,
    0x6F12, 0x0060,
    0x6F12, 0x4E4A,
    0x6F12, 0x012F,
    0x6F12, 0x4E4E,
    0x6F12, 0x01E8,
    0x6F12, 0x4E50,
    0x6F12, 0x0351,
    0x6F12, 0x4E52,
    0x6F12, 0x064F,
    0x6F12, 0x4E58,
    0x6F12, 0x004B,
    0x6F12, 0x4E5C,
    0x6F12, 0x0060,
    0x6F12, 0x4E5E,
    0x6F12, 0x0060,
    0x6F12, 0x4E60,
    0x6F12, 0x0060,
    0x6F12, 0x4F1C,
    0x6F12, 0x001A,
    0x6F12, 0x4F20,
    0x6F12, 0x0001,
    0x6F12, 0x4F22,
    0x6F12, 0x0064,
    0x6F12, 0x4F24,
    0x6F12, 0x0064,
    0x6F12, 0x4F2A,
    0x6F12, 0x0054,
    0x6F12, 0x4F2E,
    0x6F12, 0x0342,
    0x6F12, 0x4F30,
    0x6F12, 0x0080,
    0x6F12, 0x4F32,
    0x6F12, 0x0080,
    0x6F12, 0x4F38,
    0x6F12, 0x0052,
    0x6F12, 0x4F3C,
    0x6F12, 0x0340,
    0x6F12, 0x4F3E,
    0x6F12, 0x007E,
    0x6F12, 0x4F40,
    0x6F12, 0x007E,
    0x6F12, 0x4F70,
    0x6F12, 0x0008,
    0x6F12, 0x4F74,
    0x6F12, 0x0008,
    0x6F12, 0x4F76,
    0x6F12, 0x0008,
    0x6F12, 0x4F78,
    0x6F12, 0x0008,
    0x6F12, 0x4F7E,
    0x6F12, 0x0008,
    0x6F12, 0x4F82,
    0x6F12, 0x0008,
    0x6F12, 0x4F84,
    0x6F12, 0x0008,
    0x6F12, 0x4F86,
    0x6F12, 0x0008,
    0x6F12, 0x50C0,
    0x6F12, 0x0024,
    0x6F12, 0x50C4,
    0x6F12, 0x00F0,
    0x6F12, 0x50C6,
    0x6F12, 0x0019,
    0x6F12, 0x50C8,
    0x6F12, 0x0019,
    0x6F12, 0x50CE,
    0x6F12, 0x0005,
    0x6F12, 0x50D2,
    0x6F12, 0x00F6,
    0x6F12, 0x50D4,
    0x6F12, 0x0008,
    0x6F12, 0x50D6,
    0x6F12, 0x0008,
    0x6F12, 0x50E0,
    0x6F12, 0x0104,
    0x6F12, 0x50EE,
    0x6F12, 0x0008,
    0x6F12, 0x50F0,
    0x6F12, 0x0008,
    0x6F12, 0x50F2,
    0x6F12, 0x0008,
    0x6F12, 0x5118,
    0x6F12, 0x0005,
    0x6F12, 0x5214,
    0x6F12, 0x0007,
    0x6F12, 0x528E,
    0x6F12, 0x0016,
    0x6F12, 0x5290,
    0x6F12, 0x0016,
    0x6F12, 0x5292,
    0x6F12, 0x0016,
    0x6F12, 0x5294,
    0x6F12, 0x0016,
    0x6F12, 0x5296,
    0x6F12, 0x0016,
    0x6F12, 0x52A0,
    0x6F12, 0x0029,
    0x6F12, 0x52A2,
    0x6F12, 0x0027,
    0x6F12, 0x52A4,
    0x6F12, 0x0027,
    0x6F12, 0x52BC,
    0x6F12, 0x0036,
    0x6F12, 0x52BE,
    0x6F12, 0x0036,
    0x6F12, 0x52C0,
    0x6F12, 0x0036,
    0x6F12, 0x578C,
    0x6F12, 0x000A,
    0x6F12, 0x578E,
    0x6F12, 0x0004,
    0x6F12, 0x5790,
    0x6F12, 0x0004,
    0x6F12, 0x57CE,
    0x6F12, 0x003E,
    0x6F12, 0x57D2,
    0x6F12, 0x0154,
    0x6F12, 0x57D4,
    0x6F12, 0x0100,
    0x6F12, 0x57D6,
    0x6F12, 0x0100,
    0x6F12, 0x57EC,
    0x6F12, 0x0078,
    0x6F12, 0x57EE,
    0x6F12, 0x0078,
    0x6F12, 0x57F0,
    0x6F12, 0x0088,
    0x6F12, 0x57F2,
    0x6F12, 0x0088,
    0x6F12, 0x5806,
    0x6F12, 0x00A9,
    0x6F12, 0x5808,
    0x6F12, 0x0154,
    0x6F12, 0x580A,
    0x6F12, 0x01E4,
    0x6F12, 0x580C,
    0x6F12, 0x0158,
    0x6F12, 0x580E,
    0x6F12, 0x0158,
    0x6F12, 0x581A,
    0x6F12, 0x00F0,
    0x6F12, 0x581C,
    0x6F12, 0x00E0,
    0x6F12, 0x65FC,
    0x6F12, 0x8000,
    0x6F12, 0x65FE,
    0x6F12, 0x8000,
    0x6F12, 0x6600,
    0x6F12, 0x8000,
    0x6F12, 0x660A,
    0x6F12, 0x8000,
    0x6F12, 0x660C,
    0x6F12, 0x8000,
    0x6F12, 0x660E,
    0x6F12, 0x8000,
    0x6F12, 0xA4FE,
    0x6F12, 0x0011,
    0x6F12, 0xA50C,
    0x6F12, 0x0000,
    0x6F12, 0xA516,
    0x6F12, 0x037A,
    0x6F12, 0xA522,
    0x6F12, 0x001E,
    0x6F12, 0xA530,
    0x6F12, 0x0000,
    0x6F12, 0xA540,
    0x6F12, 0x0000,
    0x6F12, 0xA54E,
    0x6F12, 0x0001,
    0x6F12, 0xA55C,
    0x6F12, 0x0000,
    0x6F12, 0xA55E,
    0x6F12, 0x0000,
    0x6F12, 0xA560,
    0x6F12, 0x0000,
    0x6F12, 0xA562,
    0x6F12, 0x0000,
    0x6F12, 0x0000,
    0x6F12, 0xFFFE,
    0x6F12, 0x2001,
    0x6F12, 0xFFFD,
    0x6F12, 0x0336,
    0x6F12, 0x0000,
    0x6F12, 0x033E,
    0x6F12, 0x0000,
    0x6F12, 0x0376,
    0x6F12, 0x0000,
    0x6F12, 0x037E,
    0x6F12, 0x0000,
    0x6F12, 0x2DD6,
    0x6F12, 0x0101,
    0x6F12, 0x2DD8,
    0x6F12, 0x0602,
    0x6F12, 0x2DFE,
    0x6F12, 0x0105,
    0x6F12, 0x498C,
    0x6F12, 0x012C,
    0x6F12, 0x498E,
    0x6F12, 0x012C,
    0x6F12, 0x4990,
    0x6F12, 0x012C,
    0x6F12, 0x4992,
    0x6F12, 0x012C,
    0x6F12, 0x4A2E,
    0x6F12, 0x007D,
    0x6F12, 0x4A30,
    0x6F12, 0x005F,
    0x6F12, 0x4A32,
    0x6F12, 0x004B,
    0x6F12, 0x4A64,
    0x6F12, 0x0000,
    0x6F12, 0x4A66,
    0x6F12, 0x0000,
    0x6F12, 0x4A68,
    0x6F12, 0x0000,
    0x6F12, 0x4A6A,
    0x6F12, 0x0003,
    0x6F12, 0x0000,
    0x6F12, 0xFFFE,
    0x6F12, 0x2002,
    0x6F12, 0xFFFD,
    0x6F12, 0xDDFA,
    0x6F12, 0x0216,
    0x6F12, 0x0000,
    0x6F12, 0xFFFF,
    0x6F12, 0x003A,
    0x6F12, 0x2000,
    0x6F12, 0xA734,
    0x6F12, 0x0000,
    0x6F12, 0x0022,
    0x6F12, 0x0024,
    0x6F12, 0x0026,
    0x6F12, 0x0028,
    0x6F12, 0x002A,
    0x6F12, 0x002C,
    0x6F12, 0x002E,
    0x6F12, 0x0030,
    0x6F12, 0x0032,
    0x6F12, 0x0034,
    0x6F12, 0x0036,
    0x6F12, 0x0038,
    0x6F12, 0x003A,
    0x6F12, 0x003C,
    0x6F12, 0x003E,
    0x6F12, 0x0040,
    0x6F12, 0x0048,
    0x6F12, 0x0050,
    0x6F12, 0x0058,
    0x6F12, 0x0060,
    0x6F12, 0x0068,
    0x6F12, 0x0070,
    0x6F12, 0x0078,
    0x6F12, 0x0080,
    0x6F12, 0x00A0,
    0x6F12, 0x00C0,
    0x6F12, 0x00E0,
    0x6F12, 0x0100,
    0x6F12, 0xFFFF,
    0x6F12, 0x0010,
    0x6F12, 0x2001,
    0x6F12, 0x2BB0,
    0x6F12, 0x0100,
    0x6F12, 0x0100,
    0x6F12, 0x0100,
    0x6F12, 0x0100,
    0x6F12, 0x0100,
    0x6F12, 0x0100,
    0x6F12, 0x0100,
    0x6F12, 0x0100,
    0x6F12, 0xFFFF,
    0x6F12, 0x0040,
    0x6F12, 0x2001,
    0x6F12, 0x3516,
    0x6F12, 0x006C,
    0x6F12, 0x006C,
    0x6F12, 0x0070,
    0x6F12, 0x0070,
    0x6F12, 0x0088,
    0x6F12, 0x0091,
    0x6F12, 0x0092,
    0x6F12, 0x0092,
    0x6F12, 0x0090,
    0x6F12, 0x0090,
    0x6F12, 0x008F,
    0x6F12, 0x0098,
    0x6F12, 0x009D,
    0x6F12, 0x009D,
    0x6F12, 0x009D,
    0x6F12, 0x009E,
    0x6F12, 0x006C,
    0x6F12, 0x006C,
    0x6F12, 0x0070,
    0x6F12, 0x0070,
    0x6F12, 0x0088,
    0x6F12, 0x0091,
    0x6F12, 0x0092,
    0x6F12, 0x0092,
    0x6F12, 0x0090,
    0x6F12, 0x0090,
    0x6F12, 0x008F,
    0x6F12, 0x0098,
    0x6F12, 0x009D,
    0x6F12, 0x009D,
    0x6F12, 0x009D,
    0x6F12, 0x009E,
    0x6F12, 0xFFFF,
    0x6F12, 0x0040,
    0x6F12, 0x2001,
    0x6F12, 0x371E,
    0x6F12, 0x0030,
    0x6F12, 0x0035,
    0x6F12, 0x0037,
    0x6F12, 0x0044,
    0x6F12, 0x0047,
    0x6F12, 0x0054,
    0x6F12, 0x0057,
    0x6F12, 0x005B,
    0x6F12, 0x005D,
    0x6F12, 0x005E,
    0x6F12, 0x0060,
    0x6F12, 0x0062,
    0x6F12, 0x005E,
    0x6F12, 0x0064,
    0x6F12, 0x0068,
    0x6F12, 0x006A,
    0x6F12, 0x0030,
    0x6F12, 0x0035,
    0x6F12, 0x0037,
    0x6F12, 0x0044,
    0x6F12, 0x0047,
    0x6F12, 0x0054,
    0x6F12, 0x0057,
    0x6F12, 0x005B,
    0x6F12, 0x005D,
    0x6F12, 0x005E,
    0x6F12, 0x0060,
    0x6F12, 0x0062,
    0x6F12, 0x005E,
    0x6F12, 0x0064,
    0x6F12, 0x0068,
    0x6F12, 0x006A,
    0x6F12, 0xFFFF,
    0x6F12, 0x000E,
    0x6F12, 0x2001,
    0x6F12, 0x49E6,
    0x6F12, 0x005A,
    0x6F12, 0x003C,
    0x6F12, 0x0028,
    0x6F12, 0x0014,
    0x6F12, 0x0004,
    0x6F12, 0x0004,
    0x6F12, 0x0004,
    0x6F12, 0xFFFF,
    0x6F12, 0x000E,
    0x6F12, 0x2001,
    0x6F12, 0x49F8,
    0x6F12, 0x0064,
    0x6F12, 0x004B,
    0x6F12, 0x0032,
    0x6F12, 0x0019,
    0x6F12, 0x000A,
    0x6F12, 0x000A,
    0x6F12, 0x000A,
    0x6F12, 0xFFFF,
    0x6F12, 0x000E,
    0x6F12, 0x2001,
    0x6F12, 0x4A0A,
    0x6F12, 0x006E,
    0x6F12, 0x0050,
    0x6F12, 0x003C,
    0x6F12, 0x001E,
    0x6F12, 0x0014,
    0x6F12, 0x0014,
    0x6F12, 0x0014,
    0x6F12, 0xFFFF,
    0x6F12, 0x000E,
    0x6F12, 0x2001,
    0x6F12, 0x4A1C,
    0x6F12, 0x0078,
    0x6F12, 0x0055,
    0x6F12, 0x0046,
    0x6F12, 0x0023,
    0x6F12, 0x001E,
    0x6F12, 0x001E,
    0x6F12, 0x001E,
    0x6F12, 0xFFFF,
    0x6F12, 0x000E,
    0x6F12, 0x2001,
    0x6F12, 0x4A40,
    0x6F12, 0x0082,
    0x6F12, 0x0069,
    0x6F12, 0x0050,
    0x6F12, 0x0050,
    0x6F12, 0x0050,
    0x6F12, 0x0050,
    0x6F12, 0x0050,
    0x6F12, 0xFFFF,
    0x6F12, 0x000E,
    0x6F12, 0x2001,
    0x6F12, 0x4A76,
    0x6F12, 0x0000,
    0x6F12, 0x0000,
    0x6F12, 0x0000,
    0x6F12, 0x0003,
    0x6F12, 0x0007,
    0x6F12, 0x0007,
    0x6F12, 0x0007,
    0x6F12, 0xFFFF,
    0x6F12, 0x000E,
    0x6F12, 0x2001,
    0x6F12, 0x4A88,
    0x6F12, 0x0000,
    0x6F12, 0x000A,
    0x6F12, 0x0014,
    0x6F12, 0x0019,
    0x6F12, 0x001E,
    0x6F12, 0x001E,
    0x6F12, 0x001E,
    0x6F12, 0xFFFF,
    0x6F12, 0x000E,
    0x6F12, 0x2001,
    0x6F12, 0x4B06,
    0x6F12, 0x0001,
    0x6F12, 0x0001,
    0x6F12, 0x0001,
    0x6F12, 0x0000,
    0x6F12, 0x0000,
    0x6F12, 0x0000,
    0x6F12, 0x0000,
    0x6F12, 0x0000,
    0x6F12, 0x0000,
    0x6F12, 0xFFFE,
    0x6F12, 0x2000,
    0x6F12, 0xFFFD,
    0x6F12, 0x4AA2,
    0x6F12, 0x0001,
    0x6F12, 0x4BF2,
    0x6F12, 0x004B,
    0x6F12, 0x4C8C,
    0x6F12, 0xFFFE,
    0x6F12, 0x4C9A,
    0x6F12, 0x0002,
    0x6F12, 0x57EC,
    0x6F12, 0x0050,
    0x6F12, 0x5808,
    0x6F12, 0x00EF,
    0x6F12, 0xA50C,
    0x6F12, 0x0028,
    0x6F12, 0xA516,
    0x6F12, 0x0140,
    0x6F12, 0x0000,
    0x6F12, 0xFFFE,
    0x6F12, 0x2001,
    0x6F12, 0xFFFD,
    0x6F12, 0x0336,
    0x6F12, 0xFFFE,
    0x6F12, 0x033E,
    0x6F12, 0xFFFE,
    0x6F12, 0x0376,
    0x6F12, 0xFFFC,
    0x6F12, 0x037E,
    0x6F12, 0xFFFC,
    0x6F12, 0x0000,
    0x6F12, 0xFFFF,
    0x6F12, 0x0012,
    0x6F12, 0x2001,
    0x6F12, 0x3516,
    0x6F12, 0x008B,
    0x6F12, 0x008C,
    0x6F12, 0x0092,
    0x6F12, 0x0096,
    0x6F12, 0x009D,
    0x6F12, 0x00A1,
    0x6F12, 0x0053,
    0x6F12, 0x006A,
    0x6F12, 0x0087,
    0x6F12, 0xFFFF,
    0x6F12, 0x001E,
    0x6F12, 0x2001,
    0x6F12, 0x352A,
    0x6F12, 0x0096,
    0x6F12, 0x00A4,
    0x6F12, 0x00A7,
    0x6F12, 0x00AB,
    0x6F12, 0x00AE,
    0x6F12, 0x00B0,
    0x6F12, 0x008B,
    0x6F12, 0x008C,
    0x6F12, 0x0092,
    0x6F12, 0x0096,
    0x6F12, 0x009D,
    0x6F12, 0x00A1,
    0x6F12, 0x0053,
    0x6F12, 0x006A,
    0x6F12, 0x0087,
    0x6F12, 0xFFFF,
    0x6F12, 0x000C,
    0x6F12, 0x2001,
    0x6F12, 0x354A,
    0x6F12, 0x0096,
    0x6F12, 0x00A4,
    0x6F12, 0x00A7,
    0x6F12, 0x00AB,
    0x6F12, 0x00AE,
    0x6F12, 0x00B0,
    0x6F12, 0x0000,
    0x6F12, 0x0000,
    0x6F12, 0x0000,
    0xFCFC, 0x4000,
    0x0B30, 0x01FF,
};

//Global setting
static kal_uint16 addr_data_pair_init_mot_naples_s5khp5_part2[] = {
    0xFCFC, 0x2002,
    0xE08C, 0x0000,
    0xE08E, 0x0000,
    0xFCFC, 0x2001,
    0x3C6C, 0x0001,
    0x3C6E, 0xCF51,
    0x3C70, 0x2002,
    0x3C72, 0x39C5,
    0x3C74, 0x0002,
    0x3C76, 0x9FFD,
    0x3C78, 0x2002,
    0x3C7A, 0x3A3F,
    0x3C7C, 0x0002,
    0x3C7E, 0x29EB,
    0x3C80, 0x2002,
    0x3C82, 0x3B11,
    0xFCFC, 0x2002,
    0x3980, 0x0B48,
    0x3982, 0x10B5,
    0x3984, 0x0949,
    0x3986, 0x0B4A,
    0x3988, 0xC0F8,
    0x398A, 0xF01A,
    0x398C, 0x511A,
    0x398E, 0xC0F8,
    0x3990, 0xF41A,
    0x3992, 0xFFF7,
    0x3994, 0xE1FD,
    0x3996, 0x0848,
    0x3998, 0x0021,
    0x399A, 0x0172,
    0x399C, 0x0078,
    0x399E, 0x0028,
    0x39A0, 0x03D0,
    0x39A2, 0xBDE8,
    0x39A4, 0x1040,
    0x39A6, 0x00F0,
    0x39A8, 0x97BB,
    0x39AA, 0x10BD,
    0x39AC, 0x2002,
    0x39AE, 0x3BC8,
    0x39B0, 0x2001,
    0x39B2, 0x6F70,
    0x39B4, 0x2002,
    0x39B6, 0xDDD0,
    0x39B8, 0x2002,
    0x39BA, 0xE08C,
    0x39BC, 0x6849,
    0x39BE, 0x0020,
    0x39C0, 0x0872,
    0x39C2, 0x7047,
    0x39C4, 0x2DE9,
    0x39C6, 0xF041,
    0x39C8, 0x0646,
    0x39CA, 0x6648,
    0x39CC, 0x0D46,
    0x39CE, 0x0022,
    0x39D0, 0xD0F8,
    0x39D2, 0x8840,
    0x39D4, 0x200C,
    0x39D6, 0xA1B2,
    0x39D8, 0x0746,
    0x39DA, 0xFFF7,
    0x39DC, 0xF9FD,
    0x39DE, 0x2946,
    0x39E0, 0x3046,
    0x39E2, 0x00F0,
    0x39E4, 0xCBF8,
    0x39E6, 0xA1B2,
    0x39E8, 0x0122,
    0x39EA, 0x3846,
    0x39EC, 0xFFF7,
    0x39EE, 0xF0FD,
    0x39F0, 0x5D49,
    0x39F2, 0x91F8,
    0x39F4, 0x7000,
    0x39F6, 0x91F8,
    0x39F8, 0x7350,
    0x39FA, 0x0128,
    0x39FC, 0x15D0,
    0x39FE, 0x06F1,
    0x3A00, 0x3C04,
    0x3A02, 0x2046,
    0x3A04, 0x00F0,
    0x3A06, 0xBFF8,
    0x3A08, 0x2078,
    0x3A0A, 0x6178,
    0x3A0C, 0x4000,
    0x3A0E, 0x40EA,
    0x3A10, 0x8100,
    0x3A12, 0xA178,
    0x3A14, 0x40EA,
    0x3A16, 0xC100,
    0x3A18, 0x0021,
    0x3A1A, 0x2170,
    0x3A1C, 0x6170,
    0x3A1E, 0xA170,
    0x3A20, 0x0543,
    0x3A22, 0x5248,
    0x3A24, 0x0580,
    0x3A26, 0xBDE8,
    0x3A28, 0xF081,
    0x3A2A, 0x11F8,
    0x3A2C, 0x740F,
    0x3A2E, 0x4A78,
    0x3A30, 0x4000,
    0x3A32, 0x8978,
    0x3A34, 0x40EA,
    0x3A36, 0x8200,
    0x3A38, 0x40EA,
    0x3A3A, 0xC100,
    0x3A3C, 0xF0E7,
    0x3A3E, 0x70B5,
    0x3A40, 0x4B4D,
    0x3A42, 0x474E,
    0x3A44, 0x0446,
    0x3A46, 0xD5F8,
    0x3A48, 0xF007,
    0x3A4A, 0x7168,
    0x3A4C, 0xC5F8,
    0x3A4E, 0x1019,
    0x3A50, 0x00F0,
    0x3A52, 0x9EF8,
    0x3A54, 0x7060,
    0x3A56, 0xB5F8,
    0x3A58, 0x7614,
    0x3A5A, 0x8842,
    0x3A5C, 0x00D2,
    0x3A5E, 0x7160,
    0x3A60, 0xD5F8,
    0x3A62, 0xFC04,
    0x3A64, 0x6168,
    0x3A66, 0x0838,
    0x3A68, 0x8142,
    0x3A6A, 0x00D9,
    0x3A6C, 0x6060,
    0x3A6E, 0xD5F8,
    0x3A70, 0x1009,
    0x3A72, 0x48B1,
    0x3A74, 0x7078,
    0x3A76, 0x38B1,
    0x3A78, 0x95F8,
    0x3A7A, 0x290B,
    0x3A7C, 0x10B9,
    0x3A7E, 0x95F8,
    0x3A80, 0x270B,
    0x3A82, 0x08B1,
    0x3A84, 0x0120,
    0x3A86, 0x0AE0,
    0x3A88, 0x307A,
    0x3A8A, 0x50B1,
    0x3A8C, 0x95F8,
    0x3A8E, 0x290B,
    0x3A90, 0x10B1,
    0x3A92, 0x95F8,
    0x3A94, 0x270B,
    0x3A96, 0x20B9,
    0x3A98, 0xB078,
    0x3A9A, 0x10B1,
    0x3A9C, 0x0020,
    0x3A9E, 0x3072,
    0x3AA0, 0x02E0,
    0x3AA2, 0x7068,
    0x3AA4, 0xC5F8,
    0x3AA6, 0x1009,
    0x3AA8, 0x00F0,
    0x3AAA, 0x77F8,
    0x3AAC, 0x95F8,
    0x3AAE, 0x9E11,
    0x3AB0, 0x01B3,
    0x3AB2, 0x2168,
    0x3AB4, 0x0844,
    0x3AB6, 0xD5F8,
    0x3AB8, 0x1019,
    0x3ABA, 0x8142,
    0x3ABC, 0x01D2,
    0x3ABE, 0xC5F8,
    0x3AC0, 0x1009,
    0x3AC2, 0x95F8,
    0x3AC4, 0xB701,
    0x3AC6, 0x0028,
    0x3AC8, 0x13D0,
    0x3ACA, 0xB5F8,
    0x3ACC, 0x6A0F,
    0x3ACE, 0x0028,
    0x3AD0, 0x0FD0,
    0x3AD2, 0xD5F8,
    0x3AD4, 0x1009,
    0x3AD6, 0x00F0,
    0x3AD8, 0x65F8,
    0x3ADA, 0xC5F8,
    0x3ADC, 0x1009,
    0x3ADE, 0x00F0,
    0x3AE0, 0x57F8,
    0x3AE2, 0xC5F8,
    0x3AE4, 0x1009,
    0x3AE6, 0xB5F8,
    0x3AE8, 0x7614,
    0x3AEA, 0x8842,
    0x3AEC, 0x01D2,
    0x3AEE, 0xC5F8,
    0x3AF0, 0x1019,
    0x3AF2, 0x70BD,
    0x3AF4, 0x7168,
    0x3AF6, 0x081A,
    0x3AF8, 0xB5F8,
    0x3AFA, 0xC819,
    0x3AFC, 0x19B1,
    0x3AFE, 0x1D49,
    0x3B00, 0xB1F9,
    0x3B02, 0x2410,
    0x3B04, 0x401A,
    0x3B06, 0x2168,
    0x3B08, 0x8142,
    0x3B0A, 0xDAD9,
    0x3B0C, 0x2060,
    0x3B0E, 0xD8E7,
    0x3B10, 0x2DE9,
    0x3B12, 0xF05F,
    0x3B14, 0x184D,
    0x3B16, 0x9946,
    0x3B18, 0x9246,
    0x3B1A, 0x95F8,
    0x3B1C, 0x3C80,
    0x3B1E, 0x0E00,
    0x3B20, 0x8346,
    0x3B22, 0x02D0,
    0x3B24, 0x0020,
    0x3B26, 0x85F8,
    0x3B28, 0x3C00,
    0x3B2A, 0x0E48,
    0x3B2C, 0x0022,
    0x3B2E, 0xD0F8,
    0x3B30, 0x9040,
    0x3B32, 0x200C,
    0x3B34, 0xA1B2,
    0x3B36, 0x0746,
    0x3B38, 0xFFF7,
    0x3B3A, 0x4AFD,
    0x3B3C, 0x4B46,
    0x3B3E, 0x5246,
    0x3B40, 0x3146,
    0x3B42, 0x5846,
    0x3B44, 0x00F0,
    0x3B46, 0x33F8,
    0x3B48, 0xA1B2,
    0x3B4A, 0x0122,
    0x3B4C, 0x3846,
    0x3B4E, 0xFFF7,
    0x3B50, 0x3FFD,
    0x3B52, 0x002E,
    0x3B54, 0x01D0,
    0x3B56, 0x85F8,
    0x3B58, 0x3C80,
    0x3B5A, 0xBDE8,
    0x3B5C, 0xF09F,
    0x3B5E, 0x0000,
    0x3B60, 0x2002,
    0x3B62, 0xE08C,
    0x3B64, 0x2001,
    0x3B66, 0x8610,
    0x3B68, 0x2000,
    0x3B6A, 0x46F0,
    0x3B6C, 0x4000,
    0x3B6E, 0xFBAA,
    0x3B70, 0x2001,
    0x3B72, 0x6F70,
    0x3B74, 0x2001,
    0x3B76, 0x2EE0,
    0x3B78, 0x2000,
    0x3B7A, 0x0DD0,
    0x3B7C, 0x4CF6,
    0x3B7E, 0x517C,
    0x3B80, 0xC0F2,
    0x3B82, 0x010C,
    0x3B84, 0x6047,
    0x3B86, 0x4CF6,
    0x3B88, 0x655C,
    0x3B8A, 0xC0F2,
    0x3B8C, 0x010C,
    0x3B8E, 0x6047,
    0x3B90, 0x4EF6,
    0x3B92, 0xE37C,
    0x3B94, 0xC0F2,
    0x3B96, 0x010C,
    0x3B98, 0x6047,
    0x3B9A, 0x4DF6,
    0x3B9C, 0x335C,
    0x3B9E, 0xC0F2,
    0x3BA0, 0x020C,
    0x3BA2, 0x6047,
    0x3BA4, 0x4AF6,
    0x3BA6, 0x0D1C,
    0x3BA8, 0xC0F2,
    0x3BAA, 0x020C,
    0x3BAC, 0x6047,
    0x3BAE, 0x42F6,
    0x3BB0, 0xEB1C,
    0x3BB2, 0xC0F2,
    0x3BB4, 0x020C,
    0x3BB6, 0x6047,
    0x3BB8, 0x0000,
    0x3BBA, 0x0000,
    0x3BBC, 0x58E1,
    0x3BBE, 0x0AC5,
    0x3BC0, 0x0000,
    0x3BC2, 0x1FFF,
    0x3BC4, 0xFBFF,
    0x3BC6, 0xFFFF,
    0xFCFC, 0x4000,
};

//4096*3072@30fps
static kal_uint16 s5khp5_preview_setting[] = {
    0xFCFC, 0x2000,
    0x0F8C, 0x0000,
    0x1004, 0x0000,
    0x46F2, 0x0000,
    0x4718, 0xFFFF,
    0x472C, 0x0000,
    0x472E, 0x0000,
    0x4760, 0x0200,
    0x8F40, 0x0702,
    0xA76E, 0x0180,
    0xA770, 0x0200,
    0xA772, 0x0300,
    0xA774, 0x0400,
    0xA776, 0x1E20,
    0xA778, 0x2223,
    0xA77A, 0x2526,
    0xA77C, 0x2728,
    0xA77E, 0x292A,
    0xA780, 0x2B2C,
    0xA782, 0x2C2D,
    0xA784, 0x2E2E,
    0xA786, 0x2F31,
    0xA788, 0x3233,
    0xA78A, 0x3435,
    0xA78C, 0x3637,
    0xA78E, 0x3739,
    0xA790, 0x3A3B,
    0xA792, 0x3B3D,
    0xA794, 0x3E3E,
    0xA796, 0x3F2C,
    0xB8C4, 0x0000,
    0xFCFC, 0x2001,
    0x10F0, 0x0200,
    0x2C02, 0x0008,
    0x2C04, 0x0008,
    0x2C06, 0x0000,
    0x2DD0, 0x0000,
    0x34BC, 0x013F,
    0x34BE, 0x017F,
    0x34C0, 0x01BF,
    0x34C2, 0x01FF,
    0x34C4, 0x027F,
    0x34C6, 0x02FF,
    0x34C8, 0x037F,
    0x34CA, 0x03FF,
    0x34CC, 0x05FF,
    0x34CE, 0x07FF,
    0x34D0, 0x09FF,
    0x34D2, 0x0BFF,
    0x34D4, 0x0DFF,
    0x34D6, 0x0FFF,
    0x34D8, 0x3FFF,
    0xFCFC, 0x4000,
    0x0112, 0x0A0A,
    0x0114, 0x0201,
    0x0118, 0x0004,
    0x011C, 0x0101,
    0x0136, 0x1800,
    0x013E, 0x0000,
    0x0202, 0x0200,
    0x0204, 0x0020,
    0x021E, 0x0000,
    0x0226, 0x0200,
    0x022C, 0x0200,
    0x0260, 0x0001,
    0x0262, 0x0200,
    0x0264, 0x0006,
    0x0270, 0x2B2B,
    0x0272, 0x2B10,
    0x0274, 0x302B,
    0x0304, 0x0003,
    0x0306, 0x00F0,
    0x030C, 0x0000,
    0x030E, 0x0003,
    0x0310, 0x00BA,
    0x0312, 0x0000,
    0x031A, 0x0003,
    0x031C, 0x0028,
    0x031E, 0x0002,
    0x0340, 0x1256,
    0x0342, 0x3540,
    0x0344, 0x0000,
    0x0346, 0x0020,
    0x0348, 0x403C,
    0x034A, 0x305C,
    0x034C, 0x1000,
    0x034E, 0x0C00,
    0x0350, 0x0008,
    0x0352, 0x0008,
    0x0720, 0x0001,
    0x0724, 0x0000,
    0x072C, 0x0800,
    0x072E, 0x0300,
    0x081C, 0x1015,
    0x081E, 0x0F00,
    0x0BCA, 0x0101,
    0xFCFC, 0x2000,
    0x0E90, 0x0803,
    0x0E92, 0x0803,
    0x0E94, 0x0803,
    0x0E96, 0x0803,
    0x0F64, 0x0040,
    0x34BA, 0x0000,
    0x34BC, 0x0004,
    0x3512, 0xFA36,
    0x3514, 0xFB0E,
    0x3552, 0x0000,
    0x3554, 0x0000,
    0x3E14, 0x0101,
    0x3E16, 0x0100,
    0x3E1E, 0x03FF,
    0x3E20, 0x03FF,
    0x3E22, 0x01FF,
    0x3E24, 0x003F,
    0x3E30, 0x0400,
    0x3E32, 0x0400,
    0x3E34, 0x0200,
    0x3E36, 0x0040,
    0x4114, 0x0008,
    0x4116, 0x0048,
    0x4118, 0x4000,
    0x411A, 0xFA28,
    0x411C, 0xA8B1,
    0x411E, 0xA0B1,
    0x4120, 0x4000,
    0x4122, 0xFA2C,
    0x4124, 0x0002,
    0x4126, 0x0003,
    0x4128, 0x4000,
    0x412A, 0xFC1E,
    0x41B4, 0x000C,
    0x41B6, 0x0000,
    0x41B8, 0x4000,
    0x41BA, 0xFAB2,
    0x41BC, 0x000C,
    0x41BE, 0x0000,
    0x41C0, 0x4000,
    0x41C2, 0xFAB4,
    0x4254, 0x06DB,
    0x4256, 0x06C9,
    0x4258, 0x4000,
    0x425A, 0xFA12,
    0x42F4, 0x01D5,
    0x42F6, 0x01F9,
    0x42F8, 0x4000,
    0x42FA, 0xF470,
    0x42FC, 0x01D5,
    0x42FE, 0x01F9,
    0x4300, 0x4000,
    0x4302, 0xF478,
    0x46F0, 0x0101,
    0x47C2, 0x0101,
    0x485A, 0x0102,
    0x487C, 0x0004,
    0x4882, 0x0004,
    0x489A, 0x0004,
    0x48A0, 0x0004,
    0x48B8, 0x0012,
    0x48BE, 0x0014,
    0x48D6, 0x0014,
    0x48DC, 0x000C,
    0x48F4, 0x0012,
    0x48FA, 0x0014,
    0x4918, 0x0101,
    0x491A, 0x0000,
    0x49D0, 0x0000,
    0x49D4, 0x2214,
    0x49DA, 0x1422,
    0x49E6, 0x2118,
    0x49EC, 0x1821,
    0x49F8, 0x8080,
    0x4A58, 0x0030,
    0x4A5A, 0xFFF1,
    0x4A5C, 0x0001,
    0x4A5E, 0x00C8,
    0x4A60, 0x0001,
    0x4A62, 0x0001,
    0x4A64, 0x0030,
    0x4A66, 0x001B,
    0x4A68, 0x0007,
    0x4A6A, 0x0006,
    0x4A6C, 0x0018,
    0x4A6E, 0x0006,
    0x4A70, 0x0006,
    0x4A72, 0x0019,
    0x4A90, 0xFFF9,
    0x4A92, 0xFFFA,
    0x4A94, 0x0005,
    0x4A96, 0x0005,
    0x4A98, 0x0010,
    0x4A9A, 0x0010,
    0x4A9C, 0xFFFC,
    0x4A9E, 0x0048,
    0x4AA0, 0x0020,
    0x4AA2, 0x000E,
    0x4AA4, 0x000E,
    0x4AA6, 0x0007,
    0x4AA8, 0x0007,
    0x4AAA, 0x0048,
    0x4AAC, 0xFFF3,
    0x4AB0, 0xFFFC,
    0x4AB8, 0xFFFC,
    0x4ABA, 0x0048,
    0x4ABE, 0x0000,
    0x4AC0, 0x000E,
    0x4AC2, 0x001E,
    0x4AC4, 0x002E,
    0x4AC6, 0x0048,
    0x4AD4, 0xFFFC,
    0x4AE2, 0x0048,
    0x4AE4, 0x0021,
    0x4AE6, 0x0010,
    0x4AE8, 0x0010,
    0x4AEA, 0x0010,
    0x4AEC, 0x0010,
    0x4AEE, 0x0010,
    0x4AF0, 0x0016,
    0x4AF2, 0x001A,
    0x4AF4, 0x0008,
    0x4AF6, 0x0008,
    0x4AF8, 0x0004,
    0x4AFA, 0x0008,
    0x4AFC, 0x0008,
    0x4AFE, 0x0018,
    0x4B54, 0x0021,
    0x4B56, 0x0010,
    0x4B58, 0x0010,
    0x4B5A, 0x0010,
    0x4B5C, 0x0010,
    0x4B5E, 0x0010,
    0x4B60, 0x0016,
    0x4B62, 0x001A,
    0x4B64, 0x0008,
    0x4B66, 0x0008,
    0x4B68, 0x0004,
    0x4B6A, 0x0008,
    0x4B6C, 0x0008,
    0x4B6E, 0x0018,
    0x4BC4, 0x0021,
    0x4BC6, 0x0010,
    0x4BC8, 0x0010,
    0x4BCA, 0x0010,
    0x4BCC, 0x0010,
    0x4BCE, 0x0010,
    0x4BD0, 0x0016,
    0x4BD2, 0x001A,
    0x4BD4, 0x0008,
    0x4BD6, 0x0008,
    0x4BD8, 0x0004,
    0x4BDA, 0x0008,
    0x4BDC, 0x0008,
    0x4BDE, 0x0018,
    0x4BE0, 0x0008,
    0x4BE2, 0x0003,
    0x4BE4, 0x0003,
    0x4BE6, 0x0008,
    0x4BE8, 0x0003,
    0x4BEA, 0x0003,
    0x4BEC, 0x0005,
    0x4BEE, 0x0060,
    0x4BF0, 0x004B,
    0x4BF2, 0x0060,
    0x4BF4, 0x0060,
    0x4BF6, 0x0060,
    0x4BF8, 0x0060,
    0x4BFA, 0x0060,
    0x4C08, 0x0060,
    0x4C16, 0x0060,
    0x4C40, 0x0000,
    0x4C42, 0x0000,
    0x4C44, 0x0001,
    0x4C46, 0x0014,
    0x4C48, 0x0014,
    0x4C4A, 0x0014,
    0x4C4C, 0x0014,
    0x4C4E, 0x0000,
    0x4C5C, 0x0002,
    0x4C6C, 0x0004,
    0x4C6E, 0x0001,
    0x4C70, 0x0004,
    0x4C72, 0x0007,
    0x4C74, 0x0004,
    0x4C76, 0x0004,
    0x4C78, 0x0004,
    0x4C7A, 0x0001,
    0x4C7C, 0xFFD0,
    0x4C7E, 0xFFDE,
    0x4C80, 0xFFDE,
    0x4C82, 0xFFCE,
    0x4C84, 0xFFCE,
    0x4C86, 0x0001,
    0x4C88, 0x0000,
    0x4C8A, 0x0000,
    0x4C8C, 0x0006,
    0x4C8E, 0x0006,
    0x4C90, 0x0006,
    0x4C92, 0x0006,
    0x4C94, 0x0000,
    0x4C96, 0x0000,
    0x4C98, 0xFFE0,
    0x4C9A, 0xFFFB,
    0x4C9C, 0xFFFD,
    0x4C9E, 0xFFFF,
    0x4CA0, 0xFFFF,
    0x4CA2, 0x0000,
    0x4CAA, 0x0006,
    0x4CB0, 0x0000,
    0x4CB2, 0x0000,
    0x4CB6, 0x0000,
    0x4CB8, 0x0006,
    0x4CBA, 0xFFCA,
    0x4CBC, 0xFFBA,
    0x4CBE, 0x0000,
    0x4CCC, 0x0000,
    0x4CDA, 0x0000,
    0x4CDC, 0x0002,
    0x4CDE, 0x0001,
    0x4CE0, 0x0001,
    0x4CE2, 0x0004,
    0x4CE4, 0x0001,
    0x4CE6, 0x0001,
    0x4CE8, 0x0002,
    0x4CEA, 0x000A,
    0x4CEC, 0x0040,
    0x4CEE, 0x0040,
    0x4CF0, 0x0040,
    0x4CF2, 0x0040,
    0x4CF4, 0x0040,
    0x4CF6, 0x000A,
    0x4CF8, 0x0002,
    0x4CFA, 0x0001,
    0x4CFC, 0x0001,
    0x4CFE, 0x0004,
    0x4D00, 0x0001,
    0x4D02, 0x0001,
    0x4D04, 0x0002,
    0x4D06, 0x000A,
    0x4D08, 0x0040,
    0x4D0A, 0x0040,
    0x4D0C, 0x0040,
    0x4D0E, 0x0040,
    0x4D10, 0x0040,
    0x4D12, 0x000A,
    0x4D14, 0x0002,
    0x4D16, 0x0001,
    0x4D18, 0x0001,
    0x4D1A, 0x0004,
    0x4D1C, 0x0001,
    0x4D1E, 0x0001,
    0x4D20, 0x0002,
    0x4D22, 0x000A,
    0x4D24, 0x0040,
    0x4D26, 0x0040,
    0x4D28, 0x0040,
    0x4D2A, 0x0040,
    0x4D2C, 0x0040,
    0x4D2E, 0x000A,
    0x4D74, 0x0000,
    0x4D82, 0x0000,
    0x4DF4, 0x0000,
    0x4DF6, 0x0305,
    0x4DF8, 0x0004,
    0x4DFA, 0x0004,
    0x4DFC, 0x0004,
    0x4DFE, 0x0000,
    0x4E00, 0x0000,
    0x4E04, 0x0053,
    0x4E06, 0x0053,
    0x4E08, 0x0053,
    0x4E0A, 0x0053,
    0x4E0C, 0x0053,
    0x4E0E, 0x0053,
    0x4E2C, 0x000F,
    0x4E2E, 0x012F,
    0x4E30, 0x01E8,
    0x4E32, 0x01E8,
    0x4E34, 0x0351,
    0x4E36, 0x064F,
    0x4E38, 0x000F,
    0x4E3C, 0x004B,
    0x4E3E, 0x0060,
    0x4E40, 0x0060,
    0x4E42, 0x0060,
    0x4E44, 0x0060,
    0x4E46, 0x0030,
    0x4E48, 0x000F,
    0x4E4A, 0x012F,
    0x4E4C, 0x01E8,
    0x4E4E, 0x01E8,
    0x4E50, 0x0351,
    0x4E52, 0x064F,
    0x4E54, 0x000F,
    0x4E58, 0x004B,
    0x4E5A, 0x0060,
    0x4E5C, 0x0060,
    0x4E5E, 0x0060,
    0x4E60, 0x0060,
    0x4E62, 0x0030,
    0x4E9A, 0x0000,
    0x4EB6, 0x0008,
    0x4EE0, 0x000A,
    0x4EFC, 0x0018,
    0x4F1A, 0x0002,
    0x4F1C, 0x001A,
    0x4F1E, 0x0064,
    0x4F20, 0x0001,
    0x4F22, 0x0064,
    0x4F24, 0x0064,
    0x4F26, 0x0002,
    0x4F28, 0x008A,
    0x4F2A, 0x0054,
    0x4F2C, 0x0080,
    0x4F2E, 0x0342,
    0x4F30, 0x0080,
    0x4F32, 0x0080,
    0x4F34, 0x008A,
    0x4F36, 0x0088,
    0x4F38, 0x0052,
    0x4F3A, 0x007E,
    0x4F3C, 0x0340,
    0x4F3E, 0x007E,
    0x4F40, 0x007E,
    0x4F42, 0x0088,
    0x4F52, 0x0004,
    0x4F60, 0x000A,
    0x4F6E, 0x0004,
    0x4F70, 0x0008,
    0x4F72, 0x0008,
    0x4F74, 0x0008,
    0x4F76, 0x0008,
    0x4F78, 0x0008,
    0x4F7A, 0x0004,
    0x4F7C, 0x000A,
    0x4F7E, 0x0008,
    0x4F80, 0x0008,
    0x4F82, 0x0008,
    0x4F84, 0x0008,
    0x4F86, 0x0008,
    0x4F88, 0x000A,
    0x50BE, 0x001B,
    0x50C0, 0x0024,
    0x50C2, 0x0004,
    0x50C4, 0x00F0,
    0x50C6, 0x0019,
    0x50C8, 0x0019,
    0x50CA, 0x0010,
    0x50CC, 0x0021,
    0x50CE, 0x0005,
    0x50D0, 0x0002,
    0x50D2, 0x00F6,
    0x50D4, 0x0008,
    0x50D6, 0x0008,
    0x50D8, 0x0016,
    0x50E0, 0x0104,
    0x50E6, 0x0016,
    0x50E8, 0x000F,
    0x50EC, 0x0008,
    0x50EE, 0x0008,
    0x50F0, 0x0008,
    0x50F2, 0x0008,
    0x50F4, 0x000F,
    0x5118, 0x0005,
    0x5126, 0x000F,
    0x51FE, 0x0005,
    0x520C, 0x000A,
    0x5214, 0x0007,
    0x521A, 0x0005,
    0x527E, 0x0003,
    0x528C, 0x0010,
    0x528E, 0x0016,
    0x5290, 0x0016,
    0x5292, 0x0016,
    0x5294, 0x0016,
    0x5296, 0x0016,
    0x5298, 0x0015,
    0x529E, 0x0027,
    0x52A0, 0x0029,
    0x52A2, 0x0027,
    0x52A4, 0x0027,
    0x52A6, 0x002D,
    0x52B6, 0x0032,
    0x52B8, 0x0035,
    0x52BA, 0x0036,
    0x52BC, 0x0036,
    0x52BE, 0x0036,
    0x52C0, 0x0036,
    0x52C2, 0x0037,
    0x5500, 0x00C7,
    0x5554, 0x00C7,
    0x578A, 0x0004,
    0x578C, 0x000A,
    0x578E, 0x0004,
    0x5790, 0x0004,
    0x5792, 0x001F,
    0x57CC, 0x005E,
    0x57CE, 0x003E,
    0x57D0, 0x0088,
    0x57D2, 0x0154,
    0x57D4, 0x0100,
    0x57D6, 0x0100,
    0x57D8, 0x0070,
    0x57E6, 0x0115,
    0x57E8, 0x0089,
    0x57EC, 0x0078,
    0x57EE, 0x0078,
    0x57F0, 0x0088,
    0x57F2, 0x0088,
    0x57F4, 0x00C6,
    0x5804, 0x0089,
    0x5806, 0x00A9,
    0x5808, 0x0154,
    0x580A, 0x01E4,
    0x580C, 0x0158,
    0x580E, 0x0158,
    0x5810, 0x00C6,
    0x581A, 0x00F0,
    0x581C, 0x00E0,
    0x581E, 0x00C6,
    0x629E, 0x0000,
    0x62AC, 0x0000,
    0x65AE, 0x017C,
    0x65BC, 0x01C1,
    0x65F6, 0x0000,
    0x65FA, 0x8000,
    0x65FC, 0x8000,
    0x65FE, 0x8000,
    0x6600, 0x8000,
    0x6604, 0x0000,
    0x6608, 0x8000,
    0x660A, 0x8000,
    0x660C, 0x8000,
    0x660E, 0x8000,
    0x8F42, 0x0000,
    0x8F72, 0x0600,
    0x8F7E, 0x0017,
    0x8F80, 0x170B,
    0x8F82, 0x0B0B,
    0x8F84, 0x0B0B,
    0x8F8C, 0x0004,
    0x8F8E, 0x040B,
    0x8F90, 0x0B0B,
    0x8F92, 0x0B0B,
    0x8F9A, 0x0001,
    0x8F9C, 0x0100,
    0x8F9E, 0x0101,
    0x8FA0, 0x0101,
    0x8FA8, 0x0001,
    0x8FAA, 0x0100,
    0x8FAC, 0x0101,
    0x8FAE, 0x0101,
    0x8FB6, 0x0090,
    0x8FB8, 0x0B07,
    0x8FBA, 0x0B0B,
    0x8FBC, 0x0B0B,
    0x8FC4, 0x0090,
    0x8FC6, 0x9005,
    0x8FC8, 0x9090,
    0x8FCA, 0x9090,
    0x8FD0, 0x0087,
    0x8FD2, 0x0082,
    0x8FD4, 0xF7DD,
    0x8FD6, 0xF105,
    0x8FD8, 0x3008,
    0x8FDA, 0x00FF,
    0x8FDC, 0x03FF,
    0x8FDE, 0x1901,
    0x8FE0, 0x06C9,
    0x8FE2, 0x0249,
    0x8FE4, 0x0249,
    0x8FE6, 0x0010,
    0x8FE8, 0x0449,
    0x8FEA, 0x0790,
    0x8FF6, 0x0D0D,
    0x8FF8, 0x080D,
    0x8FFA, 0x0D0D,
    0x8FFC, 0x0D0D,
    0x8FFE, 0x0D08,
    0x9000, 0x0D0D,
    0x9002, 0x0D0D,
    0x9066, 0x80F5,
    0x9996, 0xA6F1,
    0x9998, 0x412C,
    0x999A, 0xA8B1,
    0x999C, 0x0000,
    0x999E, 0x0044,
    0x9D50, 0x013F,
    0x9D54, 0x0000,
    0x9D56, 0x01FF,
    0x9D58, 0xFFFF,
    0x9DD4, 0x4000,
    0x9DD6, 0xFA9E,
    0x9DD8, 0x4000,
    0x9DDA, 0xFAA0,
    0x9DE4, 0x1206,
    0x9DE6, 0x0C06,
    0x9E60, 0x0C06,
    0x9E62, 0x1206,
    0x9E64, 0x0C06,
    0x9EDE, 0x0C06,
    0xA0A8, 0x0000,
    0xA0EE, 0x0100,
    0xA15C, 0x0002,
    0xA1C4, 0xBC76,
    0xA1D2, 0xFE00,
    0xA4FE, 0x0011,
    0xA50C, 0x0000,
    0xA512, 0x0000,
    0xA514, 0x0000,
    0xA516, 0x037A,
    0xA51E, 0x0000,
    0xA520, 0x001E,
    0xA522, 0x001E,
    0xA52E, 0x0000,
    0xA530, 0x0000,
    0xA53C, 0x000A,
    0xA53E, 0x0000,
    0xA540, 0x0000,
    0xA542, 0x0000,
    0xA54A, 0x0000,
    0xA54C, 0x0001,
    0xA54E, 0x0001,
    0xA550, 0x0001,
    0xA558, 0x0001,
    0xA55A, 0x0000,
    0xA734, 0x0000,
    0xA736, 0x0022,
    0xA738, 0x0024,
    0xA73A, 0x0026,
    0xA73C, 0x0028,
    0xA73E, 0x002A,
    0xA740, 0x002C,
    0xA742, 0x002E,
    0xA744, 0x0030,
    0xA746, 0x0032,
    0xA748, 0x0034,
    0xA74A, 0x0036,
    0xA74C, 0x0038,
    0xA74E, 0x003A,
    0xA750, 0x003C,
    0xA752, 0x003E,
    0xA754, 0x0040,
    0xA756, 0x0048,
    0xA758, 0x0050,
    0xA75A, 0x0058,
    0xA75C, 0x0060,
    0xA75E, 0x0068,
    0xA760, 0x0070,
    0xA762, 0x0078,
    0xA764, 0x0080,
    0xA766, 0x00A0,
    0xA768, 0x00C0,
    0xA76A, 0x00E0,
    0xA76C, 0x0100,
    0xA9E0, 0x8822,
    0xAA00, 0x0000,
    0xB252, 0x0202,
    0xB254, 0x0200,
    0xB264, 0x0001,
    0xB390, 0x0202,
    0xB39C, 0x1000,
    0xB3DC, 0x0600,
    0xB3DE, 0x0000,
    0xB3EE, 0x0600,
    0xB3F0, 0x0101,
    0xB57A, 0x0008,
    0xB57C, 0x0008,
    0xB8C0, 0x0011,
    0xB8C2, 0x000D,
    0xB8C6, 0x0B08,
    0xC880, 0x0100,
    0xC890, 0x00FF,
    0xC892, 0x0012,
    0xC896, 0x6786,
    0xC89A, 0x0001,
    0xC89C, 0x0030,
    0xC89E, 0x0004,
    0xE8A2, 0x0100,
    0xE8A4, 0x0030,
    0xE8A8, 0x0000,
    0xE8AA, 0x678A,
    0xFF64, 0x0002,
    0xFF6A, 0x1000,
    0xFF6C, 0x1000,
    0xFF72, 0x1000,
    0xFF74, 0x1000,
    0xFF7A, 0x1000,
    0xFF7C, 0x1000,
    0xFF82, 0x1000,
    0xFF84, 0x1000,
    0xFF8A, 0x1000,
    0xFF8C, 0x1000,
    0xFF92, 0x1000,
    0xFF94, 0x1000,
    0xFF9A, 0x1000,
    0xFF9C, 0x1000,
    0xFFA2, 0x1000,
    0xFFA4, 0x1000,
    0xFFAA, 0x1000,
    0xFFAC, 0x1000,
    0xFFB2, 0x1000,
    0xFFB4, 0x1000,
    0xFFBA, 0x1000,
    0xFFBC, 0x1000,
    0xFFC2, 0x1000,
    0xFFC4, 0x1000,
    0xFFCA, 0x1000,
    0xFFCC, 0x1000,
    0xFFD2, 0x1000,
    0xFFD4, 0x1000,
    0xFFDA, 0x1000,
    0xFFDC, 0x1000,
    0xFFE2, 0x1000,
    0xFFE4, 0x1000,
    0xFFEA, 0x1000,
    0xFFEC, 0x1000,
    0xFFF2, 0x1000,
    0xFFF4, 0x1000,
    0xFFFA, 0x1000,
    0xFCFC, 0x4000,
    0x6028, 0x2000,
    0x602A, 0xFFFC,
    0x6F12, 0x1000,
    0xFCFC, 0x2001,
    0x0002, 0x1000,
    0x0004, 0x1000,
    0x000A, 0x1000,
    0x000C, 0x1000,
    0x0012, 0x1000,
    0x0014, 0x1000,
    0x001A, 0x1000,
    0x001C, 0x1000,
    0x0022, 0x1000,
    0x0024, 0x1000,
    0x002A, 0x0000,
    0x002C, 0x0000,
    0x0032, 0x0000,
    0x0034, 0x0000,
    0x003A, 0x0000,
    0x003C, 0x0000,
    0x0042, 0x0000,
    0x0044, 0x0000,
    0x004A, 0x0000,
    0x004C, 0x0000,
    0x0052, 0x0000,
    0x0054, 0x0000,
    0x005A, 0x0000,
    0x005C, 0x0000,
    0x0062, 0x0000,
    0x0064, 0x0000,
    0x006A, 0x0000,
    0x006C, 0x0000,
    0x0072, 0x0000,
    0x0074, 0x0000,
    0x007A, 0x0000,
    0x007C, 0x0000,
    0x0082, 0x0000,
    0x0084, 0x0000,
    0x008A, 0x0000,
    0x008C, 0x0000,
    0x0092, 0x0000,
    0x0094, 0x0000,
    0x009A, 0x0000,
    0x009C, 0x0000,
    0x00A2, 0x0000,
    0x00A4, 0x0000,
    0x00AA, 0x0000,
    0x00AC, 0x0000,
    0x00B2, 0x0000,
    0x00B4, 0x0000,
    0x00BA, 0x0000,
    0x00BC, 0x0000,
    0x00C2, 0x0000,
    0x00C4, 0x0000,
    0x00CA, 0x0000,
    0x00CC, 0x0000,
    0x00D2, 0x0000,
    0x00D4, 0x0000,
    0x00DA, 0x0000,
    0x00DC, 0x0000,
    0x00E2, 0x0000,
    0x00E4, 0x0000,
    0x01B4, 0x0600,
    0x01B6, 0x0003,
    0x01BA, 0x0003,
    0x01BE, 0x0003,
    0x01C2, 0x0003,
    0x01D6, 0x0003,
    0x01DA, 0x0003,
    0x01DE, 0x0003,
    0x01E2, 0x0003,
    0x01F6, 0x0003,
    0x01FA, 0x0003,
    0x01FE, 0x0003,
    0x0202, 0x0003,
    0x0216, 0x0003,
    0x021A, 0x0003,
    0x021E, 0x0003,
    0x0222, 0x0003,
    0x0236, 0x0000,
    0x023A, 0x0000,
    0x023E, 0x0000,
    0x0242, 0x0000,
    0x0256, 0x0000,
    0x025A, 0x0000,
    0x025E, 0x0000,
    0x0262, 0x0000,
    0x0276, 0x0000,
    0x027A, 0x0000,
    0x027E, 0x0000,
    0x0282, 0x0000,
    0x0296, 0x0000,
    0x029A, 0x0000,
    0x029E, 0x0000,
    0x02A2, 0x0000,
    0x0336, 0x0000,
    0x0338, 0x0000,
    0x033A, 0xFFFF,
    0x033C, 0x0000,
    0x033E, 0x0000,
    0x0340, 0x0000,
    0x0342, 0xFFFF,
    0x0344, 0x0000,
    0x0346, 0x0000,
    0x0348, 0x0000,
    0x034A, 0x0000,
    0x034C, 0x0000,
    0x034E, 0x0000,
    0x0350, 0x0000,
    0x0352, 0x0000,
    0x0354, 0x0000,
    0x0356, 0xFFFF,
    0x0358, 0x0000,
    0x035A, 0xFFFF,
    0x035C, 0x0000,
    0x035E, 0xFFFF,
    0x0360, 0x0000,
    0x0362, 0xFFFF,
    0x0364, 0x0000,
    0x0366, 0x0000,
    0x0368, 0x0000,
    0x036A, 0x0000,
    0x036C, 0x0000,
    0x036E, 0x0000,
    0x0370, 0x0000,
    0x0372, 0x0000,
    0x0374, 0x0000,
    0x0376, 0x0000,
    0x0378, 0x0000,
    0x037A, 0x0000,
    0x037C, 0x0000,
    0x037E, 0x0000,
    0x0380, 0x0000,
    0x0382, 0x0000,
    0x0384, 0x0000,
    0x0386, 0x0000,
    0x0388, 0x0000,
    0x038A, 0x0000,
    0x038C, 0x0000,
    0x038E, 0x0000,
    0x0390, 0x0000,
    0x0392, 0x0000,
    0x0394, 0x0000,
    0x0396, 0x0000,
    0x0398, 0x0000,
    0x039A, 0x0000,
    0x039C, 0x0000,
    0x039E, 0x0000,
    0x03A0, 0x0000,
    0x03A2, 0x0000,
    0x03A4, 0x0000,
    0x03A6, 0x0000,
    0x03A8, 0x0000,
    0x03AA, 0x0000,
    0x03AC, 0x0000,
    0x03AE, 0x0000,
    0x03B0, 0x0000,
    0x03B2, 0x0000,
    0x03B4, 0x0000,
    0x03B6, 0x0000,
    0x03BA, 0x0000,
    0x03BE, 0x0000,
    0x03C2, 0x0000,
    0x03D6, 0x0000,
    0x03DA, 0x0000,
    0x03DE, 0x0000,
    0x03E2, 0x0000,
    0x03F6, 0x0000,
    0x03FA, 0x0000,
    0x03FE, 0x0000,
    0x0402, 0x0000,
    0x0416, 0x0000,
    0x041A, 0x0000,
    0x041E, 0x0000,
    0x0422, 0x0000,
    0x2270, 0x0204,
    0x25D4, 0x0101,
    0x25FA, 0x2000,
    0x2648, 0x0200,
    0x264A, 0x0400,
    0x264C, 0x0200,
    0x264E, 0x0200,
    0x2660, 0x0202,
    0x2B7E, 0x0200,
    0x2B84, 0x0000,
    0x2BA0, 0x0200,
    0x2BA2, 0x0200,
    0x2BA4, 0x0000,
    0x2BA6, 0x0000,
    0x2BA8, 0x0000,
    0x2BAA, 0x0000,
    0x2BAC, 0x0200,
    0x2BAE, 0x0200,
    0x2BB0, 0x0100,
    0x2BB2, 0x0100,
    0x2BB4, 0x0100,
    0x2BB6, 0x0100,
    0x2BB8, 0x0100,
    0x2BBA, 0x0100,
    0x2BBC, 0x0100,
    0x2BBE, 0x0100,
    0x2BC4, 0x078A,
    0x2BC6, 0x0005,
    0x2BC8, 0x0005,
    0x2BCA, 0xFFFA,
    0x2BCC, 0xFFFA,
    0x2CBE, 0x0101,
    0x2DD6, 0x0101,
    0x2DD8, 0x0602,
    0x2DDC, 0x0204,
    0x2DFE, 0x0105,
    0x2E0E, 0x0000,
    0x2E16, 0x0064,
    0x2E18, 0x0096,
    0x2E1A, 0x0078,
    0x2E1C, 0x0190,
    0x2E1E, 0x0258,
    0x2E20, 0x0320,
    0x3348, 0x0002,
    0x34FE, 0x0400,
    0x350C, 0x000B,
    0x3516, 0x006C,
    0x3518, 0x006C,
    0x351A, 0x0070,
    0x351C, 0x0070,
    0x351E, 0x0088,
    0x3520, 0x0091,
    0x3522, 0x0092,
    0x3524, 0x0092,
    0x3526, 0x0090,
    0x3528, 0x0090,
    0x352A, 0x008F,
    0x352C, 0x0098,
    0x352E, 0x009D,
    0x3530, 0x009D,
    0x3532, 0x009D,
    0x3534, 0x009E,
    0x3536, 0x006C,
    0x3538, 0x006C,
    0x353A, 0x0070,
    0x353C, 0x0070,
    0x353E, 0x0088,
    0x3540, 0x0091,
    0x3542, 0x0092,
    0x3544, 0x0092,
    0x3546, 0x0090,
    0x3548, 0x0090,
    0x354A, 0x008F,
    0x354C, 0x0098,
    0x354E, 0x009D,
    0x3550, 0x009D,
    0x3552, 0x009D,
    0x3554, 0x009E,
    0x3714, 0x0000,
    0x371E, 0x0030,
    0x3720, 0x0035,
    0x3722, 0x0037,
    0x3724, 0x0044,
    0x3726, 0x0047,
    0x3728, 0x0054,
    0x372A, 0x0057,
    0x372C, 0x005B,
    0x372E, 0x005D,
    0x3730, 0x005E,
    0x3732, 0x0060,
    0x3734, 0x0062,
    0x3736, 0x005E,
    0x3738, 0x0064,
    0x373A, 0x0068,
    0x373C, 0x006A,
    0x373E, 0x0030,
    0x3740, 0x0035,
    0x3742, 0x0037,
    0x3744, 0x0044,
    0x3746, 0x0047,
    0x3748, 0x0054,
    0x374A, 0x0057,
    0x374C, 0x005B,
    0x374E, 0x005D,
    0x3750, 0x005E,
    0x3752, 0x0060,
    0x3754, 0x0062,
    0x3756, 0x005E,
    0x3758, 0x0064,
    0x375A, 0x0068,
    0x375C, 0x006A,
    0x391C, 0x0000,
    0x3926, 0x0000,
    0x3928, 0x0000,
    0x392A, 0x0000,
    0x392C, 0x0000,
    0x392E, 0x0000,
    0x3930, 0x0000,
    0x3932, 0x0000,
    0x3946, 0x0000,
    0x3948, 0x0000,
    0x394A, 0x0000,
    0x394C, 0x0000,
    0x394E, 0x0000,
    0x3950, 0x0000,
    0x3952, 0x0000,
    0x3B4C, 0x000F,
    0x4780, 0x0200,
    0x498C, 0x012C,
    0x498E, 0x012C,
    0x4990, 0x012C,
    0x4992, 0x012C,
    0x4994, 0x0190,
    0x4996, 0x0190,
    0x4998, 0x0190,
    0x49B8, 0x0258,
    0x49BA, 0x0258,
    0x49BC, 0x0258,
    0x49CA, 0x0190,
    0x49CC, 0x0190,
    0x49CE, 0x0190,
    0x49DC, 0x01F4,
    0x49DE, 0x01F4,
    0x49E0, 0x01F4,
    0x49E6, 0x005A,
    0x49E8, 0x003C,
    0x49EA, 0x0028,
    0x49EC, 0x0014,
    0x49EE, 0x0004,
    0x49F0, 0x0004,
    0x49F2, 0x0004,
    0x49F8, 0x0064,
    0x49FA, 0x004B,
    0x49FC, 0x0032,
    0x49FE, 0x0019,
    0x4A00, 0x000A,
    0x4A02, 0x000A,
    0x4A04, 0x000A,
    0x4A0A, 0x006E,
    0x4A0C, 0x0050,
    0x4A0E, 0x003C,
    0x4A10, 0x001E,
    0x4A12, 0x0014,
    0x4A14, 0x0014,
    0x4A16, 0x0014,
    0x4A1C, 0x0078,
    0x4A1E, 0x0055,
    0x4A20, 0x0046,
    0x4A22, 0x0023,
    0x4A24, 0x001E,
    0x4A26, 0x001E,
    0x4A28, 0x001E,
    0x4A2E, 0x007D,
    0x4A30, 0x005F,
    0x4A32, 0x004B,
    0x4A34, 0x0032,
    0x4A36, 0x0032,
    0x4A38, 0x0032,
    0x4A3A, 0x0032,
    0x4A40, 0x0082,
    0x4A42, 0x0069,
    0x4A44, 0x0050,
    0x4A46, 0x0050,
    0x4A48, 0x0050,
    0x4A4A, 0x0050,
    0x4A4C, 0x0050,
    0x4A64, 0x0000,
    0x4A66, 0x0000,
    0x4A68, 0x0000,
    0x4A6A, 0x0003,
    0x4A6C, 0x0006,
    0x4A6E, 0x0006,
    0x4A70, 0x0006,
    0x4A76, 0x0000,
    0x4A78, 0x0000,
    0x4A7A, 0x0000,
    0x4A7C, 0x0003,
    0x4A7E, 0x0007,
    0x4A80, 0x0007,
    0x4A82, 0x0007,
    0x4A88, 0x0000,
    0x4A8A, 0x000A,
    0x4A8C, 0x0014,
    0x4A8E, 0x0019,
    0x4A90, 0x001E,
    0x4A92, 0x001E,
    0x4A94, 0x001E,
    0x4B06, 0x0001,
    0x4B08, 0x0001,
    0x4B0A, 0x0001,
    0x4B0C, 0x0000,
    0x4B0E, 0x0000,
    0x4B10, 0x0000,
    0x4B12, 0x0000,
    0x4BA8, 0x003C,
    0x4BAA, 0x0006,
    0x4BAC, 0x0006,
    0x4BAE, 0x0006,
    0x4BB0, 0x0006,
    0x4BB2, 0x0006,
    0x4BB4, 0x0006,
    0x4BCC, 0x0028,
    0x4BCE, 0x0001,
    0x4BD0, 0x0001,
    0x4BD2, 0x0001,
    0x4BD4, 0x0001,
    0x4BD6, 0x0001,
    0x4BD8, 0x0001,
    0x4C02, 0x003C,
    0x4C04, 0x0008,
    0x4C06, 0x0008,
    0x4C08, 0x0008,
    0x4C0A, 0x0008,
    0x4C0C, 0x0008,
    0x4C0E, 0x0008,
    0x4C26, 0x0028,
    0x4C28, 0x0014,
    0x4C2A, 0x0014,
    0x4C2C, 0x0014,
    0x4C2E, 0x0014,
    0x4C30, 0x0014,
    0x4C32, 0x0014,
    0x4C52, 0x044C,
    0x4C54, 0x044C,
    0x4C56, 0x044C,
    0x4CE2, 0x001E,
    0x4CE4, 0x001E,
    0x4CE6, 0x001E,
    0x4DBA, 0x00E6,
    0x4DBC, 0x00E6,
    0x4DBE, 0x00E6,
    0x4DCC, 0x00E6,
    0x4DCE, 0x00E6,
    0x4DD0, 0x00E6,
    0x4DDE, 0x00E6,
    0x4DE0, 0x00E6,
    0x4DE2, 0x00E6,
    0x4E02, 0x0050,
    0x4E04, 0x0050,
    0x4E06, 0x0050,
    0x4F3E, 0x001E,
    0x4F40, 0x001E,
    0x4F42, 0x001E,
    0x4F44, 0x0028,
    0x4F46, 0x0032,
    0x4F48, 0x0032,
    0x4F4A, 0x0032,
    0x4F50, 0x001E,
    0x4F52, 0x001E,
    0x4F54, 0x001E,
    0x4F56, 0x0028,
    0x4F58, 0x0050,
    0x4F5A, 0x0050,
    0x4F5C, 0x0050,
    0x4F62, 0x001E,
    0x4F64, 0x001E,
    0x4F66, 0x001E,
    0x4F68, 0x0028,
    0x4F6A, 0x006E,
    0x4F6C, 0x006E,
    0x4F6E, 0x006E,
    0x4F74, 0x001E,
    0x4F76, 0x001E,
    0x4F78, 0x001E,
    0x4F7A, 0x0028,
    0x4F7C, 0x0082,
    0x4F7E, 0x0082,
    0x4F80, 0x0082,
    0x4F86, 0x0028,
    0x4F88, 0x0028,
    0x4F8A, 0x0028,
    0x4F8C, 0x0032,
    0x4F8E, 0x0082,
    0x4F90, 0x0082,
    0x4F92, 0x0082,
    0x85FA, 0x0000,
    0xFCFC, 0x2002,
    0xDDD6, 0x001F,
    0xDDD8, 0x000C,
    0xDDDA, 0x000C,
    0xDDDC, 0x000C,
    0xDDDE, 0x000C,
    0xDDE0, 0x000C,
    0xDDEC, 0x0000,
    0xDDF6, 0x0100,
    0xDDF8, 0x8000,
    0xDDFA, 0x0216,
    0xDE02, 0x003F,
    0xDE04, 0x0001,
    0xDE06, 0x0F13,
    0xDE08, 0x0F13,
    0xDE0A, 0x000C,
    0xDE0C, 0x000C,
    0xDE0E, 0x0000,
    0xDE16, 0x0003,
    0xDE18, 0x04EF,
    0xDE1C, 0x0001,
    0xDE20, 0x0000,
    0xDE22, 0x0100,
    0xDE24, 0x0000,
    0xDE26, 0x0200,
    0xDE28, 0x0000,
    0xDE2A, 0x0400,
    0xDE2C, 0x0000,
    0xDE2E, 0x0800,
    0xDE30, 0x0000,
    0xDE32, 0x2000,
    0xDE34, 0x0000,
    0xDE36, 0x4000,
    0xDE38, 0x0000,
    0xDE3A, 0x0100,
    0xDE3C, 0x0000,
    0xDE3E, 0x0200,
    0xDE40, 0x0000,
    0xDE42, 0x0400,
    0xDE44, 0x0000,
    0xDE46, 0x0800,
    0xDE48, 0x0000,
    0xDE4A, 0x2000,
    0xDE4C, 0x0000,
    0xDE4E, 0x4000,
    0xDE50, 0x0000,
    0xDE52, 0x0100,
    0xDE54, 0x0000,
    0xDE56, 0x0200,
    0xDE58, 0x0000,
    0xDE5A, 0x0400,
    0xDE5C, 0x0000,
    0xDE5E, 0x0800,
    0xDE60, 0x0000,
    0xDE62, 0x2000,
    0xDE64, 0x0000,
    0xDE66, 0x4000,
    0xDE68, 0x0000,
    0xDE6A, 0x0100,
    0xDE6C, 0x0000,
    0xDE6E, 0x0200,
    0xDE70, 0x0000,
    0xDE72, 0x0400,
    0xDE74, 0x0000,
    0xDE76, 0x0800,
    0xDE78, 0x0000,
    0xDE7A, 0x2000,
    0xDE7C, 0x0000,
    0xDE7E, 0x4000,
    0xDE80, 0x0000,
    0xDE82, 0x0000,
    0xDE84, 0x0000,
    0xDE86, 0x0000,
    0xDE88, 0x0000,
    0xDE8A, 0x0000,
    0xDE8C, 0x0000,
    0xDE8E, 0x0000,
    0xDE90, 0x0000,
    0xDE92, 0x0000,
    0xDE94, 0x0000,
    0xDE96, 0x0000,
    0xDE98, 0x0000,
    0xDE9A, 0x0000,
    0xDE9C, 0x0000,
    0xDE9E, 0x0000,
    0xDEA0, 0x0000,
    0xDEA2, 0x0000,
    0xDEA4, 0x0000,
    0xDEA6, 0x0000,
    0xDEA8, 0x0000,
    0xDEAA, 0x0000,
    0xDEAC, 0x0000,
    0xDEAE, 0x0000,
    0xDEB0, 0x0000,
    0xDEB2, 0x0000,
    0xDEB4, 0x0000,
    0xDEB6, 0x0000,
    0xDEB8, 0x0000,
    0xDEBA, 0x0000,
    0xDEBC, 0x0000,
    0xDEBE, 0x0000,
    0xDEC0, 0x0000,
    0xDEC2, 0x0000,
    0xDEC4, 0x0000,
    0xDEC6, 0x0000,
    0xDEC8, 0x0000,
    0xDECA, 0x0000,
    0xDECC, 0x0000,
    0xDECE, 0x0000,
    0xDED0, 0x0000,
    0xDED2, 0x0000,
    0xDED4, 0x0000,
    0xDED6, 0x0000,
    0xDED8, 0x0000,
    0xDEDA, 0x0000,
    0xDEDC, 0x0000,
    0xDEDE, 0x0000,
    0xDF40, 0x0000,
    0xDF42, 0x01FF,
    0xDF44, 0x0000,
    0xDF46, 0x03FF,
    0xDF48, 0x0000,
    0xDF4A, 0x07FF,
    0xDF4C, 0x0000,
    0xDF4E, 0x1FFF,
    0xDF50, 0x0000,
    0xDF52, 0x3FFF,
    0xDF54, 0x0001,
    0xDF56, 0x0000,
    0xDF58, 0x0000,
    0xDF5A, 0x01FF,
    0xDF5C, 0x0000,
    0xDF5E, 0x03FF,
    0xDF60, 0x0000,
    0xDF62, 0x07FF,
    0xDF64, 0x0000,
    0xDF66, 0x1FFF,
    0xDF68, 0x0000,
    0xDF6A, 0x3FFF,
    0xDF6C, 0x0001,
    0xDF6E, 0x0000,
    0xDF70, 0x0000,
    0xDF72, 0x01FF,
    0xDF74, 0x0000,
    0xDF76, 0x03FF,
    0xDF78, 0x0000,
    0xDF7A, 0x07FF,
    0xDF7C, 0x0000,
    0xDF7E, 0x1FFF,
    0xDF80, 0x0000,
    0xDF82, 0x3FFF,
    0xDF84, 0x0001,
    0xDF86, 0x0000,
    0xDF88, 0x0000,
    0xDF8A, 0x01FF,
    0xDF8C, 0x0000,
    0xDF8E, 0x03FF,
    0xDF90, 0x0000,
    0xDF92, 0x07FF,
    0xDF94, 0x0000,
    0xDF96, 0x1FFF,
    0xDF98, 0x0000,
    0xDF9A, 0x3FFF,
    0xDF9C, 0x0001,
    0xDF9E, 0x0000,
    0xDFA0, 0x0000,
    0xDFA2, 0x0000,
    0xDFA4, 0x0000,
    0xDFA6, 0x0000,
    0xDFA8, 0x0000,
    0xDFAA, 0x0000,
    0xDFAC, 0x0000,
    0xDFAE, 0x0000,
    0xDFB0, 0x0000,
    0xDFB2, 0x0000,
    0xDFB4, 0x0000,
    0xDFB6, 0x0000,
    0xDFB8, 0x0000,
    0xDFBA, 0x0000,
    0xDFBC, 0x0000,
    0xDFBE, 0x0000,
    0xDFC0, 0x0000,
    0xDFC2, 0x0000,
    0xDFC4, 0x0000,
    0xDFC6, 0x0000,
    0xDFC8, 0x0000,
    0xDFCA, 0x0000,
    0xDFCC, 0x0000,
    0xDFCE, 0x0000,
    0xDFD0, 0x0000,
    0xDFD2, 0x0000,
    0xDFD4, 0x0000,
    0xDFD6, 0x0000,
    0xDFD8, 0x0000,
    0xDFDA, 0x0000,
    0xDFDC, 0x0000,
    0xDFDE, 0x0000,
    0xDFE0, 0x0000,
    0xDFE2, 0x0000,
    0xDFE4, 0x0000,
    0xDFE6, 0x0000,
    0xDFE8, 0x0000,
    0xDFEA, 0x0000,
    0xDFEC, 0x0000,
    0xDFEE, 0x0000,
    0xDFF0, 0x0000,
    0xDFF2, 0x0000,
    0xDFF4, 0x0000,
    0xDFF6, 0x0000,
    0xDFF8, 0x0000,
    0xDFFA, 0x0000,
    0xDFFC, 0x0000,
    0xDFFE, 0x0000,
    0xE060, 0x0000,
    0xE06E, 0x2000,
    0xE070, 0x1800,
    0xE072, 0x2020,
    0xE074, 0x1830,
    0xE076, 0xFFFF,
    0xE078, 0xFFFF,
    0xE07A, 0x0000,
    0xFCFC, 0x4000,
    0x0086, 0x2000,
    0x020A, 0x0100,
    0x0228, 0x0100,
    0x0380, 0x0004,
    0x0382, 0x0004,
    0x0384, 0x0004,
    0x0386, 0x0004,
    0x0722, 0x0800,
    0x0900, 0x3244,
    0x0B02, 0x0202,
    0x0B04, 0x0001,
    0x0B06, 0x0101,
    0x0B08, 0x0100,
    0x0B0A, 0x0101,
    0x0B0C, 0x0100,
    0x0BCC, 0x0000,
    0x0BE2, 0x0000,
};

//4096*2304 30fps 16:9
static kal_uint16 s5khp5_normal_video_setting[] = {
    0xFCFC, 0x2000,
    0x0F8C, 0x0000,
    0x1004, 0x0000,
    0x46F2, 0x0000,
    0x4718, 0xFFFF,
    0x472C, 0x0000,
    0x472E, 0x0000,
    0x4760, 0x0200,
    0x8F40, 0x0702,
    0xA76E, 0x0180,
    0xA770, 0x0200,
    0xA772, 0x0300,
    0xA774, 0x0400,
    0xA776, 0x1E20,
    0xA778, 0x2223,
    0xA77A, 0x2526,
    0xA77C, 0x2728,
    0xA77E, 0x292A,
    0xA780, 0x2B2C,
    0xA782, 0x2C2D,
    0xA784, 0x2E2E,
    0xA786, 0x2F31,
    0xA788, 0x3233,
    0xA78A, 0x3435,
    0xA78C, 0x3637,
    0xA78E, 0x3739,
    0xA790, 0x3A3B,
    0xA792, 0x3B3D,
    0xA794, 0x3E3E,
    0xA796, 0x3F2C,
    0xB8C4, 0x0000,
    0xFCFC, 0x2001,
    0x10F0, 0x0200,
    0x2C02, 0x0008,
    0x2C04, 0x0010,
    0x2C06, 0x0000,
    0x2DD0, 0x0000,
    0x34BC, 0x013F,
    0x34BE, 0x017F,
    0x34C0, 0x01BF,
    0x34C2, 0x01FF,
    0x34C4, 0x027F,
    0x34C6, 0x02FF,
    0x34C8, 0x037F,
    0x34CA, 0x03FF,
    0x34CC, 0x05FF,
    0x34CE, 0x07FF,
    0x34D0, 0x09FF,
    0x34D2, 0x0BFF,
    0x34D4, 0x0DFF,
    0x34D6, 0x0FFF,
    0x34D8, 0x3FFF,
    0xFCFC, 0x4000,
    0x0112, 0x0A0A,
    0x0114, 0x0201,
    0x0118, 0x0004,
    0x011C, 0x0101,
    0x0136, 0x1800,
    0x013E, 0x0000,
    0x0202, 0x0200,
    0x0204, 0x0020,
    0x021E, 0x0000,
    0x0226, 0x0200,
    0x022C, 0x0200,
    0x0260, 0x0001,
    0x0262, 0x0200,
    0x0264, 0x0006,
    0x0270, 0x2B2B,
    0x0272, 0x2B10,
    0x0274, 0x302B,
    0x0304, 0x0003,
    0x0306, 0x00F0,
    0x030C, 0x0000,
    0x030E, 0x0003,
    0x0310, 0x00BA,
    0x0312, 0x0000,
    0x031A, 0x0003,
    0x031C, 0x0028,
    0x031E, 0x0002,
    0x0340, 0x1256,
    0x0342, 0x3540,
    0x0344, 0x0000,
    0x0346, 0x0600,
    0x0348, 0x403C,
    0x034A, 0x2A7C,
    0x034C, 0x1000,
    0x034E, 0x0900,
    0x0350, 0x0008,
    0x0352, 0x0010,
    0x0720, 0x0001,
    0x0724, 0x0000,
    0x072C, 0x0800,
    0x072E, 0x0240,
    0x081C, 0x1015,
    0x081E, 0x0F00,
    0x0BCA, 0x0101,
    0xFCFC, 0x2000,
    0x0E90, 0x0803,
    0x0E92, 0x0803,
    0x0E94, 0x0803,
    0x0E96, 0x0803,
    0x0F64, 0x0040,
    0x34BA, 0x0000,
    0x34BC, 0x0004,
    0x3512, 0xFA36,
    0x3514, 0xFB0E,
    0x3552, 0x0000,
    0x3554, 0x0000,
    0x3E14, 0x0101,
    0x3E16, 0x0100,
    0x3E1E, 0x03FF,
    0x3E20, 0x03FF,
    0x3E22, 0x01FF,
    0x3E24, 0x003F,
    0x3E30, 0x0400,
    0x3E32, 0x0400,
    0x3E34, 0x0200,
    0x3E36, 0x0040,
    0x4114, 0x0008,
    0x4116, 0x0048,
    0x4118, 0x4000,
    0x411A, 0xFA28,
    0x411C, 0xA8B1,
    0x411E, 0xA0B1,
    0x4120, 0x4000,
    0x4122, 0xFA2C,
    0x4124, 0x0002,
    0x4126, 0x0003,
    0x4128, 0x4000,
    0x412A, 0xFC1E,
    0x41B4, 0x000C,
    0x41B6, 0x0000,
    0x41B8, 0x4000,
    0x41BA, 0xFAB2,
    0x41BC, 0x000C,
    0x41BE, 0x0000,
    0x41C0, 0x4000,
    0x41C2, 0xFAB4,
    0x4254, 0x06DB,
    0x4256, 0x06C9,
    0x4258, 0x4000,
    0x425A, 0xFA12,
    0x42F4, 0x01D5,
    0x42F6, 0x01F9,
    0x42F8, 0x4000,
    0x42FA, 0xF470,
    0x42FC, 0x01D5,
    0x42FE, 0x01F9,
    0x4300, 0x4000,
    0x4302, 0xF478,
    0x46F0, 0x0101,
    0x47C2, 0x0101,
    0x485A, 0x0102,
    0x487C, 0x0004,
    0x4882, 0x0004,
    0x489A, 0x0004,
    0x48A0, 0x0004,
    0x48B8, 0x0012,
    0x48BE, 0x0014,
    0x48D6, 0x0014,
    0x48DC, 0x000C,
    0x48F4, 0x0012,
    0x48FA, 0x0014,
    0x4918, 0x0101,
    0x491A, 0x0000,
    0x49D0, 0x0000,
    0x49D4, 0x2214,
    0x49DA, 0x1422,
    0x49E6, 0x2118,
    0x49EC, 0x1821,
    0x49F8, 0x8080,
    0x4A58, 0x0030,
    0x4A5A, 0xFFF1,
    0x4A5C, 0x0001,
    0x4A5E, 0x00C8,
    0x4A60, 0x0001,
    0x4A62, 0x0001,
    0x4A64, 0x0030,
    0x4A66, 0x001B,
    0x4A68, 0x0007,
    0x4A6A, 0x0006,
    0x4A6C, 0x0018,
    0x4A6E, 0x0006,
    0x4A70, 0x0006,
    0x4A72, 0x0019,
    0x4A90, 0xFFF9,
    0x4A92, 0xFFFA,
    0x4A94, 0x0005,
    0x4A96, 0x0005,
    0x4A98, 0x0010,
    0x4A9A, 0x0010,
    0x4A9C, 0xFFFC,
    0x4A9E, 0x0048,
    0x4AA0, 0x0020,
    0x4AA2, 0x000E,
    0x4AA4, 0x000E,
    0x4AA6, 0x0007,
    0x4AA8, 0x0007,
    0x4AAA, 0x0048,
    0x4AAC, 0xFFF3,
    0x4AB0, 0xFFFC,
    0x4AB8, 0xFFFC,
    0x4ABA, 0x0048,
    0x4ABE, 0x0000,
    0x4AC0, 0x000E,
    0x4AC2, 0x001E,
    0x4AC4, 0x002E,
    0x4AC6, 0x0048,
    0x4AD4, 0xFFFC,
    0x4AE2, 0x0048,
    0x4AE4, 0x0021,
    0x4AE6, 0x0010,
    0x4AE8, 0x0010,
    0x4AEA, 0x0010,
    0x4AEC, 0x0010,
    0x4AEE, 0x0010,
    0x4AF0, 0x0016,
    0x4AF2, 0x001A,
    0x4AF4, 0x0008,
    0x4AF6, 0x0008,
    0x4AF8, 0x0004,
    0x4AFA, 0x0008,
    0x4AFC, 0x0008,
    0x4AFE, 0x0018,
    0x4B54, 0x0021,
    0x4B56, 0x0010,
    0x4B58, 0x0010,
    0x4B5A, 0x0010,
    0x4B5C, 0x0010,
    0x4B5E, 0x0010,
    0x4B60, 0x0016,
    0x4B62, 0x001A,
    0x4B64, 0x0008,
    0x4B66, 0x0008,
    0x4B68, 0x0004,
    0x4B6A, 0x0008,
    0x4B6C, 0x0008,
    0x4B6E, 0x0018,
    0x4BC4, 0x0021,
    0x4BC6, 0x0010,
    0x4BC8, 0x0010,
    0x4BCA, 0x0010,
    0x4BCC, 0x0010,
    0x4BCE, 0x0010,
    0x4BD0, 0x0016,
    0x4BD2, 0x001A,
    0x4BD4, 0x0008,
    0x4BD6, 0x0008,
    0x4BD8, 0x0004,
    0x4BDA, 0x0008,
    0x4BDC, 0x0008,
    0x4BDE, 0x0018,
    0x4BE0, 0x0008,
    0x4BE2, 0x0003,
    0x4BE4, 0x0003,
    0x4BE6, 0x0008,
    0x4BE8, 0x0003,
    0x4BEA, 0x0003,
    0x4BEC, 0x0005,
    0x4BEE, 0x0060,
    0x4BF0, 0x004B,
    0x4BF2, 0x0060,
    0x4BF4, 0x0060,
    0x4BF6, 0x0060,
    0x4BF8, 0x0060,
    0x4BFA, 0x0060,
    0x4C08, 0x0060,
    0x4C16, 0x0060,
    0x4C40, 0x0000,
    0x4C42, 0x0000,
    0x4C44, 0x0001,
    0x4C46, 0x0014,
    0x4C48, 0x0014,
    0x4C4A, 0x0014,
    0x4C4C, 0x0014,
    0x4C4E, 0x0000,
    0x4C5C, 0x0002,
    0x4C6C, 0x0004,
    0x4C6E, 0x0001,
    0x4C70, 0x0004,
    0x4C72, 0x0007,
    0x4C74, 0x0004,
    0x4C76, 0x0004,
    0x4C78, 0x0004,
    0x4C7A, 0x0001,
    0x4C7C, 0xFFD0,
    0x4C7E, 0xFFDE,
    0x4C80, 0xFFDE,
    0x4C82, 0xFFCE,
    0x4C84, 0xFFCE,
    0x4C86, 0x0001,
    0x4C88, 0x0000,
    0x4C8A, 0x0000,
    0x4C8C, 0x0006,
    0x4C8E, 0x0006,
    0x4C90, 0x0006,
    0x4C92, 0x0006,
    0x4C94, 0x0000,
    0x4C96, 0x0000,
    0x4C98, 0xFFE0,
    0x4C9A, 0xFFFB,
    0x4C9C, 0xFFFD,
    0x4C9E, 0xFFFF,
    0x4CA0, 0xFFFF,
    0x4CA2, 0x0000,
    0x4CAA, 0x0006,
    0x4CB0, 0x0000,
    0x4CB2, 0x0000,
    0x4CB6, 0x0000,
    0x4CB8, 0x0006,
    0x4CBA, 0xFFCA,
    0x4CBC, 0xFFBA,
    0x4CBE, 0x0000,
    0x4CCC, 0x0000,
    0x4CDA, 0x0000,
    0x4CDC, 0x0002,
    0x4CDE, 0x0001,
    0x4CE0, 0x0001,
    0x4CE2, 0x0004,
    0x4CE4, 0x0001,
    0x4CE6, 0x0001,
    0x4CE8, 0x0002,
    0x4CEA, 0x000A,
    0x4CEC, 0x0040,
    0x4CEE, 0x0040,
    0x4CF0, 0x0040,
    0x4CF2, 0x0040,
    0x4CF4, 0x0040,
    0x4CF6, 0x000A,
    0x4CF8, 0x0002,
    0x4CFA, 0x0001,
    0x4CFC, 0x0001,
    0x4CFE, 0x0004,
    0x4D00, 0x0001,
    0x4D02, 0x0001,
    0x4D04, 0x0002,
    0x4D06, 0x000A,
    0x4D08, 0x0040,
    0x4D0A, 0x0040,
    0x4D0C, 0x0040,
    0x4D0E, 0x0040,
    0x4D10, 0x0040,
    0x4D12, 0x000A,
    0x4D14, 0x0002,
    0x4D16, 0x0001,
    0x4D18, 0x0001,
    0x4D1A, 0x0004,
    0x4D1C, 0x0001,
    0x4D1E, 0x0001,
    0x4D20, 0x0002,
    0x4D22, 0x000A,
    0x4D24, 0x0040,
    0x4D26, 0x0040,
    0x4D28, 0x0040,
    0x4D2A, 0x0040,
    0x4D2C, 0x0040,
    0x4D2E, 0x000A,
    0x4D74, 0x0000,
    0x4D82, 0x0000,
    0x4DF4, 0x0000,
    0x4DF6, 0x0305,
    0x4DF8, 0x0004,
    0x4DFA, 0x0004,
    0x4DFC, 0x0004,
    0x4DFE, 0x0000,
    0x4E00, 0x0000,
    0x4E04, 0x0053,
    0x4E06, 0x0053,
    0x4E08, 0x0053,
    0x4E0A, 0x0053,
    0x4E0C, 0x0053,
    0x4E0E, 0x0053,
    0x4E2C, 0x000F,
    0x4E2E, 0x012F,
    0x4E30, 0x01E8,
    0x4E32, 0x01E8,
    0x4E34, 0x0351,
    0x4E36, 0x064F,
    0x4E38, 0x000F,
    0x4E3C, 0x004B,
    0x4E3E, 0x0060,
    0x4E40, 0x0060,
    0x4E42, 0x0060,
    0x4E44, 0x0060,
    0x4E46, 0x0030,
    0x4E48, 0x000F,
    0x4E4A, 0x012F,
    0x4E4C, 0x01E8,
    0x4E4E, 0x01E8,
    0x4E50, 0x0351,
    0x4E52, 0x064F,
    0x4E54, 0x000F,
    0x4E58, 0x004B,
    0x4E5A, 0x0060,
    0x4E5C, 0x0060,
    0x4E5E, 0x0060,
    0x4E60, 0x0060,
    0x4E62, 0x0030,
    0x4E9A, 0x0000,
    0x4EB6, 0x0008,
    0x4EE0, 0x000A,
    0x4EFC, 0x0018,
    0x4F1A, 0x0002,
    0x4F1C, 0x001A,
    0x4F1E, 0x0064,
    0x4F20, 0x0001,
    0x4F22, 0x0064,
    0x4F24, 0x0064,
    0x4F26, 0x0002,
    0x4F28, 0x008A,
    0x4F2A, 0x0054,
    0x4F2C, 0x0080,
    0x4F2E, 0x0342,
    0x4F30, 0x0080,
    0x4F32, 0x0080,
    0x4F34, 0x008A,
    0x4F36, 0x0088,
    0x4F38, 0x0052,
    0x4F3A, 0x007E,
    0x4F3C, 0x0340,
    0x4F3E, 0x007E,
    0x4F40, 0x007E,
    0x4F42, 0x0088,
    0x4F52, 0x0004,
    0x4F60, 0x000A,
    0x4F6E, 0x0004,
    0x4F70, 0x0008,
    0x4F72, 0x0008,
    0x4F74, 0x0008,
    0x4F76, 0x0008,
    0x4F78, 0x0008,
    0x4F7A, 0x0004,
    0x4F7C, 0x000A,
    0x4F7E, 0x0008,
    0x4F80, 0x0008,
    0x4F82, 0x0008,
    0x4F84, 0x0008,
    0x4F86, 0x0008,
    0x4F88, 0x000A,
    0x50BE, 0x001B,
    0x50C0, 0x0024,
    0x50C2, 0x0004,
    0x50C4, 0x00F0,
    0x50C6, 0x0019,
    0x50C8, 0x0019,
    0x50CA, 0x0010,
    0x50CC, 0x0021,
    0x50CE, 0x0005,
    0x50D0, 0x0002,
    0x50D2, 0x00F6,
    0x50D4, 0x0008,
    0x50D6, 0x0008,
    0x50D8, 0x0016,
    0x50E0, 0x0104,
    0x50E6, 0x0016,
    0x50E8, 0x000F,
    0x50EC, 0x0008,
    0x50EE, 0x0008,
    0x50F0, 0x0008,
    0x50F2, 0x0008,
    0x50F4, 0x000F,
    0x5118, 0x0005,
    0x5126, 0x000F,
    0x51FE, 0x0005,
    0x520C, 0x000A,
    0x5214, 0x0007,
    0x521A, 0x0005,
    0x527E, 0x0003,
    0x528C, 0x0010,
    0x528E, 0x0016,
    0x5290, 0x0016,
    0x5292, 0x0016,
    0x5294, 0x0016,
    0x5296, 0x0016,
    0x5298, 0x0015,
    0x529E, 0x0027,
    0x52A0, 0x0029,
    0x52A2, 0x0027,
    0x52A4, 0x0027,
    0x52A6, 0x002D,
    0x52B6, 0x0032,
    0x52B8, 0x0035,
    0x52BA, 0x0036,
    0x52BC, 0x0036,
    0x52BE, 0x0036,
    0x52C0, 0x0036,
    0x52C2, 0x0037,
    0x5500, 0x00C7,
    0x5554, 0x00C7,
    0x578A, 0x0004,
    0x578C, 0x000A,
    0x578E, 0x0004,
    0x5790, 0x0004,
    0x5792, 0x001F,
    0x57CC, 0x005E,
    0x57CE, 0x003E,
    0x57D0, 0x0088,
    0x57D2, 0x0154,
    0x57D4, 0x0100,
    0x57D6, 0x0100,
    0x57D8, 0x0070,
    0x57E6, 0x0115,
    0x57E8, 0x0089,
    0x57EC, 0x0078,
    0x57EE, 0x0078,
    0x57F0, 0x0088,
    0x57F2, 0x0088,
    0x57F4, 0x00C6,
    0x5804, 0x0089,
    0x5806, 0x00A9,
    0x5808, 0x0154,
    0x580A, 0x01E4,
    0x580C, 0x0158,
    0x580E, 0x0158,
    0x5810, 0x00C6,
    0x581A, 0x00F0,
    0x581C, 0x00E0,
    0x581E, 0x00C6,
    0x629E, 0x0000,
    0x62AC, 0x0000,
    0x65AE, 0x017C,
    0x65BC, 0x01C1,
    0x65F6, 0x0000,
    0x65FA, 0x8000,
    0x65FC, 0x8000,
    0x65FE, 0x8000,
    0x6600, 0x8000,
    0x6604, 0x0000,
    0x6608, 0x8000,
    0x660A, 0x8000,
    0x660C, 0x8000,
    0x660E, 0x8000,
    0x8F42, 0x0000,
    0x8F72, 0x0600,
    0x8F7E, 0x0017,
    0x8F80, 0x170B,
    0x8F82, 0x0B0B,
    0x8F84, 0x0B0B,
    0x8F8C, 0x0004,
    0x8F8E, 0x040B,
    0x8F90, 0x0B0B,
    0x8F92, 0x0B0B,
    0x8F9A, 0x0001,
    0x8F9C, 0x0100,
    0x8F9E, 0x0101,
    0x8FA0, 0x0101,
    0x8FA8, 0x0001,
    0x8FAA, 0x0100,
    0x8FAC, 0x0101,
    0x8FAE, 0x0101,
    0x8FB6, 0x0090,
    0x8FB8, 0x0B07,
    0x8FBA, 0x0B0B,
    0x8FBC, 0x0B0B,
    0x8FC4, 0x0090,
    0x8FC6, 0x9005,
    0x8FC8, 0x9090,
    0x8FCA, 0x9090,
    0x8FD0, 0x0087,
    0x8FD2, 0x0082,
    0x8FD4, 0xF7DD,
    0x8FD6, 0xF105,
    0x8FD8, 0x3008,
    0x8FDA, 0x00FF,
    0x8FDC, 0x03FF,
    0x8FDE, 0x1901,
    0x8FE0, 0x06C9,
    0x8FE2, 0x0249,
    0x8FE4, 0x0249,
    0x8FE6, 0x0010,
    0x8FE8, 0x0449,
    0x8FEA, 0x0790,
    0x8FF6, 0x0D0D,
    0x8FF8, 0x080D,
    0x8FFA, 0x0D0D,
    0x8FFC, 0x0D0D,
    0x8FFE, 0x0D08,
    0x9000, 0x0D0D,
    0x9002, 0x0D0D,
    0x9066, 0x80F5,
    0x9996, 0xA6F1,
    0x9998, 0x412C,
    0x999A, 0xA8B1,
    0x999C, 0x0000,
    0x999E, 0x0044,
    0x9D50, 0x013F,
    0x9D54, 0x0000,
    0x9D56, 0x01FF,
    0x9D58, 0xFFFF,
    0x9DD4, 0x4000,
    0x9DD6, 0xFA9E,
    0x9DD8, 0x4000,
    0x9DDA, 0xFAA0,
    0x9DE4, 0x1206,
    0x9DE6, 0x0C06,
    0x9E60, 0x0C06,
    0x9E62, 0x1206,
    0x9E64, 0x0C06,
    0x9EDE, 0x0C06,
    0xA0A8, 0x0000,
    0xA0EE, 0x0100,
    0xA15C, 0x0002,
    0xA1C4, 0xBC76,
    0xA1D2, 0xFE00,
    0xA4FE, 0x0011,
    0xA50C, 0x0000,
    0xA512, 0x0000,
    0xA514, 0x0000,
    0xA516, 0x037A,
    0xA51E, 0x0000,
    0xA520, 0x001E,
    0xA522, 0x001E,
    0xA52E, 0x0000,
    0xA530, 0x0000,
    0xA53C, 0x000A,
    0xA53E, 0x0000,
    0xA540, 0x0000,
    0xA542, 0x0000,
    0xA54A, 0x0000,
    0xA54C, 0x0001,
    0xA54E, 0x0001,
    0xA550, 0x0001,
    0xA558, 0x0001,
    0xA55A, 0x0000,
    0xA734, 0x0000,
    0xA736, 0x0022,
    0xA738, 0x0024,
    0xA73A, 0x0026,
    0xA73C, 0x0028,
    0xA73E, 0x002A,
    0xA740, 0x002C,
    0xA742, 0x002E,
    0xA744, 0x0030,
    0xA746, 0x0032,
    0xA748, 0x0034,
    0xA74A, 0x0036,
    0xA74C, 0x0038,
    0xA74E, 0x003A,
    0xA750, 0x003C,
    0xA752, 0x003E,
    0xA754, 0x0040,
    0xA756, 0x0048,
    0xA758, 0x0050,
    0xA75A, 0x0058,
    0xA75C, 0x0060,
    0xA75E, 0x0068,
    0xA760, 0x0070,
    0xA762, 0x0078,
    0xA764, 0x0080,
    0xA766, 0x00A0,
    0xA768, 0x00C0,
    0xA76A, 0x00E0,
    0xA76C, 0x0100,
    0xA9E0, 0x8822,
    0xAA00, 0x0000,
    0xB252, 0x0202,
    0xB254, 0x0200,
    0xB264, 0x0001,
    0xB390, 0x0202,
    0xB39C, 0x1000,
    0xB3DC, 0x0600,
    0xB3DE, 0x0000,
    0xB3EE, 0x0600,
    0xB3F0, 0x0101,
    0xB57A, 0x0008,
    0xB57C, 0x0008,
    0xB8C0, 0x0011,
    0xB8C2, 0x000D,
    0xB8C6, 0x0B08,
    0xC880, 0x0100,
    0xC890, 0x00FF,
    0xC892, 0x0012,
    0xC896, 0x6786,
    0xC89A, 0x0001,
    0xC89C, 0x0030,
    0xC89E, 0x0004,
    0xE8A2, 0x0100,
    0xE8A4, 0x0030,
    0xE8A8, 0x0000,
    0xE8AA, 0x678A,
    0xFF64, 0x0002,
    0xFF6A, 0x1000,
    0xFF6C, 0x1000,
    0xFF72, 0x1000,
    0xFF74, 0x1000,
    0xFF7A, 0x1000,
    0xFF7C, 0x1000,
    0xFF82, 0x1000,
    0xFF84, 0x1000,
    0xFF8A, 0x1000,
    0xFF8C, 0x1000,
    0xFF92, 0x1000,
    0xFF94, 0x1000,
    0xFF9A, 0x1000,
    0xFF9C, 0x1000,
    0xFFA2, 0x1000,
    0xFFA4, 0x1000,
    0xFFAA, 0x1000,
    0xFFAC, 0x1000,
    0xFFB2, 0x1000,
    0xFFB4, 0x1000,
    0xFFBA, 0x1000,
    0xFFBC, 0x1000,
    0xFFC2, 0x1000,
    0xFFC4, 0x1000,
    0xFFCA, 0x1000,
    0xFFCC, 0x1000,
    0xFFD2, 0x1000,
    0xFFD4, 0x1000,
    0xFFDA, 0x1000,
    0xFFDC, 0x1000,
    0xFFE2, 0x1000,
    0xFFE4, 0x1000,
    0xFFEA, 0x1000,
    0xFFEC, 0x1000,
    0xFFF2, 0x1000,
    0xFFF4, 0x1000,
    0xFFFA, 0x1000,
    0xFCFC, 0x4000,
    0x6028, 0x2000,
    0x602A, 0xFFFC,
    0x6F12, 0x1000,
    0xFCFC, 0x2001,
    0x0002, 0x1000,
    0x0004, 0x1000,
    0x000A, 0x1000,
    0x000C, 0x1000,
    0x0012, 0x1000,
    0x0014, 0x1000,
    0x001A, 0x1000,
    0x001C, 0x1000,
    0x0022, 0x1000,
    0x0024, 0x1000,
    0x002A, 0x0000,
    0x002C, 0x0000,
    0x0032, 0x0000,
    0x0034, 0x0000,
    0x003A, 0x0000,
    0x003C, 0x0000,
    0x0042, 0x0000,
    0x0044, 0x0000,
    0x004A, 0x0000,
    0x004C, 0x0000,
    0x0052, 0x0000,
    0x0054, 0x0000,
    0x005A, 0x0000,
    0x005C, 0x0000,
    0x0062, 0x0000,
    0x0064, 0x0000,
    0x006A, 0x0000,
    0x006C, 0x0000,
    0x0072, 0x0000,
    0x0074, 0x0000,
    0x007A, 0x0000,
    0x007C, 0x0000,
    0x0082, 0x0000,
    0x0084, 0x0000,
    0x008A, 0x0000,
    0x008C, 0x0000,
    0x0092, 0x0000,
    0x0094, 0x0000,
    0x009A, 0x0000,
    0x009C, 0x0000,
    0x00A2, 0x0000,
    0x00A4, 0x0000,
    0x00AA, 0x0000,
    0x00AC, 0x0000,
    0x00B2, 0x0000,
    0x00B4, 0x0000,
    0x00BA, 0x0000,
    0x00BC, 0x0000,
    0x00C2, 0x0000,
    0x00C4, 0x0000,
    0x00CA, 0x0000,
    0x00CC, 0x0000,
    0x00D2, 0x0000,
    0x00D4, 0x0000,
    0x00DA, 0x0000,
    0x00DC, 0x0000,
    0x00E2, 0x0000,
    0x00E4, 0x0000,
    0x01B4, 0x0600,
    0x01B6, 0x0003,
    0x01BA, 0x0003,
    0x01BE, 0x0003,
    0x01C2, 0x0003,
    0x01D6, 0x0003,
    0x01DA, 0x0003,
    0x01DE, 0x0003,
    0x01E2, 0x0003,
    0x01F6, 0x0003,
    0x01FA, 0x0003,
    0x01FE, 0x0003,
    0x0202, 0x0003,
    0x0216, 0x0003,
    0x021A, 0x0003,
    0x021E, 0x0003,
    0x0222, 0x0003,
    0x0236, 0x0000,
    0x023A, 0x0000,
    0x023E, 0x0000,
    0x0242, 0x0000,
    0x0256, 0x0000,
    0x025A, 0x0000,
    0x025E, 0x0000,
    0x0262, 0x0000,
    0x0276, 0x0000,
    0x027A, 0x0000,
    0x027E, 0x0000,
    0x0282, 0x0000,
    0x0296, 0x0000,
    0x029A, 0x0000,
    0x029E, 0x0000,
    0x02A2, 0x0000,
    0x0336, 0x0000,
    0x0338, 0x0000,
    0x033A, 0xFFFF,
    0x033C, 0x0000,
    0x033E, 0x0000,
    0x0340, 0x0000,
    0x0342, 0xFFFF,
    0x0344, 0x0000,
    0x0346, 0x0000,
    0x0348, 0x0000,
    0x034A, 0x0000,
    0x034C, 0x0000,
    0x034E, 0x0000,
    0x0350, 0x0000,
    0x0352, 0x0000,
    0x0354, 0x0000,
    0x0356, 0xFFFF,
    0x0358, 0x0000,
    0x035A, 0xFFFF,
    0x035C, 0x0000,
    0x035E, 0xFFFF,
    0x0360, 0x0000,
    0x0362, 0xFFFF,
    0x0364, 0x0000,
    0x0366, 0x0000,
    0x0368, 0x0000,
    0x036A, 0x0000,
    0x036C, 0x0000,
    0x036E, 0x0000,
    0x0370, 0x0000,
    0x0372, 0x0000,
    0x0374, 0x0000,
    0x0376, 0x0000,
    0x0378, 0x0000,
    0x037A, 0x0000,
    0x037C, 0x0000,
    0x037E, 0x0000,
    0x0380, 0x0000,
    0x0382, 0x0000,
    0x0384, 0x0000,
    0x0386, 0x0000,
    0x0388, 0x0000,
    0x038A, 0x0000,
    0x038C, 0x0000,
    0x038E, 0x0000,
    0x0390, 0x0000,
    0x0392, 0x0000,
    0x0394, 0x0000,
    0x0396, 0x0000,
    0x0398, 0x0000,
    0x039A, 0x0000,
    0x039C, 0x0000,
    0x039E, 0x0000,
    0x03A0, 0x0000,
    0x03A2, 0x0000,
    0x03A4, 0x0000,
    0x03A6, 0x0000,
    0x03A8, 0x0000,
    0x03AA, 0x0000,
    0x03AC, 0x0000,
    0x03AE, 0x0000,
    0x03B0, 0x0000,
    0x03B2, 0x0000,
    0x03B4, 0x0000,
    0x03B6, 0x0000,
    0x03BA, 0x0000,
    0x03BE, 0x0000,
    0x03C2, 0x0000,
    0x03D6, 0x0000,
    0x03DA, 0x0000,
    0x03DE, 0x0000,
    0x03E2, 0x0000,
    0x03F6, 0x0000,
    0x03FA, 0x0000,
    0x03FE, 0x0000,
    0x0402, 0x0000,
    0x0416, 0x0000,
    0x041A, 0x0000,
    0x041E, 0x0000,
    0x0422, 0x0000,
    0x2270, 0x0204,
    0x25D4, 0x0101,
    0x25FA, 0x2000,
    0x2648, 0x0200,
    0x264A, 0x0400,
    0x264C, 0x0200,
    0x264E, 0x0200,
    0x2660, 0x0202,
    0x2B7E, 0x0200,
    0x2B84, 0x0000,
    0x2BA0, 0x0200,
    0x2BA2, 0x0200,
    0x2BA4, 0x0000,
    0x2BA6, 0x0000,
    0x2BA8, 0x0000,
    0x2BAA, 0x0000,
    0x2BAC, 0x0200,
    0x2BAE, 0x0200,
    0x2BB0, 0x0100,
    0x2BB2, 0x0100,
    0x2BB4, 0x0100,
    0x2BB6, 0x0100,
    0x2BB8, 0x0100,
    0x2BBA, 0x0100,
    0x2BBC, 0x0100,
    0x2BBE, 0x0100,
    0x2BC4, 0x078A,
    0x2BC6, 0x0005,
    0x2BC8, 0x0005,
    0x2BCA, 0xFFFA,
    0x2BCC, 0xFFFA,
    0x2CBE, 0x0101,
    0x2DD6, 0x0101,
    0x2DD8, 0x0602,
    0x2DDC, 0x0204,
    0x2DFE, 0x0105,
    0x2E0E, 0x0000,
    0x2E16, 0x0064,
    0x2E18, 0x0096,
    0x2E1A, 0x0078,
    0x2E1C, 0x0190,
    0x2E1E, 0x0258,
    0x2E20, 0x0320,
    0x3348, 0x0002,
    0x34FE, 0x0400,
    0x350C, 0x000B,
    0x3516, 0x0074,
    0x3518, 0x007A,
    0x351A, 0x007A,
    0x351C, 0x007C,
    0x351E, 0x009A,
    0x3520, 0x009F,
    0x3522, 0x00A2,
    0x3524, 0x00A6,
    0x3526, 0x00A7,
    0x3528, 0x00A3,
    0x352A, 0x00A1,
    0x352C, 0x00AA,
    0x352E, 0x00AE,
    0x3530, 0x00B2,
    0x3532, 0x00A5,
    0x3534, 0x00A5,
    0x3536, 0x0074,
    0x3538, 0x007A,
    0x353A, 0x007A,
    0x353C, 0x007C,
    0x353E, 0x009A,
    0x3540, 0x009F,
    0x3542, 0x00A2,
    0x3544, 0x00A6,
    0x3546, 0x00A7,
    0x3548, 0x00A3,
    0x354A, 0x00A1,
    0x354C, 0x00AA,
    0x354E, 0x00AE,
    0x3550, 0x00B2,
    0x3552, 0x00A5,
    0x3554, 0x00A5,
    0x3714, 0x0000,
    0x371E, 0x0030,
    0x3720, 0x0035,
    0x3722, 0x0037,
    0x3724, 0x0044,
    0x3726, 0x0047,
    0x3728, 0x0054,
    0x372A, 0x0057,
    0x372C, 0x005B,
    0x372E, 0x005D,
    0x3730, 0x005E,
    0x3732, 0x0060,
    0x3734, 0x0062,
    0x3736, 0x005E,
    0x3738, 0x0064,
    0x373A, 0x0068,
    0x373C, 0x006A,
    0x373E, 0x0030,
    0x3740, 0x0035,
    0x3742, 0x0037,
    0x3744, 0x0044,
    0x3746, 0x0047,
    0x3748, 0x0054,
    0x374A, 0x0057,
    0x374C, 0x005B,
    0x374E, 0x005D,
    0x3750, 0x005E,
    0x3752, 0x0060,
    0x3754, 0x0062,
    0x3756, 0x005E,
    0x3758, 0x0064,
    0x375A, 0x0068,
    0x375C, 0x006A,
    0x391C, 0x0000,
    0x3926, 0x0000,
    0x3928, 0x0000,
    0x392A, 0x0000,
    0x392C, 0x0000,
    0x392E, 0x0000,
    0x3930, 0x0000,
    0x3932, 0x0000,
    0x3946, 0x0000,
    0x3948, 0x0000,
    0x394A, 0x0000,
    0x394C, 0x0000,
    0x394E, 0x0000,
    0x3950, 0x0000,
    0x3952, 0x0000,
    0x3B4C, 0x000F,
    0x4780, 0x0200,
    0x498C, 0x012C,
    0x498E, 0x012C,
    0x4990, 0x012C,
    0x4992, 0x012C,
    0x4994, 0x0190,
    0x4996, 0x0190,
    0x4998, 0x0190,
    0x49B8, 0x0258,
    0x49BA, 0x0258,
    0x49BC, 0x0258,
    0x49CA, 0x0190,
    0x49CC, 0x0190,
    0x49CE, 0x0190,
    0x49DC, 0x01F4,
    0x49DE, 0x01F4,
    0x49E0, 0x01F4,
    0x49E6, 0x005A,
    0x49E8, 0x003C,
    0x49EA, 0x0028,
    0x49EC, 0x0014,
    0x49EE, 0x0004,
    0x49F0, 0x0004,
    0x49F2, 0x0004,
    0x49F8, 0x0064,
    0x49FA, 0x004B,
    0x49FC, 0x0032,
    0x49FE, 0x0019,
    0x4A00, 0x000A,
    0x4A02, 0x000A,
    0x4A04, 0x000A,
    0x4A0A, 0x006E,
    0x4A0C, 0x0050,
    0x4A0E, 0x003C,
    0x4A10, 0x001E,
    0x4A12, 0x0014,
    0x4A14, 0x0014,
    0x4A16, 0x0014,
    0x4A1C, 0x0078,
    0x4A1E, 0x0055,
    0x4A20, 0x0046,
    0x4A22, 0x0023,
    0x4A24, 0x001E,
    0x4A26, 0x001E,
    0x4A28, 0x001E,
    0x4A2E, 0x007D,
    0x4A30, 0x005F,
    0x4A32, 0x004B,
    0x4A34, 0x0032,
    0x4A36, 0x0032,
    0x4A38, 0x0032,
    0x4A3A, 0x0032,
    0x4A40, 0x0082,
    0x4A42, 0x0069,
    0x4A44, 0x0050,
    0x4A46, 0x0050,
    0x4A48, 0x0050,
    0x4A4A, 0x0050,
    0x4A4C, 0x0050,
    0x4A64, 0x0000,
    0x4A66, 0x0000,
    0x4A68, 0x0000,
    0x4A6A, 0x0003,
    0x4A6C, 0x0006,
    0x4A6E, 0x0006,
    0x4A70, 0x0006,
    0x4A76, 0x0000,
    0x4A78, 0x0000,
    0x4A7A, 0x0000,
    0x4A7C, 0x0003,
    0x4A7E, 0x0007,
    0x4A80, 0x0007,
    0x4A82, 0x0007,
    0x4A88, 0x0000,
    0x4A8A, 0x000A,
    0x4A8C, 0x0014,
    0x4A8E, 0x0019,
    0x4A90, 0x001E,
    0x4A92, 0x001E,
    0x4A94, 0x001E,
    0x4B06, 0x0001,
    0x4B08, 0x0001,
    0x4B0A, 0x0001,
    0x4B0C, 0x0000,
    0x4B0E, 0x0000,
    0x4B10, 0x0000,
    0x4B12, 0x0000,
    0x4BA8, 0x003C,
    0x4BAA, 0x0006,
    0x4BAC, 0x0006,
    0x4BAE, 0x0006,
    0x4BB0, 0x0006,
    0x4BB2, 0x0006,
    0x4BB4, 0x0006,
    0x4BCC, 0x0028,
    0x4BCE, 0x0001,
    0x4BD0, 0x0001,
    0x4BD2, 0x0001,
    0x4BD4, 0x0001,
    0x4BD6, 0x0001,
    0x4BD8, 0x0001,
    0x4C02, 0x003C,
    0x4C04, 0x0008,
    0x4C06, 0x0008,
    0x4C08, 0x0008,
    0x4C0A, 0x0008,
    0x4C0C, 0x0008,
    0x4C0E, 0x0008,
    0x4C26, 0x0028,
    0x4C28, 0x0014,
    0x4C2A, 0x0014,
    0x4C2C, 0x0014,
    0x4C2E, 0x0014,
    0x4C30, 0x0014,
    0x4C32, 0x0014,
    0x4C52, 0x044C,
    0x4C54, 0x044C,
    0x4C56, 0x044C,
    0x4CE2, 0x001E,
    0x4CE4, 0x001E,
    0x4CE6, 0x001E,
    0x4DBA, 0x00E6,
    0x4DBC, 0x00E6,
    0x4DBE, 0x00E6,
    0x4DCC, 0x00E6,
    0x4DCE, 0x00E6,
    0x4DD0, 0x00E6,
    0x4DDE, 0x00E6,
    0x4DE0, 0x00E6,
    0x4DE2, 0x00E6,
    0x4E02, 0x0050,
    0x4E04, 0x0050,
    0x4E06, 0x0050,
    0x4F3E, 0x001E,
    0x4F40, 0x001E,
    0x4F42, 0x001E,
    0x4F44, 0x0028,
    0x4F46, 0x0032,
    0x4F48, 0x0032,
    0x4F4A, 0x0032,
    0x4F50, 0x001E,
    0x4F52, 0x001E,
    0x4F54, 0x001E,
    0x4F56, 0x0028,
    0x4F58, 0x0050,
    0x4F5A, 0x0050,
    0x4F5C, 0x0050,
    0x4F62, 0x001E,
    0x4F64, 0x001E,
    0x4F66, 0x001E,
    0x4F68, 0x0028,
    0x4F6A, 0x006E,
    0x4F6C, 0x006E,
    0x4F6E, 0x006E,
    0x4F74, 0x001E,
    0x4F76, 0x001E,
    0x4F78, 0x001E,
    0x4F7A, 0x0028,
    0x4F7C, 0x0082,
    0x4F7E, 0x0082,
    0x4F80, 0x0082,
    0x4F86, 0x0028,
    0x4F88, 0x0028,
    0x4F8A, 0x0028,
    0x4F8C, 0x0032,
    0x4F8E, 0x0082,
    0x4F90, 0x0082,
    0x4F92, 0x0082,
    0x85FA, 0x0000,
    0xFCFC, 0x2002,
    0xDDD6, 0x001F,
    0xDDD8, 0x000C,
    0xDDDA, 0x000C,
    0xDDDC, 0x000C,
    0xDDDE, 0x000C,
    0xDDE0, 0x000C,
    0xDDEC, 0x0000,
    0xDDF6, 0x0100,
    0xDDF8, 0x8000,
    0xDDFA, 0x0216,
    0xDE02, 0x003F,
    0xDE04, 0x0001,
    0xDE06, 0x0F13,
    0xDE08, 0x0F13,
    0xDE0A, 0x000C,
    0xDE0C, 0x000C,
    0xDE0E, 0x0000,
    0xDE16, 0x0003,
    0xDE18, 0x04EF,
    0xDE1C, 0x0001,
    0xDE20, 0x0000,
    0xDE22, 0x0100,
    0xDE24, 0x0000,
    0xDE26, 0x0200,
    0xDE28, 0x0000,
    0xDE2A, 0x0400,
    0xDE2C, 0x0000,
    0xDE2E, 0x0800,
    0xDE30, 0x0000,
    0xDE32, 0x2000,
    0xDE34, 0x0000,
    0xDE36, 0x4000,
    0xDE38, 0x0000,
    0xDE3A, 0x0100,
    0xDE3C, 0x0000,
    0xDE3E, 0x0200,
    0xDE40, 0x0000,
    0xDE42, 0x0400,
    0xDE44, 0x0000,
    0xDE46, 0x0800,
    0xDE48, 0x0000,
    0xDE4A, 0x2000,
    0xDE4C, 0x0000,
    0xDE4E, 0x4000,
    0xDE50, 0x0000,
    0xDE52, 0x0100,
    0xDE54, 0x0000,
    0xDE56, 0x0200,
    0xDE58, 0x0000,
    0xDE5A, 0x0400,
    0xDE5C, 0x0000,
    0xDE5E, 0x0800,
    0xDE60, 0x0000,
    0xDE62, 0x2000,
    0xDE64, 0x0000,
    0xDE66, 0x4000,
    0xDE68, 0x0000,
    0xDE6A, 0x0100,
    0xDE6C, 0x0000,
    0xDE6E, 0x0200,
    0xDE70, 0x0000,
    0xDE72, 0x0400,
    0xDE74, 0x0000,
    0xDE76, 0x0800,
    0xDE78, 0x0000,
    0xDE7A, 0x2000,
    0xDE7C, 0x0000,
    0xDE7E, 0x4000,
    0xDE80, 0x0000,
    0xDE82, 0x0000,
    0xDE84, 0x0000,
    0xDE86, 0x0000,
    0xDE88, 0x0000,
    0xDE8A, 0x0000,
    0xDE8C, 0x0000,
    0xDE8E, 0x0000,
    0xDE90, 0x0000,
    0xDE92, 0x0000,
    0xDE94, 0x0000,
    0xDE96, 0x0000,
    0xDE98, 0x0000,
    0xDE9A, 0x0000,
    0xDE9C, 0x0000,
    0xDE9E, 0x0000,
    0xDEA0, 0x0000,
    0xDEA2, 0x0000,
    0xDEA4, 0x0000,
    0xDEA6, 0x0000,
    0xDEA8, 0x0000,
    0xDEAA, 0x0000,
    0xDEAC, 0x0000,
    0xDEAE, 0x0000,
    0xDEB0, 0x0000,
    0xDEB2, 0x0000,
    0xDEB4, 0x0000,
    0xDEB6, 0x0000,
    0xDEB8, 0x0000,
    0xDEBA, 0x0000,
    0xDEBC, 0x0000,
    0xDEBE, 0x0000,
    0xDEC0, 0x0000,
    0xDEC2, 0x0000,
    0xDEC4, 0x0000,
    0xDEC6, 0x0000,
    0xDEC8, 0x0000,
    0xDECA, 0x0000,
    0xDECC, 0x0000,
    0xDECE, 0x0000,
    0xDED0, 0x0000,
    0xDED2, 0x0000,
    0xDED4, 0x0000,
    0xDED6, 0x0000,
    0xDED8, 0x0000,
    0xDEDA, 0x0000,
    0xDEDC, 0x0000,
    0xDEDE, 0x0000,
    0xDF40, 0x0000,
    0xDF42, 0x01FF,
    0xDF44, 0x0000,
    0xDF46, 0x03FF,
    0xDF48, 0x0000,
    0xDF4A, 0x07FF,
    0xDF4C, 0x0000,
    0xDF4E, 0x1FFF,
    0xDF50, 0x0000,
    0xDF52, 0x3FFF,
    0xDF54, 0x0001,
    0xDF56, 0x0000,
    0xDF58, 0x0000,
    0xDF5A, 0x01FF,
    0xDF5C, 0x0000,
    0xDF5E, 0x03FF,
    0xDF60, 0x0000,
    0xDF62, 0x07FF,
    0xDF64, 0x0000,
    0xDF66, 0x1FFF,
    0xDF68, 0x0000,
    0xDF6A, 0x3FFF,
    0xDF6C, 0x0001,
    0xDF6E, 0x0000,
    0xDF70, 0x0000,
    0xDF72, 0x01FF,
    0xDF74, 0x0000,
    0xDF76, 0x03FF,
    0xDF78, 0x0000,
    0xDF7A, 0x07FF,
    0xDF7C, 0x0000,
    0xDF7E, 0x1FFF,
    0xDF80, 0x0000,
    0xDF82, 0x3FFF,
    0xDF84, 0x0001,
    0xDF86, 0x0000,
    0xDF88, 0x0000,
    0xDF8A, 0x01FF,
    0xDF8C, 0x0000,
    0xDF8E, 0x03FF,
    0xDF90, 0x0000,
    0xDF92, 0x07FF,
    0xDF94, 0x0000,
    0xDF96, 0x1FFF,
    0xDF98, 0x0000,
    0xDF9A, 0x3FFF,
    0xDF9C, 0x0001,
    0xDF9E, 0x0000,
    0xDFA0, 0x0000,
    0xDFA2, 0x0000,
    0xDFA4, 0x0000,
    0xDFA6, 0x0000,
    0xDFA8, 0x0000,
    0xDFAA, 0x0000,
    0xDFAC, 0x0000,
    0xDFAE, 0x0000,
    0xDFB0, 0x0000,
    0xDFB2, 0x0000,
    0xDFB4, 0x0000,
    0xDFB6, 0x0000,
    0xDFB8, 0x0000,
    0xDFBA, 0x0000,
    0xDFBC, 0x0000,
    0xDFBE, 0x0000,
    0xDFC0, 0x0000,
    0xDFC2, 0x0000,
    0xDFC4, 0x0000,
    0xDFC6, 0x0000,
    0xDFC8, 0x0000,
    0xDFCA, 0x0000,
    0xDFCC, 0x0000,
    0xDFCE, 0x0000,
    0xDFD0, 0x0000,
    0xDFD2, 0x0000,
    0xDFD4, 0x0000,
    0xDFD6, 0x0000,
    0xDFD8, 0x0000,
    0xDFDA, 0x0000,
    0xDFDC, 0x0000,
    0xDFDE, 0x0000,
    0xDFE0, 0x0000,
    0xDFE2, 0x0000,
    0xDFE4, 0x0000,
    0xDFE6, 0x0000,
    0xDFE8, 0x0000,
    0xDFEA, 0x0000,
    0xDFEC, 0x0000,
    0xDFEE, 0x0000,
    0xDFF0, 0x0000,
    0xDFF2, 0x0000,
    0xDFF4, 0x0000,
    0xDFF6, 0x0000,
    0xDFF8, 0x0000,
    0xDFFA, 0x0000,
    0xDFFC, 0x0000,
    0xDFFE, 0x0000,
    0xE060, 0x0000,
    0xE06E, 0x2000,
    0xE070, 0x1800,
    0xE072, 0x2020,
    0xE074, 0x1830,
    0xE076, 0xFFFF,
    0xE078, 0xFFFF,
    0xE07A, 0x0000,
    0xFCFC, 0x4000,
    0x0086, 0x2000,
    0x020A, 0x0100,
    0x0228, 0x0100,
    0x0380, 0x0004,
    0x0382, 0x0004,
    0x0384, 0x0004,
    0x0386, 0x0004,
    0x0722, 0x0800,
    0x0900, 0x3244,
    0x0B02, 0x0202,
    0x0B04, 0x0001,
    0x0B06, 0x0101,
    0x0B08, 0x0100,
    0x0B0A, 0x0101,
    0x0B0C, 0x0100,
    0x0BCC, 0x0000,
    0x0BE2, 0x0000,
};

//2048x1152 120fps
static kal_uint16 s5khp5_hs_video_setting[] = {
    0xFCFC, 0x2000,
    0x0F8C, 0x0000,
    0x1004, 0x0000,
    0x46F2, 0x0000,
    0x4718, 0xFFFF,
    0x472C, 0x0000,
    0x472E, 0x0000,
    0x4760, 0x0200,
    0x8F40, 0x0702,
    0xA76E, 0x0180,
    0xA770, 0x0200,
    0xA772, 0x0300,
    0xA774, 0x0400,
    0xA776, 0x1E20,
    0xA778, 0x2223,
    0xA77A, 0x2526,
    0xA77C, 0x2728,
    0xA77E, 0x292A,
    0xA780, 0x2B2C,
    0xA782, 0x2C2D,
    0xA784, 0x2E2E,
    0xA786, 0x2F31,
    0xA788, 0x3233,
    0xA78A, 0x3435,
    0xA78C, 0x3637,
    0xA78E, 0x3739,
    0xA790, 0x3A3B,
    0xA792, 0x3B3D,
    0xA794, 0x3E3E,
    0xA796, 0x3F2C,
    0xB8C4, 0x0000,
    0xFCFC, 0x2001,
    0x10F0, 0x0200,
    0x2C02, 0x0004,
    0x2C04, 0x0004,
    0x2C06, 0x0000,
    0x2DD0, 0x0000,
    0x34BC, 0x013F,
    0x34BE, 0x017F,
    0x34C0, 0x01BF,
    0x34C2, 0x01FF,
    0x34C4, 0x027F,
    0x34C6, 0x02FF,
    0x34C8, 0x037F,
    0x34CA, 0x03FF,
    0x34CC, 0x05FF,
    0x34CE, 0x07FF,
    0x34D0, 0x09FF,
    0x34D2, 0x0BFF,
    0x34D4, 0x0DFF,
    0x34D6, 0x0FFF,
    0x34D8, 0x3FFF,
    0xFCFC, 0x4000,
    0x0112, 0x0A0A,
    0x0114, 0x0201,
    0x0118, 0x0004,
    0x011C, 0x0101,
    0x0136, 0x1800,
    0x013E, 0x0000,
    0x0202, 0x0200,
    0x0204, 0x0020,
    0x021E, 0x0000,
    0x0226, 0x0200,
    0x022C, 0x0200,
    0x0260, 0x0001,
    0x0262, 0x0200,
    0x0264, 0x0006,
    0x0270, 0x2B2B,
    0x0272, 0x2B10,
    0x0274, 0x302B,
    0x0304, 0x0003,
    0x0306, 0x00F0,
    0x030C, 0x0000,
    0x030E, 0x0003,
    0x0310, 0x00BA,
    0x0312, 0x0000,
    0x031A, 0x0003,
    0x031C, 0x0028,
    0x031E, 0x0002,
    0x0340, 0x0940,
    0x0342, 0x1A60,
    0x0344, 0x0000,
    0x0346, 0x0620,
    0x0348, 0x4034,
    0x034A, 0x2A50,
    0x034C, 0x0800,
    0x034E, 0x0480,
    0x0350, 0x0004,
    0x0352, 0x0004,
    0x0720, 0x0000,
    0x0724, 0x0000,
    0x072C, 0x0400,
    0x072E, 0x0120,
    0x081C, 0x1015,
    0x081E, 0x0F00,
    0x0BCA, 0x0101,
    0xFCFC, 0x2000,
    0x0E90, 0x0803,
    0x0E92, 0x0803,
    0x0E94, 0x0803,
    0x0E96, 0x0803,
    0x0F64, 0x0040,
    0x34BA, 0x0000,
    0x34BC, 0x0004,
    0x3512, 0xFA36,
    0x3514, 0xFB0E,
    0x3552, 0x0000,
    0x3554, 0x0000,
    0x3E14, 0x0101,
    0x3E16, 0x0100,
    0x3E1E, 0x03FF,
    0x3E20, 0x03FF,
    0x3E22, 0x01FF,
    0x3E24, 0x003F,
    0x3E30, 0x0400,
    0x3E32, 0x0400,
    0x3E34, 0x0200,
    0x3E36, 0x0040,
    0x4114, 0x0008,
    0x4116, 0x0048,
    0x4118, 0x4000,
    0x411A, 0xFA28,
    0x411C, 0xA8B1,
    0x411E, 0xA0B1,
    0x4120, 0x4000,
    0x4122, 0xFA2C,
    0x4124, 0x0002,
    0x4126, 0x0003,
    0x4128, 0x4000,
    0x412A, 0xFC1E,
    0x41B4, 0x000C,
    0x41B6, 0x0000,
    0x41B8, 0x4000,
    0x41BA, 0xFAB2,
    0x41BC, 0x000C,
    0x41BE, 0x0000,
    0x41C0, 0x4000,
    0x41C2, 0xFAB4,
    0x4254, 0x06DB,
    0x4256, 0x06C9,
    0x4258, 0x4000,
    0x425A, 0xFA12,
    0x42F4, 0x01D5,
    0x42F6, 0x01F9,
    0x42F8, 0x4000,
    0x42FA, 0xF470,
    0x42FC, 0x01D5,
    0x42FE, 0x01F9,
    0x4300, 0x4000,
    0x4302, 0xF478,
    0x46F0, 0x0101,
    0x47C2, 0x0101,
    0x485A, 0x0103,
    0x487C, 0x0004,
    0x4882, 0x0004,
    0x489A, 0x0004,
    0x48A0, 0x0004,
    0x48B8, 0x0012,
    0x48BE, 0x0014,
    0x48D6, 0x0014,
    0x48DC, 0x000C,
    0x48F4, 0x0012,
    0x48FA, 0x0014,
    0x4918, 0x0101,
    0x491A, 0x0000,
    0x49D0, 0x0000,
    0x49D4, 0x2214,
    0x49DA, 0x1422,
    0x49E6, 0x2118,
    0x49EC, 0x1821,
    0x49F8, 0x8080,
    0x4A58, 0x0030,
    0x4A5A, 0xFFF1,
    0x4A5C, 0x0001,
    0x4A5E, 0x00C8,
    0x4A60, 0x0001,
    0x4A62, 0x0001,
    0x4A64, 0x0030,
    0x4A66, 0x001B,
    0x4A68, 0x0007,
    0x4A6A, 0x0006,
    0x4A6C, 0x0018,
    0x4A6E, 0x0006,
    0x4A70, 0x0006,
    0x4A72, 0x0019,
    0x4A90, 0xFFF9,
    0x4A92, 0xFFFA,
    0x4A94, 0x0005,
    0x4A96, 0x0005,
    0x4A98, 0x0010,
    0x4A9A, 0x0010,
    0x4A9C, 0xFFFC,
    0x4A9E, 0x0048,
    0x4AA0, 0x0020,
    0x4AA2, 0x000E,
    0x4AA4, 0x000E,
    0x4AA6, 0x0007,
    0x4AA8, 0x0007,
    0x4AAA, 0x0048,
    0x4AAC, 0xFFF3,
    0x4AB0, 0xFFFC,
    0x4AB8, 0xFFFC,
    0x4ABA, 0x0048,
    0x4ABE, 0x0000,
    0x4AC0, 0x000E,
    0x4AC2, 0x001E,
    0x4AC4, 0x002E,
    0x4AC6, 0x0048,
    0x4AD4, 0xFFFC,
    0x4AE2, 0x0048,
    0x4AE4, 0x0021,
    0x4AE6, 0x0010,
    0x4AE8, 0x0010,
    0x4AEA, 0x0010,
    0x4AEC, 0x0010,
    0x4AEE, 0x0010,
    0x4AF0, 0x0016,
    0x4AF2, 0x001A,
    0x4AF4, 0x0008,
    0x4AF6, 0x0008,
    0x4AF8, 0x0004,
    0x4AFA, 0x0008,
    0x4AFC, 0x0008,
    0x4AFE, 0x0018,
    0x4B54, 0x0021,
    0x4B56, 0x0010,
    0x4B58, 0x0010,
    0x4B5A, 0x0010,
    0x4B5C, 0x0010,
    0x4B5E, 0x0010,
    0x4B60, 0x0016,
    0x4B62, 0x001A,
    0x4B64, 0x0008,
    0x4B66, 0x0008,
    0x4B68, 0x0004,
    0x4B6A, 0x0008,
    0x4B6C, 0x0008,
    0x4B6E, 0x0018,
    0x4BC4, 0x0021,
    0x4BC6, 0x0010,
    0x4BC8, 0x0010,
    0x4BCA, 0x0010,
    0x4BCC, 0x0010,
    0x4BCE, 0x0010,
    0x4BD0, 0x0016,
    0x4BD2, 0x001A,
    0x4BD4, 0x0008,
    0x4BD6, 0x0008,
    0x4BD8, 0x0004,
    0x4BDA, 0x0008,
    0x4BDC, 0x0008,
    0x4BDE, 0x0018,
    0x4BE0, 0x0008,
    0x4BE2, 0x0003,
    0x4BE4, 0x0003,
    0x4BE6, 0x0008,
    0x4BE8, 0x0003,
    0x4BEA, 0x0003,
    0x4BEC, 0x0005,
    0x4BEE, 0x0060,
    0x4BF0, 0x004B,
    0x4BF2, 0x0060,
    0x4BF4, 0x0060,
    0x4BF6, 0x0060,
    0x4BF8, 0x0060,
    0x4BFA, 0x0060,
    0x4C08, 0x0060,
    0x4C16, 0x0060,
    0x4C40, 0x0000,
    0x4C42, 0x0000,
    0x4C44, 0x0001,
    0x4C46, 0x0014,
    0x4C48, 0x0014,
    0x4C4A, 0x0014,
    0x4C4C, 0x0014,
    0x4C4E, 0x0000,
    0x4C5C, 0x0002,
    0x4C6C, 0x0004,
    0x4C6E, 0x0001,
    0x4C70, 0x0004,
    0x4C72, 0x0007,
    0x4C74, 0x0004,
    0x4C76, 0x0004,
    0x4C78, 0x0004,
    0x4C7A, 0x0001,
    0x4C7C, 0xFFD0,
    0x4C7E, 0xFFDE,
    0x4C80, 0xFFDE,
    0x4C82, 0xFFCE,
    0x4C84, 0xFFCE,
    0x4C86, 0x0001,
    0x4C88, 0x0000,
    0x4C8A, 0x0000,
    0x4C8C, 0x0006,
    0x4C8E, 0x0006,
    0x4C90, 0x0006,
    0x4C92, 0x0006,
    0x4C94, 0x0000,
    0x4C96, 0x0000,
    0x4C98, 0xFFE0,
    0x4C9A, 0x0004,
    0x4C9C, 0xFFFD,
    0x4C9E, 0xFFFF,
    0x4CA0, 0xFFFF,
    0x4CA2, 0x0000,
    0x4CAA, 0x0006,
    0x4CB0, 0x0000,
    0x4CB2, 0x0000,
    0x4CB6, 0xFFD6,
    0x4CB8, 0x0006,
    0x4CBA, 0xFFCA,
    0x4CBC, 0xFFBA,
    0x4CBE, 0x0000,
    0x4CCC, 0x0000,
    0x4CDA, 0x0000,
    0x4CDC, 0x0002,
    0x4CDE, 0x0001,
    0x4CE0, 0x0001,
    0x4CE2, 0x0004,
    0x4CE4, 0x0001,
    0x4CE6, 0x0001,
    0x4CE8, 0x0002,
    0x4CEA, 0x000A,
    0x4CEC, 0x0040,
    0x4CEE, 0x0040,
    0x4CF0, 0x0040,
    0x4CF2, 0x0040,
    0x4CF4, 0x0040,
    0x4CF6, 0x000A,
    0x4CF8, 0x0002,
    0x4CFA, 0x0001,
    0x4CFC, 0x0001,
    0x4CFE, 0x0004,
    0x4D00, 0x0001,
    0x4D02, 0x0001,
    0x4D04, 0x0002,
    0x4D06, 0x000A,
    0x4D08, 0x0040,
    0x4D0A, 0x0040,
    0x4D0C, 0x0040,
    0x4D0E, 0x0040,
    0x4D10, 0x0040,
    0x4D12, 0x000A,
    0x4D14, 0x0002,
    0x4D16, 0x0001,
    0x4D18, 0x0001,
    0x4D1A, 0x0004,
    0x4D1C, 0x0001,
    0x4D1E, 0x0001,
    0x4D20, 0x0002,
    0x4D22, 0x000A,
    0x4D24, 0x0040,
    0x4D26, 0x0040,
    0x4D28, 0x0040,
    0x4D2A, 0x0040,
    0x4D2C, 0x0040,
    0x4D2E, 0x000A,
    0x4D74, 0x0000,
    0x4D82, 0x0000,
    0x4DF4, 0x0000,
    0x4DF6, 0x0305,
    0x4DF8, 0x0004,
    0x4DFA, 0x0004,
    0x4DFC, 0x0004,
    0x4DFE, 0x0000,
    0x4E00, 0x0000,
    0x4E04, 0x0053,
    0x4E06, 0x0053,
    0x4E08, 0x0053,
    0x4E0A, 0x0053,
    0x4E0C, 0x0053,
    0x4E0E, 0x0053,
    0x4E2C, 0x000F,
    0x4E2E, 0x012F,
    0x4E30, 0x01E8,
    0x4E32, 0x01E8,
    0x4E34, 0x0351,
    0x4E36, 0x064F,
    0x4E38, 0x000F,
    0x4E3C, 0x004B,
    0x4E3E, 0x0060,
    0x4E40, 0x0060,
    0x4E42, 0x0060,
    0x4E44, 0x0060,
    0x4E46, 0x0030,
    0x4E48, 0x000F,
    0x4E4A, 0x012F,
    0x4E4C, 0x01E8,
    0x4E4E, 0x01E8,
    0x4E50, 0x0351,
    0x4E52, 0x064F,
    0x4E54, 0x000F,
    0x4E58, 0x004B,
    0x4E5A, 0x0060,
    0x4E5C, 0x0060,
    0x4E5E, 0x0060,
    0x4E60, 0x0060,
    0x4E62, 0x0030,
    0x4E9A, 0x0000,
    0x4EB6, 0x0008,
    0x4EE0, 0x000A,
    0x4EFC, 0x0018,
    0x4F1A, 0x0002,
    0x4F1C, 0x001A,
    0x4F1E, 0x0064,
    0x4F20, 0x0001,
    0x4F22, 0x0064,
    0x4F24, 0x0064,
    0x4F26, 0x0002,
    0x4F28, 0x008A,
    0x4F2A, 0x0054,
    0x4F2C, 0x0080,
    0x4F2E, 0x0342,
    0x4F30, 0x0080,
    0x4F32, 0x0080,
    0x4F34, 0x008A,
    0x4F36, 0x0088,
    0x4F38, 0x0052,
    0x4F3A, 0x007E,
    0x4F3C, 0x0340,
    0x4F3E, 0x007E,
    0x4F40, 0x007E,
    0x4F42, 0x0088,
    0x4F52, 0x0004,
    0x4F60, 0x000A,
    0x4F6E, 0x0004,
    0x4F70, 0x0008,
    0x4F72, 0x0008,
    0x4F74, 0x0008,
    0x4F76, 0x0008,
    0x4F78, 0x0008,
    0x4F7A, 0x0004,
    0x4F7C, 0x000A,
    0x4F7E, 0x0008,
    0x4F80, 0x0008,
    0x4F82, 0x0008,
    0x4F84, 0x0008,
    0x4F86, 0x0008,
    0x4F88, 0x000A,
    0x50BE, 0x001B,
    0x50C0, 0x0024,
    0x50C2, 0x0034,
    0x50C4, 0x00F0,
    0x50C6, 0x0019,
    0x50C8, 0x0019,
    0x50CA, 0x0010,
    0x50CC, 0x0021,
    0x50CE, 0x0005,
    0x50D0, 0x001C,
    0x50D2, 0x00F6,
    0x50D4, 0x0008,
    0x50D6, 0x0008,
    0x50D8, 0x0016,
    0x50E0, 0x0104,
    0x50E6, 0x0016,
    0x50E8, 0x000F,
    0x50EC, 0x0008,
    0x50EE, 0x0008,
    0x50F0, 0x0008,
    0x50F2, 0x0008,
    0x50F4, 0x000F,
    0x5118, 0x0005,
    0x5126, 0x000F,
    0x51FE, 0x0005,
    0x520C, 0x000A,
    0x5214, 0x0007,
    0x521A, 0x0005,
    0x527E, 0x0003,
    0x528C, 0x0010,
    0x528E, 0x0016,
    0x5290, 0x0016,
    0x5292, 0x0016,
    0x5294, 0x0016,
    0x5296, 0x0016,
    0x5298, 0x0015,
    0x529E, 0x0027,
    0x52A0, 0x0029,
    0x52A2, 0x0027,
    0x52A4, 0x0027,
    0x52A6, 0x002D,
    0x52B6, 0x0032,
    0x52B8, 0x0035,
    0x52BA, 0x0036,
    0x52BC, 0x0036,
    0x52BE, 0x0036,
    0x52C0, 0x0036,
    0x52C2, 0x0037,
    0x5500, 0x00C7,
    0x5554, 0x00C7,
    0x578A, 0x0004,
    0x578C, 0x000A,
    0x578E, 0x0004,
    0x5790, 0x0004,
    0x5792, 0x001F,
    0x57CC, 0x005E,
    0x57CE, 0x003E,
    0x57D0, 0x0084,
    0x57D2, 0x0154,
    0x57D4, 0x0100,
    0x57D6, 0x0100,
    0x57D8, 0x0070,
    0x57E6, 0x0115,
    0x57E8, 0x0089,
    0x57EC, 0x0078,
    0x57EE, 0x0078,
    0x57F0, 0x0088,
    0x57F2, 0x0088,
    0x57F4, 0x00C6,
    0x5804, 0x0089,
    0x5806, 0x00A9,
    0x5808, 0x0174,
    0x580A, 0x01E4,
    0x580C, 0x0158,
    0x580E, 0x0158,
    0x5810, 0x00C6,
    0x581A, 0x00F0,
    0x581C, 0x00E0,
    0x581E, 0x00C6,
    0x629E, 0x0000,
    0x62AC, 0x0000,
    0x65AE, 0x017C,
    0x65BC, 0x01C1,
    0x65F6, 0x0000,
    0x65FA, 0x8000,
    0x65FC, 0x8000,
    0x65FE, 0x8000,
    0x6600, 0x8000,
    0x6604, 0x0000,
    0x6608, 0x8000,
    0x660A, 0x8000,
    0x660C, 0x8000,
    0x660E, 0x8000,
    0x8F42, 0x0000,
    0x8F72, 0x0600,
    0x8F7E, 0x0017,
    0x8F80, 0x170B,
    0x8F82, 0x0B0B,
    0x8F84, 0x0B0B,
    0x8F8C, 0x0004,
    0x8F8E, 0x040B,
    0x8F90, 0x0B0B,
    0x8F92, 0x0B0B,
    0x8F9A, 0x0001,
    0x8F9C, 0x0100,
    0x8F9E, 0x0101,
    0x8FA0, 0x0101,
    0x8FA8, 0x0001,
    0x8FAA, 0x0100,
    0x8FAC, 0x0101,
    0x8FAE, 0x0101,
    0x8FB6, 0x0090,
    0x8FB8, 0x0B07,
    0x8FBA, 0x0B0B,
    0x8FBC, 0x0B0B,
    0x8FC4, 0x0090,
    0x8FC6, 0x9005,
    0x8FC8, 0x9090,
    0x8FCA, 0x9090,
    0x8FD0, 0x0087,
    0x8FD2, 0x0082,
    0x8FD4, 0xF7DD,
    0x8FD6, 0xF105,
    0x8FD8, 0x3008,
    0x8FDA, 0x00FF,
    0x8FDC, 0x03FF,
    0x8FDE, 0x1901,
    0x8FE0, 0x06C9,
    0x8FE2, 0x0249,
    0x8FE4, 0x0249,
    0x8FE6, 0x0010,
    0x8FE8, 0x0449,
    0x8FEA, 0x0790,
    0x8FF6, 0x0D0D,
    0x8FF8, 0x080D,
    0x8FFA, 0x0D0D,
    0x8FFC, 0x0D0D,
    0x8FFE, 0x0D08,
    0x9000, 0x0D0D,
    0x9002, 0x0D0D,
    0x9066, 0x80F5,
    0x9996, 0xA6F1,
    0x9998, 0x412C,
    0x999A, 0xA8B1,
    0x999C, 0x0000,
    0x999E, 0x0044,
    0x9D50, 0x013F,
    0x9D54, 0x0000,
    0x9D56, 0x01FF,
    0x9D58, 0xFFFF,
    0x9DD4, 0x4000,
    0x9DD6, 0xFA9E,
    0x9DD8, 0x4000,
    0x9DDA, 0xFAA0,
    0x9DE4, 0x1206,
    0x9DE6, 0x0C06,
    0x9E60, 0x0C06,
    0x9E62, 0x1206,
    0x9E64, 0x0C06,
    0x9EDE, 0x0C06,
    0xA0A8, 0x0000,
    0xA0EE, 0x0100,
    0xA15C, 0x0002,
    0xA1C4, 0xBC76,
    0xA1D2, 0xFE00,
    0xA4FE, 0x0011,
    0xA50C, 0x00FA,
    0xA512, 0x0000,
    0xA514, 0x0000,
    0xA516, 0x0032,
    0xA51E, 0x0000,
    0xA520, 0x001E,
    0xA522, 0x001E,
    0xA52E, 0x0000,
    0xA530, 0x0000,
    0xA53C, 0x000A,
    0xA53E, 0x0000,
    0xA540, 0x0000,
    0xA542, 0x0000,
    0xA54A, 0x0000,
    0xA54C, 0x0001,
    0xA54E, 0x0001,
    0xA550, 0x0001,
    0xA558, 0x0001,
    0xA55A, 0x0000,
    0xA734, 0x0000,
    0xA736, 0x0022,
    0xA738, 0x0024,
    0xA73A, 0x0026,
    0xA73C, 0x0028,
    0xA73E, 0x002A,
    0xA740, 0x002C,
    0xA742, 0x002E,
    0xA744, 0x0030,
    0xA746, 0x0032,
    0xA748, 0x0034,
    0xA74A, 0x0036,
    0xA74C, 0x0038,
    0xA74E, 0x003A,
    0xA750, 0x003C,
    0xA752, 0x003E,
    0xA754, 0x0040,
    0xA756, 0x0048,
    0xA758, 0x0050,
    0xA75A, 0x0058,
    0xA75C, 0x0060,
    0xA75E, 0x0068,
    0xA760, 0x0070,
    0xA762, 0x0078,
    0xA764, 0x0080,
    0xA766, 0x00A0,
    0xA768, 0x00C0,
    0xA76A, 0x00E0,
    0xA76C, 0x0100,
    0xA9E0, 0x8822,
    0xAA00, 0x0000,
    0xB252, 0x0202,
    0xB254, 0x0200,
    0xB264, 0x0001,
    0xB390, 0x0202,
    0xB39C, 0x0800,
    0xB3DC, 0x0600,
    0xB3DE, 0x0000,
    0xB3EE, 0x0600,
    0xB3F0, 0x0101,
    0xB57A, 0x0004,
    0xB57C, 0x0004,
    0xB8C0, 0x0011,
    0xB8C2, 0x000D,
    0xB8C6, 0x0B08,
    0xC880, 0x0100,
    0xC890, 0x00FF,
    0xC892, 0x0012,
    0xC896, 0x4F88,
    0xC89A, 0x0001,
    0xC89C, 0x0030,
    0xC89E, 0x0002,
    0xE8A2, 0x0100,
    0xE8A4, 0x0030,
    0xE8A8, 0x0000,
    0xE8AA, 0x4F8A,
    0xFF64, 0x0002,
    0xFF6A, 0x1000,
    0xFF6C, 0x1040,
    0xFF72, 0x0FF0,
    0xFF74, 0x1000,
    0xFF7A, 0x1000,
    0xFF7C, 0x1000,
    0xFF82, 0x1000,
    0xFF84, 0x1000,
    0xFF8A, 0x1000,
    0xFF8C, 0x1000,
    0xFF92, 0x1000,
    0xFF94, 0x1000,
    0xFF9A, 0x1000,
    0xFF9C, 0x1040,
    0xFFA2, 0x0FF0,
    0xFFA4, 0x1000,
    0xFFAA, 0x1000,
    0xFFAC, 0x1000,
    0xFFB2, 0x1000,
    0xFFB4, 0x1000,
    0xFFBA, 0x1000,
    0xFFBC, 0x1000,
    0xFFC2, 0x1000,
    0xFFC4, 0x1000,
    0xFFCA, 0x1000,
    0xFFCC, 0x1040,
    0xFFD2, 0x0FF0,
    0xFFD4, 0x1000,
    0xFFDA, 0x1000,
    0xFFDC, 0x1000,
    0xFFE2, 0x1000,
    0xFFE4, 0x1000,
    0xFFEA, 0x1000,
    0xFFEC, 0x1000,
    0xFFF2, 0x1000,
    0xFFF4, 0x1000,
    0xFFFA, 0x1000,
    0xFCFC, 0x4000,
    0x6028, 0x2000,
    0x602A, 0xFFFC,
    0x6F12, 0x1040,
    0xFCFC, 0x2001,
    0x0002, 0x0FF0,
    0x0004, 0x1000,
    0x000A, 0x1000,
    0x000C, 0x1000,
    0x0012, 0x1000,
    0x0014, 0x1000,
    0x001A, 0x1000,
    0x001C, 0x1000,
    0x0022, 0x1000,
    0x0024, 0x1000,
    0x002A, 0x0000,
    0x002C, 0x0000,
    0x0032, 0x0000,
    0x0034, 0x0000,
    0x003A, 0x0000,
    0x003C, 0x0000,
    0x0042, 0x0000,
    0x0044, 0x0000,
    0x004A, 0x0000,
    0x004C, 0x0000,
    0x0052, 0x0000,
    0x0054, 0x0000,
    0x005A, 0x0000,
    0x005C, 0x0000,
    0x0062, 0x0000,
    0x0064, 0x0000,
    0x006A, 0x0000,
    0x006C, 0x0000,
    0x0072, 0x0000,
    0x0074, 0x0000,
    0x007A, 0x0000,
    0x007C, 0x0000,
    0x0082, 0x0000,
    0x0084, 0x0000,
    0x008A, 0x0000,
    0x008C, 0x0000,
    0x0092, 0x0000,
    0x0094, 0x0000,
    0x009A, 0x0000,
    0x009C, 0x0000,
    0x00A2, 0x0000,
    0x00A4, 0x0000,
    0x00AA, 0x0000,
    0x00AC, 0x0000,
    0x00B2, 0x0000,
    0x00B4, 0x0000,
    0x00BA, 0x0000,
    0x00BC, 0x0000,
    0x00C2, 0x0000,
    0x00C4, 0x0000,
    0x00CA, 0x0000,
    0x00CC, 0x0000,
    0x00D2, 0x0000,
    0x00D4, 0x0000,
    0x00DA, 0x0000,
    0x00DC, 0x0000,
    0x00E2, 0x0000,
    0x00E4, 0x0000,
    0x01B4, 0x0600,
    0x01B6, 0x0003,
    0x01BA, 0x0003,
    0x01BE, 0x0003,
    0x01C2, 0x0003,
    0x01D6, 0x0003,
    0x01DA, 0x0003,
    0x01DE, 0x0003,
    0x01E2, 0x0003,
    0x01F6, 0x0003,
    0x01FA, 0x0003,
    0x01FE, 0x0003,
    0x0202, 0x0003,
    0x0216, 0x0003,
    0x021A, 0x0003,
    0x021E, 0x0003,
    0x0222, 0x0003,
    0x0236, 0x0000,
    0x023A, 0x0000,
    0x023E, 0x0000,
    0x0242, 0x0000,
    0x0256, 0x0000,
    0x025A, 0x0000,
    0x025E, 0x0000,
    0x0262, 0x0000,
    0x0276, 0x0000,
    0x027A, 0x0000,
    0x027E, 0x0000,
    0x0282, 0x0000,
    0x0296, 0x0000,
    0x029A, 0x0000,
    0x029E, 0x0000,
    0x02A2, 0x0000,
    0x0336, 0x0003,
    0x0338, 0x0000,
    0x033A, 0x0000,
    0x033C, 0x0000,
    0x033E, 0x0003,
    0x0340, 0x0000,
    0x0342, 0x0000,
    0x0344, 0x0000,
    0x0346, 0x0000,
    0x0348, 0x0000,
    0x034A, 0x0000,
    0x034C, 0x0000,
    0x034E, 0x0000,
    0x0350, 0x0000,
    0x0352, 0x0000,
    0x0354, 0x0000,
    0x0356, 0x0000,
    0x0358, 0x0000,
    0x035A, 0x0000,
    0x035C, 0x0000,
    0x035E, 0x0000,
    0x0360, 0x0000,
    0x0362, 0x0000,
    0x0364, 0x0000,
    0x0366, 0x0000,
    0x0368, 0x0000,
    0x036A, 0x0000,
    0x036C, 0x0000,
    0x036E, 0x0000,
    0x0370, 0x0000,
    0x0372, 0x0000,
    0x0374, 0x0000,
    0x0376, 0x0003,
    0x0378, 0x0000,
    0x037A, 0x0001,
    0x037C, 0x0000,
    0x037E, 0x0003,
    0x0380, 0x0000,
    0x0382, 0x0001,
    0x0384, 0x0000,
    0x0386, 0x0000,
    0x0388, 0x0000,
    0x038A, 0x0000,
    0x038C, 0x0000,
    0x038E, 0x0000,
    0x0390, 0x0000,
    0x0392, 0x0000,
    0x0394, 0x0000,
    0x0396, 0x0001,
    0x0398, 0x0000,
    0x039A, 0x0001,
    0x039C, 0x0000,
    0x039E, 0x0001,
    0x03A0, 0x0000,
    0x03A2, 0x0001,
    0x03A4, 0x0000,
    0x03A6, 0x0000,
    0x03A8, 0x0000,
    0x03AA, 0x0000,
    0x03AC, 0x0000,
    0x03AE, 0x0000,
    0x03B0, 0x0000,
    0x03B2, 0x0000,
    0x03B4, 0x0000,
    0x03B6, 0x0000,
    0x03BA, 0x0000,
    0x03BE, 0x0000,
    0x03C2, 0x0000,
    0x03D6, 0x0000,
    0x03DA, 0x0000,
    0x03DE, 0x0000,
    0x03E2, 0x0000,
    0x03F6, 0x0000,
    0x03FA, 0x0000,
    0x03FE, 0x0000,
    0x0402, 0x0000,
    0x0416, 0x0000,
    0x041A, 0x0000,
    0x041E, 0x0000,
    0x0422, 0x0000,
    0x2270, 0x0204,
    0x25D4, 0x0101,
    0x25FA, 0x2000,
    0x2648, 0x0200,
    0x264A, 0x0400,
    0x264C, 0x0200,
    0x264E, 0x0200,
    0x2660, 0x0202,
    0x2B7E, 0x0200,
    0x2B84, 0x0000,
    0x2BA0, 0x0200,
    0x2BA2, 0x0200,
    0x2BA4, 0x0000,
    0x2BA6, 0x0000,
    0x2BA8, 0x0000,
    0x2BAA, 0x0000,
    0x2BAC, 0x0200,
    0x2BAE, 0x0200,
    0x2BB0, 0x0100,
    0x2BB2, 0x0100,
    0x2BB4, 0x0100,
    0x2BB6, 0x0100,
    0x2BB8, 0x0100,
    0x2BBA, 0x0100,
    0x2BBC, 0x0100,
    0x2BBE, 0x0100,
    0x2BC4, 0x078A,
    0x2BC6, 0xFFFF,
    0x2BC8, 0xFFFF,
    0x2BCA, 0x0000,
    0x2BCC, 0x0000,
    0x2CBE, 0x0202,
    0x2DD6, 0x0101,
    0x2DD8, 0x0602,
    0x2DDC, 0x0204,
    0x2DFE, 0x0105,
    0x2E0E, 0x0000,
    0x2E16, 0x0064,
    0x2E18, 0x0096,
    0x2E1A, 0x0078,
    0x2E1C, 0x0190,
    0x2E1E, 0x0258,
    0x2E20, 0x0320,
    0x3348, 0x0002,
    0x34FE, 0x0400,
    0x350C, 0x000B,
    0x3516, 0x0079,
    0x3518, 0x007C,
    0x351A, 0x007B,
    0x351C, 0x007B,
    0x351E, 0x00A3,
    0x3520, 0x00A3,
    0x3522, 0x00A2,
    0x3524, 0x00A4,
    0x3526, 0x00A3,
    0x3528, 0x00A3,
    0x352A, 0x00AF,
    0x352C, 0x00B0,
    0x352E, 0x00B1,
    0x3530, 0x00B2,
    0x3532, 0x00A6,
    0x3534, 0x00A6,
    0x3536, 0x0079,
    0x3538, 0x007C,
    0x353A, 0x007B,
    0x353C, 0x007B,
    0x353E, 0x00A3,
    0x3540, 0x00A3,
    0x3542, 0x00A2,
    0x3544, 0x00A4,
    0x3546, 0x00A3,
    0x3548, 0x00A3,
    0x354A, 0x00AF,
    0x354C, 0x00B0,
    0x354E, 0x00B1,
    0x3550, 0x00B2,
    0x3552, 0x00A6,
    0x3554, 0x00A6,
    0x3714, 0x0000,
    0x371E, 0x0030,
    0x3720, 0x0035,
    0x3722, 0x0037,
    0x3724, 0x0044,
    0x3726, 0x0047,
    0x3728, 0x0054,
    0x372A, 0x0057,
    0x372C, 0x005B,
    0x372E, 0x005D,
    0x3730, 0x005E,
    0x3732, 0x0060,
    0x3734, 0x0062,
    0x3736, 0x005E,
    0x3738, 0x0064,
    0x373A, 0x0068,
    0x373C, 0x006A,
    0x373E, 0x0030,
    0x3740, 0x0035,
    0x3742, 0x0037,
    0x3744, 0x0044,
    0x3746, 0x0047,
    0x3748, 0x0054,
    0x374A, 0x0057,
    0x374C, 0x005B,
    0x374E, 0x005D,
    0x3750, 0x005E,
    0x3752, 0x0060,
    0x3754, 0x0062,
    0x3756, 0x005E,
    0x3758, 0x0064,
    0x375A, 0x0068,
    0x375C, 0x006A,
    0x391C, 0x0000,
    0x3926, 0x0000,
    0x3928, 0x0000,
    0x392A, 0x0000,
    0x392C, 0x0000,
    0x392E, 0x0000,
    0x3930, 0x0000,
    0x3932, 0x0000,
    0x3946, 0x0000,
    0x3948, 0x0000,
    0x394A, 0x0000,
    0x394C, 0x0000,
    0x394E, 0x0000,
    0x3950, 0x0000,
    0x3952, 0x0000,
    0x3B4C, 0x000F,
    0x4780, 0x0200,
    0x498C, 0x012C,
    0x498E, 0x012C,
    0x4990, 0x012C,
    0x4992, 0x012C,
    0x4994, 0x0190,
    0x4996, 0x0190,
    0x4998, 0x0190,
    0x49B8, 0x0258,
    0x49BA, 0x0258,
    0x49BC, 0x0258,
    0x49CA, 0x0190,
    0x49CC, 0x0190,
    0x49CE, 0x0190,
    0x49DC, 0x01F4,
    0x49DE, 0x01F4,
    0x49E0, 0x01F4,
    0x49E6, 0x005A,
    0x49E8, 0x003C,
    0x49EA, 0x0028,
    0x49EC, 0x0014,
    0x49EE, 0x0004,
    0x49F0, 0x0004,
    0x49F2, 0x0004,
    0x49F8, 0x0064,
    0x49FA, 0x004B,
    0x49FC, 0x0032,
    0x49FE, 0x0019,
    0x4A00, 0x000A,
    0x4A02, 0x000A,
    0x4A04, 0x000A,
    0x4A0A, 0x006E,
    0x4A0C, 0x0050,
    0x4A0E, 0x003C,
    0x4A10, 0x001E,
    0x4A12, 0x0014,
    0x4A14, 0x0014,
    0x4A16, 0x0014,
    0x4A1C, 0x0078,
    0x4A1E, 0x0055,
    0x4A20, 0x0046,
    0x4A22, 0x0023,
    0x4A24, 0x001E,
    0x4A26, 0x001E,
    0x4A28, 0x001E,
    0x4A2E, 0x007D,
    0x4A30, 0x005F,
    0x4A32, 0x004B,
    0x4A34, 0x0032,
    0x4A36, 0x0032,
    0x4A38, 0x0032,
    0x4A3A, 0x0032,
    0x4A40, 0x0082,
    0x4A42, 0x0069,
    0x4A44, 0x0050,
    0x4A46, 0x0050,
    0x4A48, 0x0050,
    0x4A4A, 0x0050,
    0x4A4C, 0x0050,
    0x4A64, 0x0000,
    0x4A66, 0x0000,
    0x4A68, 0x0000,
    0x4A6A, 0x0003,
    0x4A6C, 0x0006,
    0x4A6E, 0x0006,
    0x4A70, 0x0006,
    0x4A76, 0x0000,
    0x4A78, 0x0000,
    0x4A7A, 0x0000,
    0x4A7C, 0x0003,
    0x4A7E, 0x0007,
    0x4A80, 0x0007,
    0x4A82, 0x0007,
    0x4A88, 0x0000,
    0x4A8A, 0x000A,
    0x4A8C, 0x0014,
    0x4A8E, 0x0019,
    0x4A90, 0x001E,
    0x4A92, 0x001E,
    0x4A94, 0x001E,
    0x4B06, 0x0001,
    0x4B08, 0x0001,
    0x4B0A, 0x0001,
    0x4B0C, 0x0000,
    0x4B0E, 0x0000,
    0x4B10, 0x0000,
    0x4B12, 0x0000,
    0x4BA8, 0x003C,
    0x4BAA, 0x0006,
    0x4BAC, 0x0006,
    0x4BAE, 0x0006,
    0x4BB0, 0x0006,
    0x4BB2, 0x0006,
    0x4BB4, 0x0006,
    0x4BCC, 0x0028,
    0x4BCE, 0x0001,
    0x4BD0, 0x0001,
    0x4BD2, 0x0001,
    0x4BD4, 0x0001,
    0x4BD6, 0x0001,
    0x4BD8, 0x0001,
    0x4C02, 0x003C,
    0x4C04, 0x0008,
    0x4C06, 0x0008,
    0x4C08, 0x0008,
    0x4C0A, 0x0008,
    0x4C0C, 0x0008,
    0x4C0E, 0x0008,
    0x4C26, 0x0028,
    0x4C28, 0x0014,
    0x4C2A, 0x0014,
    0x4C2C, 0x0014,
    0x4C2E, 0x0014,
    0x4C30, 0x0014,
    0x4C32, 0x0014,
    0x4C52, 0x044C,
    0x4C54, 0x044C,
    0x4C56, 0x044C,
    0x4CE2, 0x001E,
    0x4CE4, 0x001E,
    0x4CE6, 0x001E,
    0x4DBA, 0x00E6,
    0x4DBC, 0x00E6,
    0x4DBE, 0x00E6,
    0x4DCC, 0x00E6,
    0x4DCE, 0x00E6,
    0x4DD0, 0x00E6,
    0x4DDE, 0x00E6,
    0x4DE0, 0x00E6,
    0x4DE2, 0x00E6,
    0x4E02, 0x0050,
    0x4E04, 0x0050,
    0x4E06, 0x0050,
    0x4F3E, 0x001E,
    0x4F40, 0x001E,
    0x4F42, 0x001E,
    0x4F44, 0x0028,
    0x4F46, 0x0032,
    0x4F48, 0x0032,
    0x4F4A, 0x0032,
    0x4F50, 0x001E,
    0x4F52, 0x001E,
    0x4F54, 0x001E,
    0x4F56, 0x0028,
    0x4F58, 0x0050,
    0x4F5A, 0x0050,
    0x4F5C, 0x0050,
    0x4F62, 0x001E,
    0x4F64, 0x001E,
    0x4F66, 0x001E,
    0x4F68, 0x0028,
    0x4F6A, 0x006E,
    0x4F6C, 0x006E,
    0x4F6E, 0x006E,
    0x4F74, 0x001E,
    0x4F76, 0x001E,
    0x4F78, 0x001E,
    0x4F7A, 0x0028,
    0x4F7C, 0x0082,
    0x4F7E, 0x0082,
    0x4F80, 0x0082,
    0x4F86, 0x0028,
    0x4F88, 0x0028,
    0x4F8A, 0x0028,
    0x4F8C, 0x0032,
    0x4F8E, 0x0082,
    0x4F90, 0x0082,
    0x4F92, 0x0082,
    0x85FA, 0x0000,
    0xFCFC, 0x2002,
    0xDDD6, 0x001F,
    0xDDD8, 0x000C,
    0xDDDA, 0x000C,
    0xDDDC, 0x000C,
    0xDDDE, 0x000C,
    0xDDE0, 0x000C,
    0xDDEC, 0x0000,
    0xDDF6, 0x0100,
    0xDDF8, 0x8000,
    0xDDFA, 0x0216,
    0xDE02, 0x003F,
    0xDE04, 0x0001,
    0xDE06, 0x0F13,
    0xDE08, 0x0F13,
    0xDE0A, 0x000C,
    0xDE0C, 0x000C,
    0xDE0E, 0x0000,
    0xDE16, 0x0000,
    0xDE18, 0x04EF,
    0xDE1C, 0x0001,
    0xDE20, 0x0000,
    0xDE22, 0x0100,
    0xDE24, 0x0000,
    0xDE26, 0x0200,
    0xDE28, 0x0000,
    0xDE2A, 0x0400,
    0xDE2C, 0x0000,
    0xDE2E, 0x0800,
    0xDE30, 0x0000,
    0xDE32, 0x2000,
    0xDE34, 0x0000,
    0xDE36, 0x4000,
    0xDE38, 0x0000,
    0xDE3A, 0x0100,
    0xDE3C, 0x0000,
    0xDE3E, 0x0200,
    0xDE40, 0x0000,
    0xDE42, 0x0400,
    0xDE44, 0x0000,
    0xDE46, 0x0800,
    0xDE48, 0x0000,
    0xDE4A, 0x2000,
    0xDE4C, 0x0000,
    0xDE4E, 0x4000,
    0xDE50, 0x0000,
    0xDE52, 0x0100,
    0xDE54, 0x0000,
    0xDE56, 0x0200,
    0xDE58, 0x0000,
    0xDE5A, 0x0400,
    0xDE5C, 0x0000,
    0xDE5E, 0x0800,
    0xDE60, 0x0000,
    0xDE62, 0x2000,
    0xDE64, 0x0000,
    0xDE66, 0x4000,
    0xDE68, 0x0000,
    0xDE6A, 0x0100,
    0xDE6C, 0x0000,
    0xDE6E, 0x0200,
    0xDE70, 0x0000,
    0xDE72, 0x0400,
    0xDE74, 0x0000,
    0xDE76, 0x0800,
    0xDE78, 0x0000,
    0xDE7A, 0x2000,
    0xDE7C, 0x0000,
    0xDE7E, 0x4000,
    0xDE80, 0x0000,
    0xDE82, 0x0000,
    0xDE84, 0x0000,
    0xDE86, 0x0000,
    0xDE88, 0x0000,
    0xDE8A, 0x0000,
    0xDE8C, 0x0000,
    0xDE8E, 0x0000,
    0xDE90, 0x0000,
    0xDE92, 0x0000,
    0xDE94, 0x0000,
    0xDE96, 0x0000,
    0xDE98, 0x0000,
    0xDE9A, 0x0000,
    0xDE9C, 0x0000,
    0xDE9E, 0x0000,
    0xDEA0, 0x0000,
    0xDEA2, 0x0000,
    0xDEA4, 0x0000,
    0xDEA6, 0x0000,
    0xDEA8, 0x0000,
    0xDEAA, 0x0000,
    0xDEAC, 0x0000,
    0xDEAE, 0x0000,
    0xDEB0, 0x0000,
    0xDEB2, 0x0000,
    0xDEB4, 0x0000,
    0xDEB6, 0x0000,
    0xDEB8, 0x0000,
    0xDEBA, 0x0000,
    0xDEBC, 0x0000,
    0xDEBE, 0x0000,
    0xDEC0, 0x0000,
    0xDEC2, 0x0000,
    0xDEC4, 0x0000,
    0xDEC6, 0x0000,
    0xDEC8, 0x0000,
    0xDECA, 0x0000,
    0xDECC, 0x0000,
    0xDECE, 0x0000,
    0xDED0, 0x0000,
    0xDED2, 0x0000,
    0xDED4, 0x0000,
    0xDED6, 0x0000,
    0xDED8, 0x0000,
    0xDEDA, 0x0000,
    0xDEDC, 0x0000,
    0xDEDE, 0x0000,
    0xDF40, 0x0000,
    0xDF42, 0x01FF,
    0xDF44, 0x0000,
    0xDF46, 0x03FF,
    0xDF48, 0x0000,
    0xDF4A, 0x07FF,
    0xDF4C, 0x0000,
    0xDF4E, 0x1FFF,
    0xDF50, 0x0000,
    0xDF52, 0x3FFF,
    0xDF54, 0x0001,
    0xDF56, 0x0000,
    0xDF58, 0x0000,
    0xDF5A, 0x01FF,
    0xDF5C, 0x0000,
    0xDF5E, 0x03FF,
    0xDF60, 0x0000,
    0xDF62, 0x07FF,
    0xDF64, 0x0000,
    0xDF66, 0x1FFF,
    0xDF68, 0x0000,
    0xDF6A, 0x3FFF,
    0xDF6C, 0x0001,
    0xDF6E, 0x0000,
    0xDF70, 0x0000,
    0xDF72, 0x01FF,
    0xDF74, 0x0000,
    0xDF76, 0x03FF,
    0xDF78, 0x0000,
    0xDF7A, 0x07FF,
    0xDF7C, 0x0000,
    0xDF7E, 0x1FFF,
    0xDF80, 0x0000,
    0xDF82, 0x3FFF,
    0xDF84, 0x0001,
    0xDF86, 0x0000,
    0xDF88, 0x0000,
    0xDF8A, 0x01FF,
    0xDF8C, 0x0000,
    0xDF8E, 0x03FF,
    0xDF90, 0x0000,
    0xDF92, 0x07FF,
    0xDF94, 0x0000,
    0xDF96, 0x1FFF,
    0xDF98, 0x0000,
    0xDF9A, 0x3FFF,
    0xDF9C, 0x0001,
    0xDF9E, 0x0000,
    0xDFA0, 0x0000,
    0xDFA2, 0x0000,
    0xDFA4, 0x0000,
    0xDFA6, 0x0000,
    0xDFA8, 0x0000,
    0xDFAA, 0x0000,
    0xDFAC, 0x0000,
    0xDFAE, 0x0000,
    0xDFB0, 0x0000,
    0xDFB2, 0x0000,
    0xDFB4, 0x0000,
    0xDFB6, 0x0000,
    0xDFB8, 0x0000,
    0xDFBA, 0x0000,
    0xDFBC, 0x0000,
    0xDFBE, 0x0000,
    0xDFC0, 0x0000,
    0xDFC2, 0x0000,
    0xDFC4, 0x0000,
    0xDFC6, 0x0000,
    0xDFC8, 0x0000,
    0xDFCA, 0x0000,
    0xDFCC, 0x0000,
    0xDFCE, 0x0000,
    0xDFD0, 0x0000,
    0xDFD2, 0x0000,
    0xDFD4, 0x0000,
    0xDFD6, 0x0000,
    0xDFD8, 0x0000,
    0xDFDA, 0x0000,
    0xDFDC, 0x0000,
    0xDFDE, 0x0000,
    0xDFE0, 0x0000,
    0xDFE2, 0x0000,
    0xDFE4, 0x0000,
    0xDFE6, 0x0000,
    0xDFE8, 0x0000,
    0xDFEA, 0x0000,
    0xDFEC, 0x0000,
    0xDFEE, 0x0000,
    0xDFF0, 0x0000,
    0xDFF2, 0x0000,
    0xDFF4, 0x0000,
    0xDFF6, 0x0000,
    0xDFF8, 0x0000,
    0xDFFA, 0x0000,
    0xDFFC, 0x0000,
    0xDFFE, 0x0000,
    0xE060, 0x0000,
    0xE06E, 0x2000,
    0xE070, 0x1800,
    0xE072, 0x2020,
    0xE074, 0x1830,
    0xE076, 0xFFFF,
    0xE078, 0xFFFF,
    0xE07A, 0x0000,
    0xFCFC, 0x4000,
    0x0086, 0x2000,
    0x020A, 0x0100,
    0x0228, 0x0100,
    0x0380, 0x0004,
    0x0382, 0x000C,
    0x0384, 0x0008,
    0x0386, 0x0008,
    0x0722, 0x0800,
    0x0900, 0x3388,
    0x0B02, 0x0202,
    0x0B04, 0x0001,
    0x0B06, 0x0101,
    0x0B08, 0x0100,
    0x0B0A, 0x0101,
    0x0B0C, 0x0100,
    0x0BCC, 0x0000,
    0x0BE2, 0x0000,
};

//4096*3072 full crop in sensor zoom
static kal_uint16 s5khp5_custom1_setting[] = {
    0xFCFC, 0x2000,
    0x0F8C, 0x0000,
    0x1004, 0x0000,
    0x46F2, 0x0000,
    0x4718, 0xFFFF,
    0x472C, 0x0000,
    0x472E, 0x0000,
    0x4760, 0x0200,
    0x8F40, 0x0702,
    0xA76E, 0x0180,
    0xA770, 0x0200,
    0xA772, 0x0300,
    0xA774, 0x0400,
    0xA776, 0x1B1D,
    0xA778, 0x1F21,
    0xA77A, 0x2224,
    0xA77C, 0x2526,
    0xA77E, 0x2728,
    0xA780, 0x292A,
    0xA782, 0x2B2B,
    0xA784, 0x2C2D,
    0xA786, 0x2D2F,
    0xA788, 0x3132,
    0xA78A, 0x3334,
    0xA78C, 0x3536,
    0xA78E, 0x3638,
    0xA790, 0x3A3A,
    0xA792, 0x3B3D,
    0xA794, 0x3D3E,
    0xA796, 0x3E2C,
    0xB8C4, 0x0000,
    0xFCFC, 0x2001,
    0x10F0, 0x0200,
    0x2C02, 0x0010,
    0x2C04, 0x0010,
    0x2C06, 0x0000,
    0x2DD0, 0x0200,
    0x34BC, 0x013F,
    0x34BE, 0x017F,
    0x34C0, 0x01BF,
    0x34C2, 0x01FF,
    0x34C4, 0x02FF,
    0x34C6, 0x03FF,
    0x34C8, 0x04FF,
    0x34CA, 0x05FF,
    0x34CC, 0x06FF,
    0x34CE, 0x07FF,
    0x34D0, 0x0BFF,
    0x34D2, 0x0FFF,
    0x34D4, 0x17FF,
    0x34D6, 0x1FFF,
    0x34D8, 0x2FFF,
    0xFCFC, 0x4000,
    0x0112, 0x0A0A,
    0x0114, 0x0201,
    0x0118, 0x0004,
    0x011C, 0x0101,
    0x0136, 0x1800,
    0x013E, 0x0000,
    0x0202, 0x0200,
    0x0204, 0x0020,
    0x021E, 0x0000,
    0x0226, 0x0200,
    0x022C, 0x0200,
    0x0260, 0x0001,
    0x0262, 0x0200,
    0x0264, 0x0006,
    0x0270, 0x2B2B,
    0x0272, 0x2B10,
    0x0274, 0x302B,
    0x0304, 0x0003,
    0x0306, 0x00F0,
    0x030C, 0x0000,
    0x030E, 0x0003,
    0x0310, 0x00BA,
    0x0312, 0x0000,
    0x031A, 0x0003,
    0x031C, 0x0028,
    0x031E, 0x0002,
    0x0340, 0x190A,
    0x0342, 0x2700,
    0x0344, 0x1000,
    0x0346, 0x0C20,
    0x0348, 0x303E,
    0x034A, 0x245E,
    0x034C, 0x1000,
    0x034E, 0x0C00,
    0x0350, 0x0010,
    0x0352, 0x0010,
    0x0720, 0x0001,
    0x0724, 0x0000,
    0x072C, 0x0400,
    0x072E, 0x0180,
    0x081C, 0x1015,
    0x081E, 0x0F00,
    0x0BCA, 0x0101,
    0xFCFC, 0x2000,
    0x0E90, 0x0803,
    0x0E92, 0x0803,
    0x0E94, 0x0803,
    0x0E96, 0x0803,
    0x0F64, 0x0040,
    0x34BA, 0x0000,
    0x34BC, 0x0004,
    0x3512, 0xFA36,
    0x3514, 0xFB0E,
    0x3552, 0x0000,
    0x3554, 0x0000,
    0x3E14, 0x0101,
    0x3E16, 0x0100,
    0x3E1E, 0x01FF,
    0x3E20, 0x01FF,
    0x3E22, 0x00FF,
    0x3E24, 0x003F,
    0x3E30, 0x0200,
    0x3E32, 0x0200,
    0x3E34, 0x0100,
    0x3E36, 0x0040,
    0x4114, 0x0008,
    0x4116, 0x0040,
    0x4118, 0x4000,
    0x411A, 0xFA28,
    0x411C, 0xA8B1,
    0x411E, 0xA0B1,
    0x4120, 0x4000,
    0x4122, 0xFA2C,
    0x4124, 0x0002,
    0x4126, 0x0003,
    0x4128, 0x4000,
    0x412A, 0xFC1E,
    0x41B4, 0x000C,
    0x41B6, 0x0000,
    0x41B8, 0x4000,
    0x41BA, 0xFAB2,
    0x41BC, 0x000C,
    0x41BE, 0x0000,
    0x41C0, 0x4000,
    0x41C2, 0xFAB4,
    0x4254, 0x06DB,
    0x4256, 0x06C9,
    0x4258, 0x4000,
    0x425A, 0xFA12,
    0x42F4, 0x01D5,
    0x42F6, 0x01F9,
    0x42F8, 0x4000,
    0x42FA, 0xF470,
    0x42FC, 0x01D5,
    0x42FE, 0x01F9,
    0x4300, 0x4000,
    0x4302, 0xF478,
    0x46F0, 0x0101,
    0x47C2, 0x0101,
    0x485A, 0x0102,
    0x487C, 0x0004,
    0x4882, 0x0004,
    0x489A, 0x0004,
    0x48A0, 0x0004,
    0x48B8, 0x0012,
    0x48BE, 0x0014,
    0x48D6, 0x0014,
    0x48DC, 0x000C,
    0x48F4, 0x0012,
    0x48FA, 0x0014,
    0x4918, 0x0100,
    0x491A, 0x0000,
    0x49D0, 0x0000,
    0x49D4, 0x2214,
    0x49DA, 0x1422,
    0x49E6, 0x2118,
    0x49EC, 0x1821,
    0x49F8, 0x9090,
    0x4A58, 0x0030,
    0x4A5A, 0xFFF1,
    0x4A5C, 0x0004,
    0x4A5E, 0x00C8,
    0x4A60, 0x0001,
    0x4A62, 0x0001,
    0x4A64, 0x0030,
    0x4A66, 0x001B,
    0x4A68, 0x0007,
    0x4A6A, 0x0015,
    0x4A6C, 0x0018,
    0x4A6E, 0x0006,
    0x4A70, 0x0006,
    0x4A72, 0x0019,
    0x4A90, 0xFFF9,
    0x4A92, 0xFFFA,
    0x4A94, 0xFFFF,
    0x4A96, 0x0005,
    0x4A98, 0x0010,
    0x4A9A, 0x0010,
    0x4A9C, 0xFFFC,
    0x4A9E, 0x0048,
    0x4AA0, 0x0020,
    0x4AA2, 0x0001,
    0x4AA4, 0x000E,
    0x4AA6, 0x0007,
    0x4AA8, 0x0007,
    0x4AAA, 0x0048,
    0x4AAC, 0xFFF3,
    0x4AB0, 0x0000,
    0x4AB8, 0xFFFC,
    0x4ABA, 0x0048,
    0x4ABE, 0xFFF9,
    0x4AC0, 0x000E,
    0x4AC2, 0x001E,
    0x4AC4, 0x002E,
    0x4AC6, 0x0048,
    0x4AD4, 0xFFFC,
    0x4AE2, 0x0048,
    0x4AE4, 0x0021,
    0x4AE6, 0x0010,
    0x4AE8, 0x000D,
    0x4AEA, 0x0010,
    0x4AEC, 0x0010,
    0x4AEE, 0x0010,
    0x4AF0, 0x0016,
    0x4AF2, 0x001A,
    0x4AF4, 0x0008,
    0x4AF6, 0x0001,
    0x4AF8, 0x0004,
    0x4AFA, 0x0008,
    0x4AFC, 0x0008,
    0x4AFE, 0x0018,
    0x4B54, 0x0021,
    0x4B56, 0x0010,
    0x4B58, 0x000D,
    0x4B5A, 0x0010,
    0x4B5C, 0x0010,
    0x4B5E, 0x0010,
    0x4B60, 0x0016,
    0x4B62, 0x001A,
    0x4B64, 0x0008,
    0x4B66, 0x0001,
    0x4B68, 0x0004,
    0x4B6A, 0x0008,
    0x4B6C, 0x0008,
    0x4B6E, 0x0018,
    0x4BC4, 0x0021,
    0x4BC6, 0x0010,
    0x4BC8, 0x000D,
    0x4BCA, 0x0010,
    0x4BCC, 0x0010,
    0x4BCE, 0x0010,
    0x4BD0, 0x0016,
    0x4BD2, 0x001A,
    0x4BD4, 0x0008,
    0x4BD6, 0x0001,
    0x4BD8, 0x0004,
    0x4BDA, 0x0008,
    0x4BDC, 0x0008,
    0x4BDE, 0x0018,
    0x4BE0, 0x0008,
    0x4BE2, 0x0003,
    0x4BE4, 0x000A,
    0x4BE6, 0x0008,
    0x4BE8, 0x0003,
    0x4BEA, 0x0003,
    0x4BEC, 0x0005,
    0x4BEE, 0x0060,
    0x4BF0, 0x004B,
    0x4BF2, 0x004B,
    0x4BF4, 0x0060,
    0x4BF6, 0x0060,
    0x4BF8, 0x0060,
    0x4BFA, 0x0060,
    0x4C08, 0x0060,
    0x4C16, 0x0060,
    0x4C40, 0x0000,
    0x4C42, 0x0000,
    0x4C44, 0x0001,
    0x4C46, 0x0006,
    0x4C48, 0x0014,
    0x4C4A, 0x0014,
    0x4C4C, 0x0014,
    0x4C4E, 0x0000,
    0x4C5C, 0x0002,
    0x4C6C, 0x0004,
    0x4C6E, 0x0001,
    0x4C70, 0x0004,
    0x4C72, 0x0007,
    0x4C74, 0x0004,
    0x4C76, 0x0004,
    0x4C78, 0x0004,
    0x4C7A, 0x0001,
    0x4C7C, 0xFFD0,
    0x4C7E, 0xFFE0,
    0x4C80, 0xFFDE,
    0x4C82, 0xFFCE,
    0x4C84, 0xFFCE,
    0x4C86, 0x0001,
    0x4C88, 0x0000,
    0x4C8A, 0x0000,
    0x4C8C, 0xFFFE,
    0x4C8E, 0x0006,
    0x4C90, 0x0006,
    0x4C92, 0x0006,
    0x4C94, 0x0000,
    0x4C96, 0x0000,
    0x4C98, 0xFFE0,
    0x4C9A, 0x0002,
    0x4C9C, 0xFFFD,
    0x4C9E, 0xFFFF,
    0x4CA0, 0xFFFF,
    0x4CA2, 0x0000,
    0x4CAA, 0x0006,
    0x4CB0, 0x0000,
    0x4CB2, 0x0000,
    0x4CB6, 0x0011,
    0x4CB8, 0x0006,
    0x4CBA, 0xFFCA,
    0x4CBC, 0xFFBA,
    0x4CBE, 0x0000,
    0x4CCC, 0x0000,
    0x4CDA, 0x0000,
    0x4CDC, 0x0002,
    0x4CDE, 0x0001,
    0x4CE0, 0x0001,
    0x4CE2, 0x0004,
    0x4CE4, 0x0001,
    0x4CE6, 0x0001,
    0x4CE8, 0x0002,
    0x4CEA, 0x000A,
    0x4CEC, 0x0040,
    0x4CEE, 0x0040,
    0x4CF0, 0x0040,
    0x4CF2, 0x0040,
    0x4CF4, 0x0040,
    0x4CF6, 0x000A,
    0x4CF8, 0x0002,
    0x4CFA, 0x0001,
    0x4CFC, 0x0001,
    0x4CFE, 0x0004,
    0x4D00, 0x0001,
    0x4D02, 0x0001,
    0x4D04, 0x0002,
    0x4D06, 0x000A,
    0x4D08, 0x0040,
    0x4D0A, 0x0040,
    0x4D0C, 0x0040,
    0x4D0E, 0x0040,
    0x4D10, 0x0040,
    0x4D12, 0x000A,
    0x4D14, 0x0002,
    0x4D16, 0x0001,
    0x4D18, 0x0001,
    0x4D1A, 0x0004,
    0x4D1C, 0x0001,
    0x4D1E, 0x0001,
    0x4D20, 0x0002,
    0x4D22, 0x000A,
    0x4D24, 0x0040,
    0x4D26, 0x0040,
    0x4D28, 0x0040,
    0x4D2A, 0x0040,
    0x4D2C, 0x0040,
    0x4D2E, 0x000A,
    0x4D74, 0x0000,
    0x4D82, 0x0000,
    0x4DF4, 0x0000,
    0x4DF6, 0x0305,
    0x4DF8, 0x0000,
    0x4DFA, 0x0004,
    0x4DFC, 0x0004,
    0x4DFE, 0x0000,
    0x4E00, 0x0000,
    0x4E04, 0x0053,
    0x4E06, 0x0053,
    0x4E08, 0x0053,
    0x4E0A, 0x0053,
    0x4E0C, 0x0053,
    0x4E0E, 0x0053,
    0x4E2C, 0x000F,
    0x4E2E, 0x012F,
    0x4E30, 0x019A,
    0x4E32, 0x01E8,
    0x4E34, 0x0351,
    0x4E36, 0x064F,
    0x4E38, 0x000F,
    0x4E3C, 0x004B,
    0x4E3E, 0x0060,
    0x4E40, 0x0060,
    0x4E42, 0x0060,
    0x4E44, 0x0060,
    0x4E46, 0x0030,
    0x4E48, 0x000F,
    0x4E4A, 0x012F,
    0x4E4C, 0x019A,
    0x4E4E, 0x01E8,
    0x4E50, 0x0351,
    0x4E52, 0x064F,
    0x4E54, 0x000F,
    0x4E58, 0x004B,
    0x4E5A, 0x0060,
    0x4E5C, 0x0060,
    0x4E5E, 0x0060,
    0x4E60, 0x0060,
    0x4E62, 0x0030,
    0x4E9A, 0x0000,
    0x4EB6, 0x0008,
    0x4EE0, 0x000A,
    0x4EFC, 0x0018,
    0x4F1A, 0x0002,
    0x4F1C, 0x001A,
    0x4F1E, 0x0028,
    0x4F20, 0x0001,
    0x4F22, 0x0064,
    0x4F24, 0x0064,
    0x4F26, 0x0002,
    0x4F28, 0x008A,
    0x4F2A, 0x0054,
    0x4F2C, 0x0080,
    0x4F2E, 0x0342,
    0x4F30, 0x0080,
    0x4F32, 0x0080,
    0x4F34, 0x008A,
    0x4F36, 0x0088,
    0x4F38, 0x0052,
    0x4F3A, 0x007E,
    0x4F3C, 0x0340,
    0x4F3E, 0x007E,
    0x4F40, 0x007E,
    0x4F42, 0x0088,
    0x4F52, 0x0004,
    0x4F60, 0x000A,
    0x4F6E, 0x0004,
    0x4F70, 0x0008,
    0x4F72, 0x0008,
    0x4F74, 0x0008,
    0x4F76, 0x0008,
    0x4F78, 0x0008,
    0x4F7A, 0x0004,
    0x4F7C, 0x000A,
    0x4F7E, 0x0008,
    0x4F80, 0x0019,
    0x4F82, 0x0008,
    0x4F84, 0x0008,
    0x4F86, 0x0008,
    0x4F88, 0x000A,
    0x50BE, 0x001B,
    0x50C0, 0x0024,
    0x50C2, 0x0004,
    0x50C4, 0x00F0,
    0x50C6, 0x0019,
    0x50C8, 0x0019,
    0x50CA, 0x0010,
    0x50CC, 0x0021,
    0x50CE, 0x0005,
    0x50D0, 0x0002,
    0x50D2, 0x00F6,
    0x50D4, 0x0008,
    0x50D6, 0x0008,
    0x50D8, 0x0016,
    0x50E0, 0x0104,
    0x50E6, 0x0016,
    0x50E8, 0x000F,
    0x50EC, 0x0008,
    0x50EE, 0x0008,
    0x50F0, 0x0008,
    0x50F2, 0x0008,
    0x50F4, 0x000F,
    0x5118, 0x0005,
    0x5126, 0x000F,
    0x51FE, 0x0005,
    0x520C, 0x000A,
    0x5214, 0x0007,
    0x521A, 0x0005,
    0x527E, 0x0003,
    0x528C, 0x0010,
    0x528E, 0x0016,
    0x5290, 0x0016,
    0x5292, 0x0016,
    0x5294, 0x0016,
    0x5296, 0x0016,
    0x5298, 0x0015,
    0x529E, 0x0024,
    0x52A0, 0x0029,
    0x52A2, 0x0027,
    0x52A4, 0x0027,
    0x52A6, 0x002D,
    0x52B6, 0x0032,
    0x52B8, 0x0035,
    0x52BA, 0x0034,
    0x52BC, 0x0036,
    0x52BE, 0x0036,
    0x52C0, 0x0036,
    0x52C2, 0x0037,
    0x5500, 0x00C7,
    0x5554, 0x00C7,
    0x578A, 0x0002,
    0x578C, 0x000A,
    0x578E, 0x0004,
    0x5790, 0x0004,
    0x5792, 0x001F,
    0x57CC, 0x005E,
    0x57CE, 0x003E,
    0x57D0, 0x0084,
    0x57D2, 0x0154,
    0x57D4, 0x0100,
    0x57D6, 0x0100,
    0x57D8, 0x0070,
    0x57E6, 0x0115,
    0x57E8, 0x0089,
    0x57EC, 0x0050,
    0x57EE, 0x0078,
    0x57F0, 0x0088,
    0x57F2, 0x0088,
    0x57F4, 0x00C6,
    0x5804, 0x0089,
    0x5806, 0x00A9,
    0x5808, 0x00EF,
    0x580A, 0x01E4,
    0x580C, 0x0158,
    0x580E, 0x0158,
    0x5810, 0x00C6,
    0x581A, 0x00F0,
    0x581C, 0x00E0,
    0x581E, 0x00C6,
    0x629E, 0x0000,
    0x62AC, 0x0000,
    0x65AE, 0x017C,
    0x65BC, 0x01C1,
    0x65F6, 0x0000,
    0x65FA, 0x8000,
    0x65FC, 0x8000,
    0x65FE, 0x8000,
    0x6600, 0x8000,
    0x6604, 0x0000,
    0x6608, 0x8000,
    0x660A, 0x8000,
    0x660C, 0x8000,
    0x660E, 0x8000,
    0x8F42, 0x0000,
    0x8F72, 0x0600,
    0x8F7E, 0x0017,
    0x8F80, 0x1714,
    0x8F82, 0x0B0B,
    0x8F84, 0x0B0B,
    0x8F8C, 0x0004,
    0x8F8E, 0x040C,
    0x8F90, 0x0B0B,
    0x8F92, 0x0B0B,
    0x8F9A, 0x0001,
    0x8F9C, 0x0100,
    0x8F9E, 0x0101,
    0x8FA0, 0x0101,
    0x8FA8, 0x0001,
    0x8FAA, 0x0100,
    0x8FAC, 0x0101,
    0x8FAE, 0x0101,
    0x8FB6, 0x0090,
    0x8FB8, 0x0B09,
    0x8FBA, 0x0B0B,
    0x8FBC, 0x0B0B,
    0x8FC4, 0x0090,
    0x8FC6, 0x9005,
    0x8FC8, 0x9090,
    0x8FCA, 0x9090,
    0x8FD0, 0x0087,
    0x8FD2, 0x0082,
    0x8FD4, 0xF7DD,
    0x8FD6, 0xF105,
    0x8FD8, 0x3008,
    0x8FDA, 0x00FF,
    0x8FDC, 0x03FF,
    0x8FDE, 0x1901,
    0x8FE0, 0x06C9,
    0x8FE2, 0x0249,
    0x8FE4, 0x0249,
    0x8FE6, 0x0010,
    0x8FE8, 0x0449,
    0x8FEA, 0x0790,
    0x8FF6, 0x0D0D,
    0x8FF8, 0x050D,
    0x8FFA, 0x0D0D,
    0x8FFC, 0x0D0D,
    0x8FFE, 0x0D05,
    0x9000, 0x0D0D,
    0x9002, 0x0D0D,
    0x9066, 0x80F5,
    0x9996, 0xA6F1,
    0x9998, 0x472C,
    0x999A, 0xA8B1,
    0x999C, 0x0000,
    0x999E, 0x0044,
    0x9D50, 0x013F,
    0x9D54, 0x0000,
    0x9D56, 0x01FF,
    0x9D58, 0xFFFF,
    0x9DD4, 0x4000,
    0x9DD6, 0xFA9E,
    0x9DD8, 0x4000,
    0x9DDA, 0xFAA0,
    0x9DE4, 0x0A06,
    0x9DE6, 0x0A06,
    0x9E60, 0x0A06,
    0x9E62, 0x0A06,
    0x9E64, 0x0A06,
    0x9EDE, 0x0A06,
    0xA0A8, 0x0000,
    0xA0EE, 0x0100,
    0xA15C, 0x0002,
    0xA1C4, 0xBC76,
    0xA1D2, 0xFE00,
    0xA4FE, 0x0011,
    0xA50C, 0x0028,
    0xA512, 0x0000,
    0xA514, 0x0000,
    0xA516, 0x0140,
    0xA51E, 0x0000,
    0xA520, 0x001E,
    0xA522, 0x001E,
    0xA52E, 0x0000,
    0xA530, 0x0000,
    0xA53C, 0x000B,
    0xA53E, 0x0000,
    0xA540, 0x0000,
    0xA542, 0x0000,
    0xA54A, 0x0000,
    0xA54C, 0x0001,
    0xA54E, 0x0001,
    0xA550, 0x0001,
    0xA558, 0x0001,
    0xA55A, 0x0000,
    0xA734, 0x0000,
    0xA736, 0x0022,
    0xA738, 0x0024,
    0xA73A, 0x0026,
    0xA73C, 0x0028,
    0xA73E, 0x002A,
    0xA740, 0x002C,
    0xA742, 0x002E,
    0xA744, 0x0030,
    0xA746, 0x0032,
    0xA748, 0x0034,
    0xA74A, 0x0036,
    0xA74C, 0x0038,
    0xA74E, 0x003A,
    0xA750, 0x003C,
    0xA752, 0x003E,
    0xA754, 0x0040,
    0xA756, 0x0048,
    0xA758, 0x0050,
    0xA75A, 0x0058,
    0xA75C, 0x0060,
    0xA75E, 0x0068,
    0xA760, 0x0070,
    0xA762, 0x0078,
    0xA764, 0x0080,
    0xA766, 0x00A0,
    0xA768, 0x00C0,
    0xA76A, 0x00E0,
    0xA76C, 0x0100,
    0xA9E0, 0x8844,
    0xAA00, 0x0000,
    0xB252, 0x0202,
    0xB254, 0x0200,
    0xB264, 0x0001,
    0xB390, 0x0202,
    0xB39C, 0x1000,
    0xB3DC, 0x0600,
    0xB3DE, 0x0000,
    0xB3EE, 0x0600,
    0xB3F0, 0x0101,
    0xB57A, 0x0010,
    0xB57C, 0x0010,
    0xB8C0, 0x0011,
    0xB8C2, 0x000D,
    0xB8C6, 0x0B08,
    0xC880, 0x0100,
    0xC890, 0x003F,
    0xC892, 0x0012,
    0xC896, 0x5DE6,
    0xC89A, 0x0001,
    0xC89C, 0x0030,
    0xC89E, 0x0004,
    0xE8A2, 0x0040,
    0xE8A4, 0x0030,
    0xE8A8, 0x0000,
    0xE8AA, 0x5DEA,
    0xFF64, 0x0002,
    0xFF6A, 0x1000,
    0xFF6C, 0x1000,
    0xFF72, 0x1000,
    0xFF74, 0x1000,
    0xFF7A, 0x1000,
    0xFF7C, 0x1000,
    0xFF82, 0x1000,
    0xFF84, 0x1000,
    0xFF8A, 0x1000,
    0xFF8C, 0x1000,
    0xFF92, 0x1000,
    0xFF94, 0x1000,
    0xFF9A, 0x1000,
    0xFF9C, 0x1000,
    0xFFA2, 0x1000,
    0xFFA4, 0x1000,
    0xFFAA, 0x1000,
    0xFFAC, 0x1006,
    0xFFB2, 0x0FFA,
    0xFFB4, 0x0FFA,
    0xFFBA, 0x1000,
    0xFFBC, 0x1000,
    0xFFC2, 0x100A,
    0xFFC4, 0x100A,
    0xFFCA, 0x1008,
    0xFFCC, 0x1008,
    0xFFD2, 0x1008,
    0xFFD4, 0x1008,
    0xFFDA, 0x1000,
    0xFFDC, 0x1000,
    0xFFE2, 0x1000,
    0xFFE4, 0x1000,
    0xFFEA, 0x1000,
    0xFFEC, 0x1000,
    0xFFF2, 0x1000,
    0xFFF4, 0x1000,
    0xFFFA, 0x1000,
    0xFCFC, 0x4000,
    0x6028, 0x2000,
    0x602A, 0xFFFC,
    0x6F12, 0x1000,
    0xFCFC, 0x2001,
    0x0002, 0x1000,
    0x0004, 0x1000,
    0x000A, 0x1000,
    0x000C, 0x1000,
    0x0012, 0x1000,
    0x0014, 0x1000,
    0x001A, 0x1000,
    0x001C, 0x1000,
    0x0022, 0x1000,
    0x0024, 0x1000,
    0x002A, 0x0000,
    0x002C, 0x0000,
    0x0032, 0x0000,
    0x0034, 0x0000,
    0x003A, 0x0000,
    0x003C, 0x0000,
    0x0042, 0x0000,
    0x0044, 0x0000,
    0x004A, 0x0000,
    0x004C, 0x0000,
    0x0052, 0x0000,
    0x0054, 0x0000,
    0x005A, 0x0000,
    0x005C, 0x0000,
    0x0062, 0x0000,
    0x0064, 0x0000,
    0x006A, 0x0000,
    0x006C, 0x0000,
    0x0072, 0x0000,
    0x0074, 0x0000,
    0x007A, 0x0000,
    0x007C, 0x0000,
    0x0082, 0x0000,
    0x0084, 0x0000,
    0x008A, 0x0000,
    0x008C, 0x0000,
    0x0092, 0x0000,
    0x0094, 0x0000,
    0x009A, 0x0000,
    0x009C, 0x0000,
    0x00A2, 0x0000,
    0x00A4, 0x0000,
    0x00AA, 0x0000,
    0x00AC, 0x0000,
    0x00B2, 0x0000,
    0x00B4, 0x0000,
    0x00BA, 0x0000,
    0x00BC, 0x0000,
    0x00C2, 0x0000,
    0x00C4, 0x0000,
    0x00CA, 0x0000,
    0x00CC, 0x0000,
    0x00D2, 0x0000,
    0x00D4, 0x0000,
    0x00DA, 0x0000,
    0x00DC, 0x0000,
    0x00E2, 0x0000,
    0x00E4, 0x0000,
    0x01B4, 0x0600,
    0x01B6, 0x0000,
    0x01BA, 0x0000,
    0x01BE, 0x0000,
    0x01C2, 0x0000,
    0x01D6, 0x0000,
    0x01DA, 0x0000,
    0x01DE, 0x0000,
    0x01E2, 0x0000,
    0x01F6, 0x0000,
    0x01FA, 0x0000,
    0x01FE, 0x0000,
    0x0202, 0x0000,
    0x0216, 0x0000,
    0x021A, 0x0000,
    0x021E, 0x0000,
    0x0222, 0x0000,
    0x0236, 0x0000,
    0x023A, 0x0000,
    0x023E, 0x0000,
    0x0242, 0x0000,
    0x0256, 0x0000,
    0x025A, 0x0000,
    0x025E, 0x0000,
    0x0262, 0x0000,
    0x0276, 0x0000,
    0x027A, 0x0000,
    0x027E, 0x0000,
    0x0282, 0x0000,
    0x0296, 0x0000,
    0x029A, 0x0000,
    0x029E, 0x0000,
    0x02A2, 0x0000,
    0x0336, 0xFFFE,
    0x0338, 0x0000,
    0x033A, 0xFFFA,
    0x033C, 0x0000,
    0x033E, 0xFFFE,
    0x0340, 0x0000,
    0x0342, 0xFFFA,
    0x0344, 0x0000,
    0x0346, 0x0000,
    0x0348, 0x0000,
    0x034A, 0x0000,
    0x034C, 0x0000,
    0x034E, 0x0000,
    0x0350, 0x0000,
    0x0352, 0x0000,
    0x0354, 0x0000,
    0x0356, 0xFFFA,
    0x0358, 0x0000,
    0x035A, 0xFFFA,
    0x035C, 0x0000,
    0x035E, 0xFFFA,
    0x0360, 0x0000,
    0x0362, 0xFFFA,
    0x0364, 0x0000,
    0x0366, 0x0000,
    0x0368, 0x0000,
    0x036A, 0x0000,
    0x036C, 0x0000,
    0x036E, 0x0000,
    0x0370, 0x0000,
    0x0372, 0x0000,
    0x0374, 0x0000,
    0x0376, 0xFFFC,
    0x0378, 0x0000,
    0x037A, 0xFFFA,
    0x037C, 0x0000,
    0x037E, 0xFFFC,
    0x0380, 0x0000,
    0x0382, 0xFFFA,
    0x0384, 0x0000,
    0x0386, 0x0000,
    0x0388, 0x0000,
    0x038A, 0x0000,
    0x038C, 0x0000,
    0x038E, 0x0000,
    0x0390, 0x0000,
    0x0392, 0x0000,
    0x0394, 0x0000,
    0x0396, 0xFFFA,
    0x0398, 0x0000,
    0x039A, 0xFFFA,
    0x039C, 0x0000,
    0x039E, 0xFFFA,
    0x03A0, 0x0000,
    0x03A2, 0xFFFA,
    0x03A4, 0x0000,
    0x03A6, 0x0000,
    0x03A8, 0x0000,
    0x03AA, 0x0000,
    0x03AC, 0x0000,
    0x03AE, 0x0000,
    0x03B0, 0x0000,
    0x03B2, 0x0000,
    0x03B4, 0x0000,
    0x03B6, 0x0000,
    0x03BA, 0x0000,
    0x03BE, 0x0000,
    0x03C2, 0x0000,
    0x03D6, 0x0000,
    0x03DA, 0x0000,
    0x03DE, 0x0000,
    0x03E2, 0x0000,
    0x03F6, 0x0000,
    0x03FA, 0x0000,
    0x03FE, 0x0000,
    0x0402, 0x0000,
    0x0416, 0x0000,
    0x041A, 0x0000,
    0x041E, 0x0000,
    0x0422, 0x0000,
    0x2270, 0x0204,
    0x25D4, 0x0101,
    0x25FA, 0x2000,
    0x2648, 0x0200,
    0x264A, 0x0400,
    0x264C, 0x0200,
    0x264E, 0x0200,
    0x2660, 0x0202,
    0x2B7E, 0x0100,
    0x2B84, 0x0000,
    0x2BA0, 0x0200,
    0x2BA2, 0x0200,
    0x2BA4, 0x0000,
    0x2BA6, 0x0000,
    0x2BA8, 0x0000,
    0x2BAA, 0x0000,
    0x2BAC, 0x0200,
    0x2BAE, 0x0200,
    0x2BB0, 0x0100,
    0x2BB2, 0x0100,
    0x2BB4, 0x0100,
    0x2BB6, 0x0100,
    0x2BB8, 0x0100,
    0x2BBA, 0x0100,
    0x2BBC, 0x0100,
    0x2BBE, 0x0100,
    0x2BC4, 0x078A,
    0x2BC6, 0x0003,
    0x2BC8, 0x0003,
    0x2BCA, 0xFFFF,
    0x2BCC, 0xFFFF,
    0x2CBE, 0x0101,
    0x2DD6, 0x0101,
    0x2DD8, 0x0602,
    0x2DDC, 0x0204,
    0x2DFE, 0x0105,
    0x2E0E, 0x0000,
    0x2E16, 0x0064,
    0x2E18, 0x0096,
    0x2E1A, 0x0078,
    0x2E1C, 0x0190,
    0x2E1E, 0x0258,
    0x2E20, 0x0320,
    0x3348, 0x0002,
    0x34FE, 0x0400,
    0x350C, 0x000B,
    0x3516, 0x008B,
    0x3518, 0x008C,
    0x351A, 0x0092,
    0x351C, 0x0096,
    0x351E, 0x009D,
    0x3520, 0x00A1,
    0x3522, 0x0053,
    0x3524, 0x006A,
    0x3526, 0x0087,
    0x3528, 0x0090,
    0x352A, 0x0096,
    0x352C, 0x00A4,
    0x352E, 0x00A7,
    0x3530, 0x00AB,
    0x3532, 0x00AE,
    0x3534, 0x00B0,
    0x3536, 0x008B,
    0x3538, 0x008C,
    0x353A, 0x0092,
    0x353C, 0x0096,
    0x353E, 0x009D,
    0x3540, 0x00A1,
    0x3542, 0x0053,
    0x3544, 0x006A,
    0x3546, 0x0087,
    0x3548, 0x0090,
    0x354A, 0x0096,
    0x354C, 0x00A4,
    0x354E, 0x00A7,
    0x3550, 0x00AB,
    0x3552, 0x00AE,
    0x3554, 0x00B0,
    0x3714, 0x0000,
    0x371E, 0x0030,
    0x3720, 0x0035,
    0x3722, 0x0037,
    0x3724, 0x0044,
    0x3726, 0x0047,
    0x3728, 0x0054,
    0x372A, 0x0057,
    0x372C, 0x005B,
    0x372E, 0x005D,
    0x3730, 0x005E,
    0x3732, 0x0060,
    0x3734, 0x0062,
    0x3736, 0x005E,
    0x3738, 0x0064,
    0x373A, 0x0068,
    0x373C, 0x006A,
    0x373E, 0x0030,
    0x3740, 0x0035,
    0x3742, 0x0037,
    0x3744, 0x0044,
    0x3746, 0x0047,
    0x3748, 0x0054,
    0x374A, 0x0057,
    0x374C, 0x005B,
    0x374E, 0x005D,
    0x3750, 0x005E,
    0x3752, 0x0060,
    0x3754, 0x0062,
    0x3756, 0x005E,
    0x3758, 0x0064,
    0x375A, 0x0068,
    0x375C, 0x006A,
    0x391C, 0x0000,
    0x3926, 0x0000,
    0x3928, 0x0000,
    0x392A, 0x0000,
    0x392C, 0x0000,
    0x392E, 0x0000,
    0x3930, 0x0000,
    0x3932, 0x0000,
    0x3946, 0x0000,
    0x3948, 0x0000,
    0x394A, 0x0000,
    0x394C, 0x0000,
    0x394E, 0x0000,
    0x3950, 0x0000,
    0x3952, 0x0000,
    0x3B4C, 0x000F,
    0x4780, 0x0200,
    0x498C, 0x012C,
    0x498E, 0x012C,
    0x4990, 0x012C,
    0x4992, 0x012C,
    0x4994, 0x0190,
    0x4996, 0x0190,
    0x4998, 0x0190,
    0x49B8, 0x0258,
    0x49BA, 0x0258,
    0x49BC, 0x0258,
    0x49CA, 0x0190,
    0x49CC, 0x0190,
    0x49CE, 0x0190,
    0x49DC, 0x01F4,
    0x49DE, 0x01F4,
    0x49E0, 0x01F4,
    0x49E6, 0x005A,
    0x49E8, 0x003C,
    0x49EA, 0x0028,
    0x49EC, 0x0014,
    0x49EE, 0x0004,
    0x49F0, 0x0004,
    0x49F2, 0x0004,
    0x49F8, 0x0064,
    0x49FA, 0x004B,
    0x49FC, 0x0032,
    0x49FE, 0x0019,
    0x4A00, 0x000A,
    0x4A02, 0x000A,
    0x4A04, 0x000A,
    0x4A0A, 0x006E,
    0x4A0C, 0x0050,
    0x4A0E, 0x003C,
    0x4A10, 0x001E,
    0x4A12, 0x0014,
    0x4A14, 0x0014,
    0x4A16, 0x0014,
    0x4A1C, 0x0078,
    0x4A1E, 0x0055,
    0x4A20, 0x0046,
    0x4A22, 0x0023,
    0x4A24, 0x001E,
    0x4A26, 0x001E,
    0x4A28, 0x001E,
    0x4A2E, 0x007D,
    0x4A30, 0x005F,
    0x4A32, 0x004B,
    0x4A34, 0x0032,
    0x4A36, 0x0032,
    0x4A38, 0x0032,
    0x4A3A, 0x0032,
    0x4A40, 0x0082,
    0x4A42, 0x0069,
    0x4A44, 0x0050,
    0x4A46, 0x0050,
    0x4A48, 0x0050,
    0x4A4A, 0x0050,
    0x4A4C, 0x0050,
    0x4A64, 0x0000,
    0x4A66, 0x0000,
    0x4A68, 0x0000,
    0x4A6A, 0x0003,
    0x4A6C, 0x0006,
    0x4A6E, 0x0006,
    0x4A70, 0x0006,
    0x4A76, 0x0000,
    0x4A78, 0x0000,
    0x4A7A, 0x0000,
    0x4A7C, 0x0003,
    0x4A7E, 0x0007,
    0x4A80, 0x0007,
    0x4A82, 0x0007,
    0x4A88, 0x0000,
    0x4A8A, 0x000A,
    0x4A8C, 0x0014,
    0x4A8E, 0x0019,
    0x4A90, 0x001E,
    0x4A92, 0x001E,
    0x4A94, 0x001E,
    0x4B06, 0x0001,
    0x4B08, 0x0001,
    0x4B0A, 0x0001,
    0x4B0C, 0x0000,
    0x4B0E, 0x0000,
    0x4B10, 0x0000,
    0x4B12, 0x0000,
    0x4BA8, 0x003C,
    0x4BAA, 0x0028,
    0x4BAC, 0x0020,
    0x4BAE, 0x0020,
    0x4BB0, 0x000F,
    0x4BB2, 0x000F,
    0x4BB4, 0x000F,
    0x4BCC, 0x0028,
    0x4BCE, 0x000F,
    0x4BD0, 0x000A,
    0x4BD2, 0x000A,
    0x4BD4, 0x0001,
    0x4BD6, 0x0001,
    0x4BD8, 0x0001,
    0x4C02, 0x003C,
    0x4C04, 0x0028,
    0x4C06, 0x0020,
    0x4C08, 0x0020,
    0x4C0A, 0x000F,
    0x4C0C, 0x000F,
    0x4C0E, 0x000F,
    0x4C26, 0x0028,
    0x4C28, 0x000F,
    0x4C2A, 0x000A,
    0x4C2C, 0x000A,
    0x4C2E, 0x0004,
    0x4C30, 0x0004,
    0x4C32, 0x0004,
    0x4C52, 0x044C,
    0x4C54, 0x044C,
    0x4C56, 0x044C,
    0x4CE2, 0x001E,
    0x4CE4, 0x001E,
    0x4CE6, 0x001E,
    0x4DBA, 0x00E6,
    0x4DBC, 0x00E6,
    0x4DBE, 0x00E6,
    0x4DCC, 0x00E6,
    0x4DCE, 0x00E6,
    0x4DD0, 0x00E6,
    0x4DDE, 0x00E6,
    0x4DE0, 0x00E6,
    0x4DE2, 0x00E6,
    0x4E02, 0x0050,
    0x4E04, 0x0050,
    0x4E06, 0x0050,
    0x4F3E, 0x001E,
    0x4F40, 0x001E,
    0x4F42, 0x001E,
    0x4F44, 0x0028,
    0x4F46, 0x0032,
    0x4F48, 0x0032,
    0x4F4A, 0x0032,
    0x4F50, 0x001E,
    0x4F52, 0x001E,
    0x4F54, 0x001E,
    0x4F56, 0x0028,
    0x4F58, 0x0050,
    0x4F5A, 0x0050,
    0x4F5C, 0x0050,
    0x4F62, 0x001E,
    0x4F64, 0x001E,
    0x4F66, 0x001E,
    0x4F68, 0x0028,
    0x4F6A, 0x006E,
    0x4F6C, 0x006E,
    0x4F6E, 0x006E,
    0x4F74, 0x001E,
    0x4F76, 0x001E,
    0x4F78, 0x001E,
    0x4F7A, 0x0028,
    0x4F7C, 0x0082,
    0x4F7E, 0x0082,
    0x4F80, 0x0082,
    0x4F86, 0x0028,
    0x4F88, 0x0028,
    0x4F8A, 0x0028,
    0x4F8C, 0x0032,
    0x4F8E, 0x0082,
    0x4F90, 0x0082,
    0x4F92, 0x0082,
    0x85FA, 0x0000,
    0xFCFC, 0x2002,
    0xDDD6, 0x001F,
    0xDDD8, 0x000C,
    0xDDDA, 0x000C,
    0xDDDC, 0x000C,
    0xDDDE, 0x000C,
    0xDDE0, 0x000C,
    0xDDEC, 0x0000,
    0xDDF6, 0x0100,
    0xDDF8, 0x8000,
    0xDDFA, 0x0216,
    0xDE02, 0x003F,
    0xDE04, 0x0001,
    0xDE06, 0x0F13,
    0xDE08, 0x0F13,
    0xDE0A, 0x000C,
    0xDE0C, 0x000C,
    0xDE0E, 0x0000,
    0xDE16, 0x0003,
    0xDE18, 0x04EF,
    0xDE1C, 0x0001,
    0xDE20, 0x0000,
    0xDE22, 0x0101,
    0xDE24, 0x0000,
    0xDE26, 0x0200,
    0xDE28, 0x0000,
    0xDE2A, 0x0400,
    0xDE2C, 0x0000,
    0xDE2E, 0x0800,
    0xDE30, 0x0000,
    0xDE32, 0x1000,
    0xDE34, 0x0000,
    0xDE36, 0x2000,
    0xDE38, 0x0000,
    0xDE3A, 0x0101,
    0xDE3C, 0x0000,
    0xDE3E, 0x0200,
    0xDE40, 0x0000,
    0xDE42, 0x0400,
    0xDE44, 0x0000,
    0xDE46, 0x0800,
    0xDE48, 0x0000,
    0xDE4A, 0x1000,
    0xDE4C, 0x0000,
    0xDE4E, 0x2000,
    0xDE50, 0x0000,
    0xDE52, 0x0101,
    0xDE54, 0x0000,
    0xDE56, 0x0200,
    0xDE58, 0x0000,
    0xDE5A, 0x0400,
    0xDE5C, 0x0000,
    0xDE5E, 0x0800,
    0xDE60, 0x0000,
    0xDE62, 0x1000,
    0xDE64, 0x0000,
    0xDE66, 0x2000,
    0xDE68, 0x0000,
    0xDE6A, 0x0101,
    0xDE6C, 0x0000,
    0xDE6E, 0x0200,
    0xDE70, 0x0000,
    0xDE72, 0x0400,
    0xDE74, 0x0000,
    0xDE76, 0x0800,
    0xDE78, 0x0000,
    0xDE7A, 0x1000,
    0xDE7C, 0x0000,
    0xDE7E, 0x2000,
    0xDE80, 0x0000,
    0xDE82, 0x0000,
    0xDE84, 0x0000,
    0xDE86, 0x0000,
    0xDE88, 0x0000,
    0xDE8A, 0x0000,
    0xDE8C, 0x0000,
    0xDE8E, 0x0000,
    0xDE90, 0x0000,
    0xDE92, 0x0000,
    0xDE94, 0x0000,
    0xDE96, 0x0000,
    0xDE98, 0x0000,
    0xDE9A, 0x0000,
    0xDE9C, 0x0000,
    0xDE9E, 0x0000,
    0xDEA0, 0x0000,
    0xDEA2, 0x0000,
    0xDEA4, 0x0000,
    0xDEA6, 0x0000,
    0xDEA8, 0x0000,
    0xDEAA, 0x0000,
    0xDEAC, 0x0000,
    0xDEAE, 0x0000,
    0xDEB0, 0x0000,
    0xDEB2, 0x0000,
    0xDEB4, 0x0000,
    0xDEB6, 0x0000,
    0xDEB8, 0x0000,
    0xDEBA, 0x0000,
    0xDEBC, 0x0000,
    0xDEBE, 0x0000,
    0xDEC0, 0x0000,
    0xDEC2, 0x0000,
    0xDEC4, 0x0000,
    0xDEC6, 0x0000,
    0xDEC8, 0x0000,
    0xDECA, 0x0000,
    0xDECC, 0x0000,
    0xDECE, 0x0000,
    0xDED0, 0x0000,
    0xDED2, 0x0000,
    0xDED4, 0x0000,
    0xDED6, 0x0000,
    0xDED8, 0x0000,
    0xDEDA, 0x0000,
    0xDEDC, 0x0000,
    0xDEDE, 0x0000,
    0xDF40, 0x0000,
    0xDF42, 0x01FF,
    0xDF44, 0x0000,
    0xDF46, 0x03FF,
    0xDF48, 0x0000,
    0xDF4A, 0x07FF,
    0xDF4C, 0x0000,
    0xDF4E, 0x0FFF,
    0xDF50, 0x0000,
    0xDF52, 0x1FFF,
    0xDF54, 0x0000,
    0xDF56, 0x4000,
    0xDF58, 0x0000,
    0xDF5A, 0x01FF,
    0xDF5C, 0x0000,
    0xDF5E, 0x03FF,
    0xDF60, 0x0000,
    0xDF62, 0x07FF,
    0xDF64, 0x0000,
    0xDF66, 0x0FFF,
    0xDF68, 0x0000,
    0xDF6A, 0x1FFF,
    0xDF6C, 0x0000,
    0xDF6E, 0x4000,
    0xDF70, 0x0000,
    0xDF72, 0x01FF,
    0xDF74, 0x0000,
    0xDF76, 0x03FF,
    0xDF78, 0x0000,
    0xDF7A, 0x07FF,
    0xDF7C, 0x0000,
    0xDF7E, 0x0FFF,
    0xDF80, 0x0000,
    0xDF82, 0x1FFF,
    0xDF84, 0x0000,
    0xDF86, 0x4000,
    0xDF88, 0x0000,
    0xDF8A, 0x01FF,
    0xDF8C, 0x0000,
    0xDF8E, 0x03FF,
    0xDF90, 0x0000,
    0xDF92, 0x07FF,
    0xDF94, 0x0000,
    0xDF96, 0x0FFF,
    0xDF98, 0x0000,
    0xDF9A, 0x1FFF,
    0xDF9C, 0x0000,
    0xDF9E, 0x4000,
    0xDFA0, 0x0000,
    0xDFA2, 0x0000,
    0xDFA4, 0x0000,
    0xDFA6, 0x0000,
    0xDFA8, 0x0000,
    0xDFAA, 0x0000,
    0xDFAC, 0x0000,
    0xDFAE, 0x0000,
    0xDFB0, 0x0000,
    0xDFB2, 0x0000,
    0xDFB4, 0x0000,
    0xDFB6, 0x0000,
    0xDFB8, 0x0000,
    0xDFBA, 0x0000,
    0xDFBC, 0x0000,
    0xDFBE, 0x0000,
    0xDFC0, 0x0000,
    0xDFC2, 0x0000,
    0xDFC4, 0x0000,
    0xDFC6, 0x0000,
    0xDFC8, 0x0000,
    0xDFCA, 0x0000,
    0xDFCC, 0x0000,
    0xDFCE, 0x0000,
    0xDFD0, 0x0000,
    0xDFD2, 0x0000,
    0xDFD4, 0x0000,
    0xDFD6, 0x0000,
    0xDFD8, 0x0000,
    0xDFDA, 0x0000,
    0xDFDC, 0x0000,
    0xDFDE, 0x0000,
    0xDFE0, 0x0000,
    0xDFE2, 0x0000,
    0xDFE4, 0x0000,
    0xDFE6, 0x0000,
    0xDFE8, 0x0000,
    0xDFEA, 0x0000,
    0xDFEC, 0x0000,
    0xDFEE, 0x0000,
    0xDFF0, 0x0000,
    0xDFF2, 0x0000,
    0xDFF4, 0x0000,
    0xDFF6, 0x0000,
    0xDFF8, 0x0000,
    0xDFFA, 0x0000,
    0xDFFC, 0x0000,
    0xDFFE, 0x0000,
    0xE060, 0x0000,
    0xE06E, 0x2000,
    0xE070, 0x1800,
    0xE072, 0x2020,
    0xE074, 0x1830,
    0xE076, 0xFFFF,
    0xE078, 0xFFFF,
    0xE07A, 0x0000,
    0xFCFC, 0x4000,
    0x0086, 0x0800,
    0x020A, 0x0100,
    0x0228, 0x0100,
    0x0380, 0x0002,
    0x0382, 0x0002,
    0x0384, 0x0002,
    0x0386, 0x0002,
    0x0722, 0x0800,
    0x0900, 0x2222,
    0x0B02, 0x0202,
    0x0B04, 0x0001,
    0x0B06, 0x0101,
    0x0B08, 0x0101,
    0x0B0A, 0x0101,
    0x0B0C, 0x0100,
    0x0BCC, 0x0000,
    0x0BE2, 0x0000,
};

//8192*6144 15fps
static kal_uint16 s5khp5_custom2_setting[] = {
    0xFCFC, 0x2000,
    0x0F8C, 0x0000,
    0x1004, 0x0000,
    0x46F2, 0x0000,
    0x4718, 0xFFFF,
    0x472C, 0x0000,
    0x472E, 0x0000,
    0x4760, 0x0200,
    0x8F40, 0x0702,
    0xA76E, 0x0180,
    0xA770, 0x0200,
    0xA772, 0x0300,
    0xA774, 0x0400,
    0xA776, 0x1B1D,
    0xA778, 0x1F21,
    0xA77A, 0x2224,
    0xA77C, 0x2526,
    0xA77E, 0x2728,
    0xA780, 0x292A,
    0xA782, 0x2B2B,
    0xA784, 0x2C2D,
    0xA786, 0x2D2F,
    0xA788, 0x3132,
    0xA78A, 0x3334,
    0xA78C, 0x3536,
    0xA78E, 0x3638,
    0xA790, 0x3A3A,
    0xA792, 0x3B3D,
    0xA794, 0x3D3E,
    0xA796, 0x3E2C,
    0xB8C4, 0x0000,
    0xFCFC, 0x2001,
    0x10F0, 0x0200,
    0x2C02, 0x0010,
    0x2C04, 0x0010,
    0x2C06, 0x0000,
    0x2DD0, 0x0200,
    0x34BC, 0x013F,
    0x34BE, 0x017F,
    0x34C0, 0x01BF,
    0x34C2, 0x01FF,
    0x34C4, 0x02FF,
    0x34C6, 0x03FF,
    0x34C8, 0x04FF,
    0x34CA, 0x05FF,
    0x34CC, 0x06FF,
    0x34CE, 0x07FF,
    0x34D0, 0x0BFF,
    0x34D2, 0x0FFF,
    0x34D4, 0x17FF,
    0x34D6, 0x1FFF,
    0x34D8, 0x2FFF,
    0xFCFC, 0x4000,
    0x0112, 0x0A0A,
    0x0114, 0x0201,
    0x0118, 0x0004,
    0x011C, 0x0101,
    0x0136, 0x1800,
    0x013E, 0x0000,
    0x0202, 0x0200,
    0x0204, 0x0020,
    0x021E, 0x0000,
    0x0226, 0x0200,
    0x022C, 0x0200,
    0x0260, 0x0001,
    0x0262, 0x0200,
    0x0264, 0x0006,
    0x0270, 0x2B2B,
    0x0272, 0x2B10,
    0x0274, 0x302B,
    0x0304, 0x0003,
    0x0306, 0x00F0,
    0x030C, 0x0000,
    0x030E, 0x0003,
    0x0310, 0x00BA,
    0x0312, 0x0000,
    0x031A, 0x0003,
    0x031C, 0x0028,
    0x031E, 0x0002,
    0x0340, 0x2A74,
    0x0342, 0x2E00,
    0x0344, 0x0000,
    0x0346, 0x0020,
    0x0348, 0x403E,
    0x034A, 0x305E,
    0x034C, 0x2000,
    0x034E, 0x1800,
    0x0350, 0x0010,
    0x0352, 0x0010,
    0x0720, 0x0000,
    0x0724, 0x0000,
    0x072C, 0x0800,
    0x072E, 0x0300,
    0x081C, 0x1015,
    0x081E, 0x0F00,
    0x0BCA, 0x0101,
    0xFCFC, 0x2000,
    0x0E90, 0x0803,
    0x0E92, 0x0803,
    0x0E94, 0x0803,
    0x0E96, 0x0803,
    0x0F64, 0x0040,
    0x34BA, 0x0000,
    0x34BC, 0x0004,
    0x3512, 0xFA36,
    0x3514, 0xFB0E,
    0x3552, 0x0000,
    0x3554, 0x0000,
    0x3E14, 0x0101,
    0x3E16, 0x0100,
    0x3E1E, 0x01FF,
    0x3E20, 0x01FF,
    0x3E22, 0x00FF,
    0x3E24, 0x003F,
    0x3E30, 0x0200,
    0x3E32, 0x0200,
    0x3E34, 0x0100,
    0x3E36, 0x0040,
    0x4114, 0x0008,
    0x4116, 0x0040,
    0x4118, 0x4000,
    0x411A, 0xFA28,
    0x411C, 0xA8B1,
    0x411E, 0xA0B1,
    0x4120, 0x4000,
    0x4122, 0xFA2C,
    0x4124, 0x0002,
    0x4126, 0x0003,
    0x4128, 0x4000,
    0x412A, 0xFC1E,
    0x41B4, 0x000C,
    0x41B6, 0x0000,
    0x41B8, 0x4000,
    0x41BA, 0xFAB2,
    0x41BC, 0x000C,
    0x41BE, 0x0000,
    0x41C0, 0x4000,
    0x41C2, 0xFAB4,
    0x4254, 0x06DB,
    0x4256, 0x06C9,
    0x4258, 0x4000,
    0x425A, 0xFA12,
    0x42F4, 0x01D5,
    0x42F6, 0x01F9,
    0x42F8, 0x4000,
    0x42FA, 0xF470,
    0x42FC, 0x01D5,
    0x42FE, 0x01F9,
    0x4300, 0x4000,
    0x4302, 0xF478,
    0x46F0, 0x0101,
    0x47C2, 0x0101,
    0x485A, 0x0102,
    0x487C, 0x0004,
    0x4882, 0x0004,
    0x489A, 0x0004,
    0x48A0, 0x0004,
    0x48B8, 0x0012,
    0x48BE, 0x0014,
    0x48D6, 0x0014,
    0x48DC, 0x000C,
    0x48F4, 0x0012,
    0x48FA, 0x0014,
    0x4918, 0x0100,
    0x491A, 0x0000,
    0x49D0, 0x0000,
    0x49D4, 0x2214,
    0x49DA, 0x1422,
    0x49E6, 0x2118,
    0x49EC, 0x1821,
    0x49F8, 0x9090,
    0x4A58, 0x0030,
    0x4A5A, 0xFFF1,
    0x4A5C, 0x0004,
    0x4A5E, 0x00C8,
    0x4A60, 0x0001,
    0x4A62, 0x0001,
    0x4A64, 0x0030,
    0x4A66, 0x001B,
    0x4A68, 0x0007,
    0x4A6A, 0x0015,
    0x4A6C, 0x0018,
    0x4A6E, 0x0006,
    0x4A70, 0x0006,
    0x4A72, 0x0019,
    0x4A90, 0xFFF9,
    0x4A92, 0xFFFA,
    0x4A94, 0xFFFF,
    0x4A96, 0x0005,
    0x4A98, 0x0010,
    0x4A9A, 0x0010,
    0x4A9C, 0xFFFC,
    0x4A9E, 0x0048,
    0x4AA0, 0x0020,
    0x4AA2, 0x0000,
    0x4AA4, 0x000E,
    0x4AA6, 0x0007,
    0x4AA8, 0x0007,
    0x4AAA, 0x0048,
    0x4AAC, 0xFFF3,
    0x4AB0, 0x0000,
    0x4AB8, 0xFFFC,
    0x4ABA, 0x0048,
    0x4ABE, 0xFFF9,
    0x4AC0, 0x000E,
    0x4AC2, 0x001E,
    0x4AC4, 0x002E,
    0x4AC6, 0x0048,
    0x4AD4, 0xFFFC,
    0x4AE2, 0x0048,
    0x4AE4, 0x0021,
    0x4AE6, 0x0010,
    0x4AE8, 0x000D,
    0x4AEA, 0x0010,
    0x4AEC, 0x0010,
    0x4AEE, 0x0010,
    0x4AF0, 0x0016,
    0x4AF2, 0x001A,
    0x4AF4, 0x0008,
    0x4AF6, 0x0001,
    0x4AF8, 0x0004,
    0x4AFA, 0x0008,
    0x4AFC, 0x0008,
    0x4AFE, 0x0018,
    0x4B54, 0x0021,
    0x4B56, 0x0010,
    0x4B58, 0x000D,
    0x4B5A, 0x0010,
    0x4B5C, 0x0010,
    0x4B5E, 0x0010,
    0x4B60, 0x0016,
    0x4B62, 0x001A,
    0x4B64, 0x0008,
    0x4B66, 0x0001,
    0x4B68, 0x0004,
    0x4B6A, 0x0008,
    0x4B6C, 0x0008,
    0x4B6E, 0x0018,
    0x4BC4, 0x0021,
    0x4BC6, 0x0010,
    0x4BC8, 0x000D,
    0x4BCA, 0x0010,
    0x4BCC, 0x0010,
    0x4BCE, 0x0010,
    0x4BD0, 0x0016,
    0x4BD2, 0x001A,
    0x4BD4, 0x0008,
    0x4BD6, 0x0001,
    0x4BD8, 0x0004,
    0x4BDA, 0x0008,
    0x4BDC, 0x0008,
    0x4BDE, 0x0018,
    0x4BE0, 0x0008,
    0x4BE2, 0x0003,
    0x4BE4, 0x000A,
    0x4BE6, 0x0008,
    0x4BE8, 0x0003,
    0x4BEA, 0x0003,
    0x4BEC, 0x0005,
    0x4BEE, 0x0060,
    0x4BF0, 0x004B,
    0x4BF2, 0x004B,
    0x4BF4, 0x0060,
    0x4BF6, 0x0060,
    0x4BF8, 0x0060,
    0x4BFA, 0x0060,
    0x4C08, 0x0060,
    0x4C16, 0x0060,
    0x4C40, 0x0000,
    0x4C42, 0x0000,
    0x4C44, 0x0001,
    0x4C46, 0x0006,
    0x4C48, 0x0014,
    0x4C4A, 0x0014,
    0x4C4C, 0x0014,
    0x4C4E, 0x0000,
    0x4C5C, 0x0002,
    0x4C6C, 0x0004,
    0x4C6E, 0x0001,
    0x4C70, 0x0004,
    0x4C72, 0x0007,
    0x4C74, 0x0004,
    0x4C76, 0x0004,
    0x4C78, 0x0004,
    0x4C7A, 0x0001,
    0x4C7C, 0xFFD0,
    0x4C7E, 0xFFE0,
    0x4C80, 0xFFDE,
    0x4C82, 0xFFCE,
    0x4C84, 0xFFCE,
    0x4C86, 0x0001,
    0x4C88, 0x0000,
    0x4C8A, 0x0000,
    0x4C8C, 0x0006,
    0x4C8E, 0x0006,
    0x4C90, 0x0006,
    0x4C92, 0x0006,
    0x4C94, 0x0000,
    0x4C96, 0x0000,
    0x4C98, 0xFFE0,
    0x4C9A, 0x0000,
    0x4C9C, 0xFFFD,
    0x4C9E, 0xFFFF,
    0x4CA0, 0xFFFF,
    0x4CA2, 0x0000,
    0x4CAA, 0x0006,
    0x4CB0, 0x0000,
    0x4CB2, 0x0000,
    0x4CB6, 0x0011,
    0x4CB8, 0x0006,
    0x4CBA, 0xFFCA,
    0x4CBC, 0xFFBA,
    0x4CBE, 0x0000,
    0x4CCC, 0x0000,
    0x4CDA, 0x0000,
    0x4CDC, 0x0002,
    0x4CDE, 0x0001,
    0x4CE0, 0x0001,
    0x4CE2, 0x0004,
    0x4CE4, 0x0001,
    0x4CE6, 0x0001,
    0x4CE8, 0x0002,
    0x4CEA, 0x000A,
    0x4CEC, 0x0040,
    0x4CEE, 0x0040,
    0x4CF0, 0x0040,
    0x4CF2, 0x0040,
    0x4CF4, 0x0040,
    0x4CF6, 0x000A,
    0x4CF8, 0x0002,
    0x4CFA, 0x0001,
    0x4CFC, 0x0001,
    0x4CFE, 0x0004,
    0x4D00, 0x0001,
    0x4D02, 0x0001,
    0x4D04, 0x0002,
    0x4D06, 0x000A,
    0x4D08, 0x0040,
    0x4D0A, 0x0040,
    0x4D0C, 0x0040,
    0x4D0E, 0x0040,
    0x4D10, 0x0040,
    0x4D12, 0x000A,
    0x4D14, 0x0002,
    0x4D16, 0x0001,
    0x4D18, 0x0001,
    0x4D1A, 0x0004,
    0x4D1C, 0x0001,
    0x4D1E, 0x0001,
    0x4D20, 0x0002,
    0x4D22, 0x000A,
    0x4D24, 0x0040,
    0x4D26, 0x0040,
    0x4D28, 0x0040,
    0x4D2A, 0x0040,
    0x4D2C, 0x0040,
    0x4D2E, 0x000A,
    0x4D74, 0x0000,
    0x4D82, 0x0000,
    0x4DF4, 0x0000,
    0x4DF6, 0x0305,
    0x4DF8, 0x0000,
    0x4DFA, 0x0004,
    0x4DFC, 0x0004,
    0x4DFE, 0x0000,
    0x4E00, 0x0000,
    0x4E04, 0x0053,
    0x4E06, 0x0053,
    0x4E08, 0x0053,
    0x4E0A, 0x0053,
    0x4E0C, 0x0053,
    0x4E0E, 0x0053,
    0x4E2C, 0x000F,
    0x4E2E, 0x012F,
    0x4E30, 0x019A,
    0x4E32, 0x01E8,
    0x4E34, 0x0351,
    0x4E36, 0x064F,
    0x4E38, 0x000F,
    0x4E3C, 0x004B,
    0x4E3E, 0x0060,
    0x4E40, 0x0060,
    0x4E42, 0x0060,
    0x4E44, 0x0060,
    0x4E46, 0x0030,
    0x4E48, 0x000F,
    0x4E4A, 0x012F,
    0x4E4C, 0x019A,
    0x4E4E, 0x01E8,
    0x4E50, 0x0351,
    0x4E52, 0x064F,
    0x4E54, 0x000F,
    0x4E58, 0x004B,
    0x4E5A, 0x0060,
    0x4E5C, 0x0060,
    0x4E5E, 0x0060,
    0x4E60, 0x0060,
    0x4E62, 0x0030,
    0x4E9A, 0x0000,
    0x4EB6, 0x0008,
    0x4EE0, 0x000A,
    0x4EFC, 0x0018,
    0x4F1A, 0x0002,
    0x4F1C, 0x001A,
    0x4F1E, 0x0028,
    0x4F20, 0x0001,
    0x4F22, 0x0064,
    0x4F24, 0x0064,
    0x4F26, 0x0002,
    0x4F28, 0x008A,
    0x4F2A, 0x0054,
    0x4F2C, 0x0080,
    0x4F2E, 0x0342,
    0x4F30, 0x0080,
    0x4F32, 0x0080,
    0x4F34, 0x008A,
    0x4F36, 0x0088,
    0x4F38, 0x0052,
    0x4F3A, 0x007E,
    0x4F3C, 0x0340,
    0x4F3E, 0x007E,
    0x4F40, 0x007E,
    0x4F42, 0x0088,
    0x4F52, 0x0004,
    0x4F60, 0x000A,
    0x4F6E, 0x0004,
    0x4F70, 0x0008,
    0x4F72, 0x0008,
    0x4F74, 0x0008,
    0x4F76, 0x0008,
    0x4F78, 0x0008,
    0x4F7A, 0x0004,
    0x4F7C, 0x000A,
    0x4F7E, 0x0008,
    0x4F80, 0x0019,
    0x4F82, 0x0008,
    0x4F84, 0x0008,
    0x4F86, 0x0008,
    0x4F88, 0x000A,
    0x50BE, 0x001B,
    0x50C0, 0x0024,
    0x50C2, 0x0004,
    0x50C4, 0x00F0,
    0x50C6, 0x0019,
    0x50C8, 0x0019,
    0x50CA, 0x0010,
    0x50CC, 0x0021,
    0x50CE, 0x0005,
    0x50D0, 0x0002,
    0x50D2, 0x00F6,
    0x50D4, 0x0008,
    0x50D6, 0x0008,
    0x50D8, 0x0016,
    0x50E0, 0x0104,
    0x50E6, 0x0016,
    0x50E8, 0x000F,
    0x50EC, 0x0008,
    0x50EE, 0x0008,
    0x50F0, 0x0008,
    0x50F2, 0x0008,
    0x50F4, 0x000F,
    0x5118, 0x0005,
    0x5126, 0x000F,
    0x51FE, 0x0005,
    0x520C, 0x000A,
    0x5214, 0x0007,
    0x521A, 0x0005,
    0x527E, 0x0003,
    0x528C, 0x0010,
    0x528E, 0x0016,
    0x5290, 0x0016,
    0x5292, 0x0016,
    0x5294, 0x0016,
    0x5296, 0x0016,
    0x5298, 0x0015,
    0x529E, 0x0024,
    0x52A0, 0x0029,
    0x52A2, 0x0027,
    0x52A4, 0x0027,
    0x52A6, 0x002D,
    0x52B6, 0x0032,
    0x52B8, 0x0035,
    0x52BA, 0x0034,
    0x52BC, 0x0036,
    0x52BE, 0x0036,
    0x52C0, 0x0036,
    0x52C2, 0x0037,
    0x5500, 0x00C7,
    0x5554, 0x00C7,
    0x578A, 0x0002,
    0x578C, 0x000A,
    0x578E, 0x0004,
    0x5790, 0x0004,
    0x5792, 0x001F,
    0x57CC, 0x005E,
    0x57CE, 0x003E,
    0x57D0, 0x0084,
    0x57D2, 0x0154,
    0x57D4, 0x0100,
    0x57D6, 0x0100,
    0x57D8, 0x0070,
    0x57E6, 0x0115,
    0x57E8, 0x0089,
    0x57EC, 0x003B,
    0x57EE, 0x0078,
    0x57F0, 0x0088,
    0x57F2, 0x0088,
    0x57F4, 0x00C6,
    0x5804, 0x0089,
    0x5806, 0x00A9,
    0x5808, 0x0104,
    0x580A, 0x01E4,
    0x580C, 0x0158,
    0x580E, 0x0158,
    0x5810, 0x00C6,
    0x581A, 0x00F0,
    0x581C, 0x00E0,
    0x581E, 0x00C6,
    0x629E, 0x0000,
    0x62AC, 0x0000,
    0x65AE, 0x017C,
    0x65BC, 0x01C1,
    0x65F6, 0x0000,
    0x65FA, 0x8000,
    0x65FC, 0x8000,
    0x65FE, 0x8000,
    0x6600, 0x8000,
    0x6604, 0x0000,
    0x6608, 0x8000,
    0x660A, 0x8000,
    0x660C, 0x8000,
    0x660E, 0x8000,
    0x8F42, 0x0000,
    0x8F72, 0x0600,
    0x8F7E, 0x0017,
    0x8F80, 0x1714,
    0x8F82, 0x0B0B,
    0x8F84, 0x0B0B,
    0x8F8C, 0x0004,
    0x8F8E, 0x040C,
    0x8F90, 0x0B0B,
    0x8F92, 0x0B0B,
    0x8F9A, 0x0001,
    0x8F9C, 0x0100,
    0x8F9E, 0x0101,
    0x8FA0, 0x0101,
    0x8FA8, 0x0001,
    0x8FAA, 0x0100,
    0x8FAC, 0x0101,
    0x8FAE, 0x0101,
    0x8FB6, 0x0090,
    0x8FB8, 0x0B09,
    0x8FBA, 0x0B0B,
    0x8FBC, 0x0B0B,
    0x8FC4, 0x0090,
    0x8FC6, 0x9005,
    0x8FC8, 0x9090,
    0x8FCA, 0x9090,
    0x8FD0, 0x0087,
    0x8FD2, 0x0082,
    0x8FD4, 0xF7DD,
    0x8FD6, 0xF105,
    0x8FD8, 0x3008,
    0x8FDA, 0x00FF,
    0x8FDC, 0x03FF,
    0x8FDE, 0x1901,
    0x8FE0, 0x06C9,
    0x8FE2, 0x0249,
    0x8FE4, 0x0249,
    0x8FE6, 0x0010,
    0x8FE8, 0x0449,
    0x8FEA, 0x0790,
    0x8FF6, 0x0D0D,
    0x8FF8, 0x050D,
    0x8FFA, 0x0D0D,
    0x8FFC, 0x0D0D,
    0x8FFE, 0x0D05,
    0x9000, 0x0D0D,
    0x9002, 0x0D0D,
    0x9066, 0x80F5,
    0x9996, 0xA6F1,
    0x9998, 0x472C,
    0x999A, 0xA8B1,
    0x999C, 0x0000,
    0x999E, 0x0044,
    0x9D50, 0x013F,
    0x9D54, 0x0000,
    0x9D56, 0x01FF,
    0x9D58, 0xFFFF,
    0x9DD4, 0x4000,
    0x9DD6, 0xFA9E,
    0x9DD8, 0x4000,
    0x9DDA, 0xFAA0,
    0x9DE4, 0x0A06,
    0x9DE6, 0x0A06,
    0x9E60, 0x0A06,
    0x9E62, 0x0A06,
    0x9E64, 0x0A06,
    0x9EDE, 0x0A06,
    0xA0A8, 0x0000,
    0xA0EE, 0x0100,
    0xA15C, 0x0002,
    0xA1C4, 0xBC76,
    0xA1D2, 0xFE00,
    0xA4FE, 0x0011,
    0xA50C, 0x0028,
    0xA512, 0x0000,
    0xA514, 0x0000,
    0xA516, 0x0140,
    0xA51E, 0x0000,
    0xA520, 0x001E,
    0xA522, 0x001E,
    0xA52E, 0x0000,
    0xA530, 0x0000,
    0xA53C, 0x000B,
    0xA53E, 0x0000,
    0xA540, 0x0000,
    0xA542, 0x0000,
    0xA54A, 0x0000,
    0xA54C, 0x0001,
    0xA54E, 0x0001,
    0xA550, 0x0001,
    0xA558, 0x0001,
    0xA55A, 0x0000,
    0xA734, 0x0000,
    0xA736, 0x0022,
    0xA738, 0x0024,
    0xA73A, 0x0026,
    0xA73C, 0x0028,
    0xA73E, 0x002A,
    0xA740, 0x002C,
    0xA742, 0x002E,
    0xA744, 0x0030,
    0xA746, 0x0032,
    0xA748, 0x0034,
    0xA74A, 0x0036,
    0xA74C, 0x0038,
    0xA74E, 0x003A,
    0xA750, 0x003C,
    0xA752, 0x003E,
    0xA754, 0x0040,
    0xA756, 0x0048,
    0xA758, 0x0050,
    0xA75A, 0x0058,
    0xA75C, 0x0060,
    0xA75E, 0x0068,
    0xA760, 0x0070,
    0xA762, 0x0078,
    0xA764, 0x0080,
    0xA766, 0x00A0,
    0xA768, 0x00C0,
    0xA76A, 0x00E0,
    0xA76C, 0x0100,
    0xA9E0, 0x8844,
    0xAA00, 0x0000,
    0xB252, 0x0202,
    0xB254, 0x0200,
    0xB264, 0x0001,
    0xB390, 0x0202,
    0xB39C, 0x1000,
    0xB3DC, 0x0600,
    0xB3DE, 0x0000,
    0xB3EE, 0x0600,
    0xB3F0, 0x0101,
    0xB57A, 0x0010,
    0xB57C, 0x0010,
    0xB8C0, 0x0011,
    0xB8C2, 0x000D,
    0xB8C6, 0x0B08,
    0xC880, 0x0100,
    0xC890, 0x003F,
    0xC892, 0x0012,
    0xC896, 0x5161,
    0xC89A, 0x0001,
    0xC89C, 0x0030,
    0xC89E, 0x0004,
    0xE8A2, 0x0040,
    0xE8A4, 0x0030,
    0xE8A8, 0x0000,
    0xE8AA, 0x5165,
    0xFF64, 0x0002,
    0xFF6A, 0x1000,
    0xFF6C, 0x1000,
    0xFF72, 0x1000,
    0xFF74, 0x1000,
    0xFF7A, 0x1000,
    0xFF7C, 0x1000,
    0xFF82, 0x1000,
    0xFF84, 0x1000,
    0xFF8A, 0x1000,
    0xFF8C, 0x1000,
    0xFF92, 0x1000,
    0xFF94, 0x1000,
    0xFF9A, 0x1000,
    0xFF9C, 0x1000,
    0xFFA2, 0x1000,
    0xFFA4, 0x1000,
    0xFFAA, 0x1000,
    0xFFAC, 0x1006,
    0xFFB2, 0x0FFA,
    0xFFB4, 0x0FFA,
    0xFFBA, 0x1000,
    0xFFBC, 0x1000,
    0xFFC2, 0x100A,
    0xFFC4, 0x100A,
    0xFFCA, 0x1008,
    0xFFCC, 0x1008,
    0xFFD2, 0x1008,
    0xFFD4, 0x1008,
    0xFFDA, 0x1000,
    0xFFDC, 0x1000,
    0xFFE2, 0x1000,
    0xFFE4, 0x1000,
    0xFFEA, 0x1000,
    0xFFEC, 0x1000,
    0xFFF2, 0x1000,
    0xFFF4, 0x1000,
    0xFFFA, 0x1000,
    0xFCFC, 0x4000,
    0x6028, 0x2000,
    0x602A, 0xFFFC,
    0x6F12, 0x1000,
    0xFCFC, 0x2001,
    0x0002, 0x1000,
    0x0004, 0x1000,
    0x000A, 0x1000,
    0x000C, 0x1000,
    0x0012, 0x1000,
    0x0014, 0x1000,
    0x001A, 0x1000,
    0x001C, 0x1000,
    0x0022, 0x1000,
    0x0024, 0x1000,
    0x002A, 0x0000,
    0x002C, 0x0000,
    0x0032, 0x0000,
    0x0034, 0x0000,
    0x003A, 0x0000,
    0x003C, 0x0000,
    0x0042, 0x0000,
    0x0044, 0x0000,
    0x004A, 0x0000,
    0x004C, 0x0000,
    0x0052, 0x0000,
    0x0054, 0x0000,
    0x005A, 0x0000,
    0x005C, 0x0000,
    0x0062, 0x0000,
    0x0064, 0x0000,
    0x006A, 0x0000,
    0x006C, 0x0000,
    0x0072, 0x0000,
    0x0074, 0x0000,
    0x007A, 0x0000,
    0x007C, 0x0000,
    0x0082, 0x0000,
    0x0084, 0x0000,
    0x008A, 0x0000,
    0x008C, 0x0000,
    0x0092, 0x0000,
    0x0094, 0x0000,
    0x009A, 0x0000,
    0x009C, 0x0000,
    0x00A2, 0x0000,
    0x00A4, 0x0000,
    0x00AA, 0x0000,
    0x00AC, 0x0000,
    0x00B2, 0x0000,
    0x00B4, 0x0000,
    0x00BA, 0x0000,
    0x00BC, 0x0000,
    0x00C2, 0x0000,
    0x00C4, 0x0000,
    0x00CA, 0x0000,
    0x00CC, 0x0000,
    0x00D2, 0x0000,
    0x00D4, 0x0000,
    0x00DA, 0x0000,
    0x00DC, 0x0000,
    0x00E2, 0x0000,
    0x00E4, 0x0000,
    0x01B4, 0x0600,
    0x01B6, 0x0000,
    0x01BA, 0x0000,
    0x01BE, 0x0000,
    0x01C2, 0x0000,
    0x01D6, 0x0000,
    0x01DA, 0x0000,
    0x01DE, 0x0000,
    0x01E2, 0x0000,
    0x01F6, 0x0000,
    0x01FA, 0x0000,
    0x01FE, 0x0000,
    0x0202, 0x0000,
    0x0216, 0x0000,
    0x021A, 0x0000,
    0x021E, 0x0000,
    0x0222, 0x0000,
    0x0236, 0x0000,
    0x023A, 0x0000,
    0x023E, 0x0000,
    0x0242, 0x0000,
    0x0256, 0x0000,
    0x025A, 0x0000,
    0x025E, 0x0000,
    0x0262, 0x0000,
    0x0276, 0x0000,
    0x027A, 0x0000,
    0x027E, 0x0000,
    0x0282, 0x0000,
    0x0296, 0x0000,
    0x029A, 0x0000,
    0x029E, 0x0000,
    0x02A2, 0x0000,
    0x0336, 0xFFFC,
    0x0338, 0x0000,
    0x033A, 0xFFFA,
    0x033C, 0x0000,
    0x033E, 0xFFFE,
    0x0340, 0x0000,
    0x0342, 0xFFFA,
    0x0344, 0x0000,
    0x0346, 0x0000,
    0x0348, 0x0000,
    0x034A, 0x0000,
    0x034C, 0x0000,
    0x034E, 0x0000,
    0x0350, 0x0000,
    0x0352, 0x0000,
    0x0354, 0x0000,
    0x0356, 0xFFFA,
    0x0358, 0x0000,
    0x035A, 0xFFFA,
    0x035C, 0x0000,
    0x035E, 0xFFFA,
    0x0360, 0x0000,
    0x0362, 0xFFFA,
    0x0364, 0x0000,
    0x0366, 0x0000,
    0x0368, 0x0000,
    0x036A, 0x0000,
    0x036C, 0x0000,
    0x036E, 0x0000,
    0x0370, 0x0000,
    0x0372, 0x0000,
    0x0374, 0x0000,
    0x0376, 0xFFFC,
    0x0378, 0x0000,
    0x037A, 0xFFFA,
    0x037C, 0x0000,
    0x037E, 0xFFFE,
    0x0380, 0x0000,
    0x0382, 0xFFFA,
    0x0384, 0x0000,
    0x0386, 0x0000,
    0x0388, 0x0000,
    0x038A, 0x0000,
    0x038C, 0x0000,
    0x038E, 0x0000,
    0x0390, 0x0000,
    0x0392, 0x0000,
    0x0394, 0x0000,
    0x0396, 0xFFFA,
    0x0398, 0x0000,
    0x039A, 0xFFFA,
    0x039C, 0x0000,
    0x039E, 0xFFFA,
    0x03A0, 0x0000,
    0x03A2, 0xFFFA,
    0x03A4, 0x0000,
    0x03A6, 0x0000,
    0x03A8, 0x0000,
    0x03AA, 0x0000,
    0x03AC, 0x0000,
    0x03AE, 0x0000,
    0x03B0, 0x0000,
    0x03B2, 0x0000,
    0x03B4, 0x0000,
    0x03B6, 0x0000,
    0x03BA, 0x0000,
    0x03BE, 0x0000,
    0x03C2, 0x0000,
    0x03D6, 0x0000,
    0x03DA, 0x0000,
    0x03DE, 0x0000,
    0x03E2, 0x0000,
    0x03F6, 0x0000,
    0x03FA, 0x0000,
    0x03FE, 0x0000,
    0x0402, 0x0000,
    0x0416, 0x0000,
    0x041A, 0x0000,
    0x041E, 0x0000,
    0x0422, 0x0000,
    0x2270, 0x0204,
    0x25D4, 0x0101,
    0x25FA, 0x2000,
    0x2648, 0x0200,
    0x264A, 0x0400,
    0x264C, 0x0200,
    0x264E, 0x0200,
    0x2660, 0x0202,
    0x2B7E, 0x0100,
    0x2B84, 0x0000,
    0x2BA0, 0x0200,
    0x2BA2, 0x0200,
    0x2BA4, 0x0000,
    0x2BA6, 0x0000,
    0x2BA8, 0x0000,
    0x2BAA, 0x0000,
    0x2BAC, 0x0200,
    0x2BAE, 0x0200,
    0x2BB0, 0x0100,
    0x2BB2, 0x0100,
    0x2BB4, 0x0100,
    0x2BB6, 0x0100,
    0x2BB8, 0x0100,
    0x2BBA, 0x0100,
    0x2BBC, 0x0100,
    0x2BBE, 0x0100,
    0x2BC4, 0x078A,
    0x2BC6, 0x0003,
    0x2BC8, 0x0003,
    0x2BCA, 0xFFFF,
    0x2BCC, 0xFFFF,
    0x2CBE, 0x0101,
    0x2DD6, 0x0101,
    0x2DD8, 0x0602,
    0x2DDC, 0x0204,
    0x2DFE, 0x0105,
    0x2E0E, 0x0000,
    0x2E16, 0x0064,
    0x2E18, 0x0096,
    0x2E1A, 0x0078,
    0x2E1C, 0x0190,
    0x2E1E, 0x0258,
    0x2E20, 0x0320,
    0x3348, 0x0002,
    0x34FE, 0x0400,
    0x350C, 0x000B,
    0x3516, 0x007E,
    0x3518, 0x0082,
    0x351A, 0x008A,
    0x351C, 0x008C,
    0x351E, 0x0098,
    0x3520, 0x009C,
    0x3522, 0x0053,
    0x3524, 0x006A,
    0x3526, 0x0087,
    0x3528, 0x0090,
    0x352A, 0x0096,
    0x352C, 0x00A4,
    0x352E, 0x00A7,
    0x3530, 0x00AB,
    0x3532, 0x00AE,
    0x3534, 0x00B0,
    0x3536, 0x007E,
    0x3538, 0x0082,
    0x353A, 0x008A,
    0x353C, 0x008C,
    0x353E, 0x0098,
    0x3540, 0x009C,
    0x3542, 0x0053,
    0x3544, 0x006A,
    0x3546, 0x0087,
    0x3548, 0x0090,
    0x354A, 0x0096,
    0x354C, 0x00A4,
    0x354E, 0x00A7,
    0x3550, 0x00AB,
    0x3552, 0x00AE,
    0x3554, 0x00B0,
    0x3714, 0x0000,
    0x371E, 0x0030,
    0x3720, 0x0035,
    0x3722, 0x0037,
    0x3724, 0x0044,
    0x3726, 0x0047,
    0x3728, 0x0054,
    0x372A, 0x0057,
    0x372C, 0x005B,
    0x372E, 0x005D,
    0x3730, 0x005E,
    0x3732, 0x0060,
    0x3734, 0x0062,
    0x3736, 0x005E,
    0x3738, 0x0064,
    0x373A, 0x0068,
    0x373C, 0x006A,
    0x373E, 0x0030,
    0x3740, 0x0035,
    0x3742, 0x0037,
    0x3744, 0x0044,
    0x3746, 0x0047,
    0x3748, 0x0054,
    0x374A, 0x0057,
    0x374C, 0x005B,
    0x374E, 0x005D,
    0x3750, 0x005E,
    0x3752, 0x0060,
    0x3754, 0x0062,
    0x3756, 0x005E,
    0x3758, 0x0064,
    0x375A, 0x0068,
    0x375C, 0x006A,
    0x391C, 0x0000,
    0x3926, 0x0000,
    0x3928, 0x0000,
    0x392A, 0x0000,
    0x392C, 0x0000,
    0x392E, 0x0000,
    0x3930, 0x0000,
    0x3932, 0x0000,
    0x3946, 0x0000,
    0x3948, 0x0000,
    0x394A, 0x0000,
    0x394C, 0x0000,
    0x394E, 0x0000,
    0x3950, 0x0000,
    0x3952, 0x0000,
    0x3B4C, 0x000F,
    0x4780, 0x0200,
    0x498C, 0x012C,
    0x498E, 0x012C,
    0x4990, 0x012C,
    0x4992, 0x012C,
    0x4994, 0x0190,
    0x4996, 0x0190,
    0x4998, 0x0190,
    0x49B8, 0x0258,
    0x49BA, 0x0258,
    0x49BC, 0x0258,
    0x49CA, 0x0190,
    0x49CC, 0x0190,
    0x49CE, 0x0190,
    0x49DC, 0x01F4,
    0x49DE, 0x01F4,
    0x49E0, 0x01F4,
    0x49E6, 0x005A,
    0x49E8, 0x003C,
    0x49EA, 0x0028,
    0x49EC, 0x0014,
    0x49EE, 0x0004,
    0x49F0, 0x0004,
    0x49F2, 0x0004,
    0x49F8, 0x0064,
    0x49FA, 0x004B,
    0x49FC, 0x0032,
    0x49FE, 0x0019,
    0x4A00, 0x000A,
    0x4A02, 0x000A,
    0x4A04, 0x000A,
    0x4A0A, 0x006E,
    0x4A0C, 0x0050,
    0x4A0E, 0x003C,
    0x4A10, 0x001E,
    0x4A12, 0x0014,
    0x4A14, 0x0014,
    0x4A16, 0x0014,
    0x4A1C, 0x0078,
    0x4A1E, 0x0055,
    0x4A20, 0x0046,
    0x4A22, 0x0023,
    0x4A24, 0x001E,
    0x4A26, 0x001E,
    0x4A28, 0x001E,
    0x4A2E, 0x007D,
    0x4A30, 0x005F,
    0x4A32, 0x004B,
    0x4A34, 0x0032,
    0x4A36, 0x0032,
    0x4A38, 0x0032,
    0x4A3A, 0x0032,
    0x4A40, 0x0082,
    0x4A42, 0x0069,
    0x4A44, 0x0050,
    0x4A46, 0x0050,
    0x4A48, 0x0050,
    0x4A4A, 0x0050,
    0x4A4C, 0x0050,
    0x4A64, 0x0000,
    0x4A66, 0x0000,
    0x4A68, 0x0000,
    0x4A6A, 0x0003,
    0x4A6C, 0x0006,
    0x4A6E, 0x0006,
    0x4A70, 0x0006,
    0x4A76, 0x0000,
    0x4A78, 0x0000,
    0x4A7A, 0x0000,
    0x4A7C, 0x0003,
    0x4A7E, 0x0007,
    0x4A80, 0x0007,
    0x4A82, 0x0007,
    0x4A88, 0x0000,
    0x4A8A, 0x000A,
    0x4A8C, 0x0014,
    0x4A8E, 0x0019,
    0x4A90, 0x001E,
    0x4A92, 0x001E,
    0x4A94, 0x001E,
    0x4B06, 0x0001,
    0x4B08, 0x0001,
    0x4B0A, 0x0001,
    0x4B0C, 0x0000,
    0x4B0E, 0x0000,
    0x4B10, 0x0000,
    0x4B12, 0x0000,
    0x4BA8, 0x003C,
    0x4BAA, 0x0006,
    0x4BAC, 0x0006,
    0x4BAE, 0x0006,
    0x4BB0, 0x0006,
    0x4BB2, 0x0006,
    0x4BB4, 0x0006,
    0x4BCC, 0x0028,
    0x4BCE, 0x0001,
    0x4BD0, 0x0001,
    0x4BD2, 0x0001,
    0x4BD4, 0x0001,
    0x4BD6, 0x0001,
    0x4BD8, 0x0001,
    0x4C02, 0x003C,
    0x4C04, 0x0008,
    0x4C06, 0x0008,
    0x4C08, 0x0008,
    0x4C0A, 0x0008,
    0x4C0C, 0x0008,
    0x4C0E, 0x0008,
    0x4C26, 0x0028,
    0x4C28, 0x0014,
    0x4C2A, 0x0014,
    0x4C2C, 0x0014,
    0x4C2E, 0x0014,
    0x4C30, 0x0014,
    0x4C32, 0x0014,
    0x4C52, 0x044C,
    0x4C54, 0x044C,
    0x4C56, 0x044C,
    0x4CE2, 0x001E,
    0x4CE4, 0x001E,
    0x4CE6, 0x001E,
    0x4DBA, 0x00E6,
    0x4DBC, 0x00E6,
    0x4DBE, 0x00E6,
    0x4DCC, 0x00E6,
    0x4DCE, 0x00E6,
    0x4DD0, 0x00E6,
    0x4DDE, 0x00E6,
    0x4DE0, 0x00E6,
    0x4DE2, 0x00E6,
    0x4E02, 0x0050,
    0x4E04, 0x0050,
    0x4E06, 0x0050,
    0x4F3E, 0x001E,
    0x4F40, 0x001E,
    0x4F42, 0x001E,
    0x4F44, 0x0028,
    0x4F46, 0x0032,
    0x4F48, 0x0032,
    0x4F4A, 0x0032,
    0x4F50, 0x001E,
    0x4F52, 0x001E,
    0x4F54, 0x001E,
    0x4F56, 0x0028,
    0x4F58, 0x0050,
    0x4F5A, 0x0050,
    0x4F5C, 0x0050,
    0x4F62, 0x001E,
    0x4F64, 0x001E,
    0x4F66, 0x001E,
    0x4F68, 0x0028,
    0x4F6A, 0x006E,
    0x4F6C, 0x006E,
    0x4F6E, 0x006E,
    0x4F74, 0x001E,
    0x4F76, 0x001E,
    0x4F78, 0x001E,
    0x4F7A, 0x0028,
    0x4F7C, 0x0082,
    0x4F7E, 0x0082,
    0x4F80, 0x0082,
    0x4F86, 0x0028,
    0x4F88, 0x0028,
    0x4F8A, 0x0028,
    0x4F8C, 0x0032,
    0x4F8E, 0x0082,
    0x4F90, 0x0082,
    0x4F92, 0x0082,
    0x85FA, 0x0000,
    0xFCFC, 0x2002,
    0xDDD6, 0x001F,
    0xDDD8, 0x000C,
    0xDDDA, 0x000C,
    0xDDDC, 0x000C,
    0xDDDE, 0x000C,
    0xDDE0, 0x000C,
    0xDDEC, 0x0000,
    0xDDF6, 0x0100,
    0xDDF8, 0x8000,
    0xDDFA, 0x0216,
    0xDE02, 0x003F,
    0xDE04, 0x0001,
    0xDE06, 0x0F13,
    0xDE08, 0x0F13,
    0xDE0A, 0x000C,
    0xDE0C, 0x000C,
    0xDE0E, 0x0000,
    0xDE16, 0x0003,
    0xDE18, 0x04EF,
    0xDE1C, 0x0001,
    0xDE20, 0x0000,
    0xDE22, 0x0101,
    0xDE24, 0x0000,
    0xDE26, 0x0200,
    0xDE28, 0x0000,
    0xDE2A, 0x0400,
    0xDE2C, 0x0000,
    0xDE2E, 0x0800,
    0xDE30, 0x0000,
    0xDE32, 0x1000,
    0xDE34, 0x0000,
    0xDE36, 0x2000,
    0xDE38, 0x0000,
    0xDE3A, 0x0101,
    0xDE3C, 0x0000,
    0xDE3E, 0x0200,
    0xDE40, 0x0000,
    0xDE42, 0x0400,
    0xDE44, 0x0000,
    0xDE46, 0x0800,
    0xDE48, 0x0000,
    0xDE4A, 0x1000,
    0xDE4C, 0x0000,
    0xDE4E, 0x2000,
    0xDE50, 0x0000,
    0xDE52, 0x0101,
    0xDE54, 0x0000,
    0xDE56, 0x0200,
    0xDE58, 0x0000,
    0xDE5A, 0x0400,
    0xDE5C, 0x0000,
    0xDE5E, 0x0800,
    0xDE60, 0x0000,
    0xDE62, 0x1000,
    0xDE64, 0x0000,
    0xDE66, 0x2000,
    0xDE68, 0x0000,
    0xDE6A, 0x0101,
    0xDE6C, 0x0000,
    0xDE6E, 0x0200,
    0xDE70, 0x0000,
    0xDE72, 0x0400,
    0xDE74, 0x0000,
    0xDE76, 0x0800,
    0xDE78, 0x0000,
    0xDE7A, 0x1000,
    0xDE7C, 0x0000,
    0xDE7E, 0x2000,
    0xDE80, 0x0000,
    0xDE82, 0x0000,
    0xDE84, 0x0000,
    0xDE86, 0x0000,
    0xDE88, 0x0000,
    0xDE8A, 0x0000,
    0xDE8C, 0x0000,
    0xDE8E, 0x0000,
    0xDE90, 0x0000,
    0xDE92, 0x0000,
    0xDE94, 0x0000,
    0xDE96, 0x0000,
    0xDE98, 0x0000,
    0xDE9A, 0x0000,
    0xDE9C, 0x0000,
    0xDE9E, 0x0000,
    0xDEA0, 0x0000,
    0xDEA2, 0x0000,
    0xDEA4, 0x0000,
    0xDEA6, 0x0000,
    0xDEA8, 0x0000,
    0xDEAA, 0x0000,
    0xDEAC, 0x0000,
    0xDEAE, 0x0000,
    0xDEB0, 0x0000,
    0xDEB2, 0x0000,
    0xDEB4, 0x0000,
    0xDEB6, 0x0000,
    0xDEB8, 0x0000,
    0xDEBA, 0x0000,
    0xDEBC, 0x0000,
    0xDEBE, 0x0000,
    0xDEC0, 0x0000,
    0xDEC2, 0x0000,
    0xDEC4, 0x0000,
    0xDEC6, 0x0000,
    0xDEC8, 0x0000,
    0xDECA, 0x0000,
    0xDECC, 0x0000,
    0xDECE, 0x0000,
    0xDED0, 0x0000,
    0xDED2, 0x0000,
    0xDED4, 0x0000,
    0xDED6, 0x0000,
    0xDED8, 0x0000,
    0xDEDA, 0x0000,
    0xDEDC, 0x0000,
    0xDEDE, 0x0000,
    0xDF40, 0x0000,
    0xDF42, 0x01FF,
    0xDF44, 0x0000,
    0xDF46, 0x03FF,
    0xDF48, 0x0000,
    0xDF4A, 0x07FF,
    0xDF4C, 0x0000,
    0xDF4E, 0x0FFF,
    0xDF50, 0x0000,
    0xDF52, 0x1FFF,
    0xDF54, 0x0000,
    0xDF56, 0x4000,
    0xDF58, 0x0000,
    0xDF5A, 0x01FF,
    0xDF5C, 0x0000,
    0xDF5E, 0x03FF,
    0xDF60, 0x0000,
    0xDF62, 0x07FF,
    0xDF64, 0x0000,
    0xDF66, 0x0FFF,
    0xDF68, 0x0000,
    0xDF6A, 0x1FFF,
    0xDF6C, 0x0000,
    0xDF6E, 0x4000,
    0xDF70, 0x0000,
    0xDF72, 0x01FF,
    0xDF74, 0x0000,
    0xDF76, 0x03FF,
    0xDF78, 0x0000,
    0xDF7A, 0x07FF,
    0xDF7C, 0x0000,
    0xDF7E, 0x0FFF,
    0xDF80, 0x0000,
    0xDF82, 0x1FFF,
    0xDF84, 0x0000,
    0xDF86, 0x4000,
    0xDF88, 0x0000,
    0xDF8A, 0x01FF,
    0xDF8C, 0x0000,
    0xDF8E, 0x03FF,
    0xDF90, 0x0000,
    0xDF92, 0x07FF,
    0xDF94, 0x0000,
    0xDF96, 0x0FFF,
    0xDF98, 0x0000,
    0xDF9A, 0x1FFF,
    0xDF9C, 0x0000,
    0xDF9E, 0x4000,
    0xDFA0, 0x0000,
    0xDFA2, 0x0000,
    0xDFA4, 0x0000,
    0xDFA6, 0x0000,
    0xDFA8, 0x0000,
    0xDFAA, 0x0000,
    0xDFAC, 0x0000,
    0xDFAE, 0x0000,
    0xDFB0, 0x0000,
    0xDFB2, 0x0000,
    0xDFB4, 0x0000,
    0xDFB6, 0x0000,
    0xDFB8, 0x0000,
    0xDFBA, 0x0000,
    0xDFBC, 0x0000,
    0xDFBE, 0x0000,
    0xDFC0, 0x0000,
    0xDFC2, 0x0000,
    0xDFC4, 0x0000,
    0xDFC6, 0x0000,
    0xDFC8, 0x0000,
    0xDFCA, 0x0000,
    0xDFCC, 0x0000,
    0xDFCE, 0x0000,
    0xDFD0, 0x0000,
    0xDFD2, 0x0000,
    0xDFD4, 0x0000,
    0xDFD6, 0x0000,
    0xDFD8, 0x0000,
    0xDFDA, 0x0000,
    0xDFDC, 0x0000,
    0xDFDE, 0x0000,
    0xDFE0, 0x0000,
    0xDFE2, 0x0000,
    0xDFE4, 0x0000,
    0xDFE6, 0x0000,
    0xDFE8, 0x0000,
    0xDFEA, 0x0000,
    0xDFEC, 0x0000,
    0xDFEE, 0x0000,
    0xDFF0, 0x0000,
    0xDFF2, 0x0000,
    0xDFF4, 0x0000,
    0xDFF6, 0x0000,
    0xDFF8, 0x0000,
    0xDFFA, 0x0000,
    0xDFFC, 0x0000,
    0xDFFE, 0x0000,
    0xE060, 0x0000,
    0xE06E, 0x2000,
    0xE070, 0x1800,
    0xE072, 0x2020,
    0xE074, 0x1830,
    0xE076, 0xFFFF,
    0xE078, 0xFFFF,
    0xE07A, 0x0000,
    0xFCFC, 0x4000,
    0x0086, 0x0800,
    0x020A, 0x0100,
    0x0228, 0x0100,
    0x0380, 0x0002,
    0x0382, 0x0002,
    0x0384, 0x0002,
    0x0386, 0x0002,
    0x0722, 0x0800,
    0x0900, 0x2222,
    0x0B02, 0x0202,
    0x0B04, 0x0001,
    0x0B06, 0x0101,
    0x0B08, 0x0101,
    0x0B0A, 0x0101,
    0x0B0C, 0x0100,
    0x0BCC, 0x0000,
    0x0BE2, 0x0000,
};

//2048x1152@60fps
static kal_uint16 s5khp5_custom3_setting[] = {
    0xFCFC, 0x2000,
    0x0F8C, 0x0000,
    0x1004, 0x0000,
    0x46F2, 0x0000,
    0x4718, 0xFFFF,
    0x472C, 0x0000,
    0x472E, 0x0000,
    0x4760, 0x0200,
    0x8F40, 0x0702,
    0xA76E, 0x0180,
    0xA770, 0x0200,
    0xA772, 0x0300,
    0xA774, 0x0400,
    0xA776, 0x1E20,
    0xA778, 0x2223,
    0xA77A, 0x2526,
    0xA77C, 0x2728,
    0xA77E, 0x292A,
    0xA780, 0x2B2C,
    0xA782, 0x2C2D,
    0xA784, 0x2E2E,
    0xA786, 0x2F31,
    0xA788, 0x3233,
    0xA78A, 0x3435,
    0xA78C, 0x3637,
    0xA78E, 0x3739,
    0xA790, 0x3A3B,
    0xA792, 0x3B3D,
    0xA794, 0x3E3E,
    0xA796, 0x3F2C,
    0xB8C4, 0x0000,
    0xFCFC, 0x2001,
    0x10F0, 0x0200,
    0x2C02, 0x0004,
    0x2C04, 0x0004,
    0x2C06, 0x0000,
    0x2DD0, 0x0000,
    0x34BC, 0x013F,
    0x34BE, 0x017F,
    0x34C0, 0x01BF,
    0x34C2, 0x01FF,
    0x34C4, 0x027F,
    0x34C6, 0x02FF,
    0x34C8, 0x037F,
    0x34CA, 0x03FF,
    0x34CC, 0x05FF,
    0x34CE, 0x07FF,
    0x34D0, 0x09FF,
    0x34D2, 0x0BFF,
    0x34D4, 0x0DFF,
    0x34D6, 0x0FFF,
    0x34D8, 0x3FFF,
    0xFCFC, 0x4000,
    0x0112, 0x0A0A,
    0x0114, 0x0201,
    0x0118, 0x0004,
    0x011C, 0x0101,
    0x0136, 0x1800,
    0x013E, 0x0000,
    0x0202, 0x0200,
    0x0204, 0x0020,
    0x021E, 0x0000,
    0x0226, 0x0200,
    0x022C, 0x0200,
    0x0260, 0x0001,
    0x0262, 0x0200,
    0x0264, 0x0006,
    0x0270, 0x2B2B,
    0x0272, 0x2B10,
    0x0274, 0x302B,
    0x0304, 0x0003,
    0x0306, 0x00F0,
    0x030C, 0x0000,
    0x030E, 0x0003,
    0x0310, 0x00BA,
    0x0312, 0x0000,
    0x031A, 0x0003,
    0x031C, 0x0028,
    0x031E, 0x0002,
    0x0340, 0x1408,
    0x0342, 0x1860,
    0x0344, 0x0000,
    0x0346, 0x0620,
    0x0348, 0x4034,
    0x034A, 0x2A50,
    0x034C, 0x0800,
    0x034E, 0x0480,
    0x0350, 0x0004,
    0x0352, 0x0004,
    0x0720, 0x0001,
    0x0724, 0x0000,
    0x072C, 0x0400,
    0x072E, 0x0120,
    0x081C, 0x1015,
    0x081E, 0x0F00,
    0x0BCA, 0x0101,
    0xFCFC, 0x2000,
    0x0E90, 0x0803,
    0x0E92, 0x0803,
    0x0E94, 0x0803,
    0x0E96, 0x0803,
    0x0F64, 0x0040,
    0x34BA, 0x0000,
    0x34BC, 0x0004,
    0x3512, 0xFA36,
    0x3514, 0xFB0E,
    0x3552, 0x0000,
    0x3554, 0x0000,
    0x3E14, 0x0101,
    0x3E16, 0x0100,
    0x3E1E, 0x03FF,
    0x3E20, 0x03FF,
    0x3E22, 0x01FF,
    0x3E24, 0x003F,
    0x3E30, 0x0400,
    0x3E32, 0x0400,
    0x3E34, 0x0200,
    0x3E36, 0x0040,
    0x4114, 0x0008,
    0x4116, 0x0048,
    0x4118, 0x4000,
    0x411A, 0xFA28,
    0x411C, 0xA8B1,
    0x411E, 0xA0B1,
    0x4120, 0x4000,
    0x4122, 0xFA2C,
    0x4124, 0x0002,
    0x4126, 0x0003,
    0x4128, 0x4000,
    0x412A, 0xFC1E,
    0x41B4, 0x000C,
    0x41B6, 0x0000,
    0x41B8, 0x4000,
    0x41BA, 0xFAB2,
    0x41BC, 0x000C,
    0x41BE, 0x0000,
    0x41C0, 0x4000,
    0x41C2, 0xFAB4,
    0x4254, 0x06DB,
    0x4256, 0x06C9,
    0x4258, 0x4000,
    0x425A, 0xFA12,
    0x42F4, 0x01D5,
    0x42F6, 0x01F9,
    0x42F8, 0x4000,
    0x42FA, 0xF470,
    0x42FC, 0x01D5,
    0x42FE, 0x01F9,
    0x4300, 0x4000,
    0x4302, 0xF478,
    0x46F0, 0x0101,
    0x47C2, 0x0101,
    0x485A, 0x0103,
    0x487C, 0x0004,
    0x4882, 0x0004,
    0x489A, 0x0004,
    0x48A0, 0x0004,
    0x48B8, 0x0012,
    0x48BE, 0x0014,
    0x48D6, 0x0014,
    0x48DC, 0x000C,
    0x48F4, 0x0012,
    0x48FA, 0x0014,
    0x4918, 0x0101,
    0x491A, 0x0000,
    0x49D0, 0x0000,
    0x49D4, 0x2214,
    0x49DA, 0x1422,
    0x49E6, 0x2118,
    0x49EC, 0x1821,
    0x49F8, 0x8080,
    0x4A58, 0x0030,
    0x4A5A, 0xFFF1,
    0x4A5C, 0x0001,
    0x4A5E, 0x00C8,
    0x4A60, 0x0001,
    0x4A62, 0x0001,
    0x4A64, 0x0030,
    0x4A66, 0x001B,
    0x4A68, 0x0007,
    0x4A6A, 0x0006,
    0x4A6C, 0x0018,
    0x4A6E, 0x0006,
    0x4A70, 0x0006,
    0x4A72, 0x0019,
    0x4A90, 0xFFF9,
    0x4A92, 0xFFFA,
    0x4A94, 0x0005,
    0x4A96, 0x0005,
    0x4A98, 0x0010,
    0x4A9A, 0x0010,
    0x4A9C, 0xFFFC,
    0x4A9E, 0x0048,
    0x4AA0, 0x0020,
    0x4AA2, 0x000E,
    0x4AA4, 0x000E,
    0x4AA6, 0x0007,
    0x4AA8, 0x0007,
    0x4AAA, 0x0048,
    0x4AAC, 0xFFF3,
    0x4AB0, 0xFFFC,
    0x4AB8, 0xFFFC,
    0x4ABA, 0x0048,
    0x4ABE, 0x0000,
    0x4AC0, 0x000E,
    0x4AC2, 0x001E,
    0x4AC4, 0x002E,
    0x4AC6, 0x0048,
    0x4AD4, 0xFFFC,
    0x4AE2, 0x0048,
    0x4AE4, 0x0021,
    0x4AE6, 0x0010,
    0x4AE8, 0x0010,
    0x4AEA, 0x0010,
    0x4AEC, 0x0010,
    0x4AEE, 0x0010,
    0x4AF0, 0x0016,
    0x4AF2, 0x001A,
    0x4AF4, 0x0008,
    0x4AF6, 0x0008,
    0x4AF8, 0x0004,
    0x4AFA, 0x0008,
    0x4AFC, 0x0008,
    0x4AFE, 0x0018,
    0x4B54, 0x0021,
    0x4B56, 0x0010,
    0x4B58, 0x0010,
    0x4B5A, 0x0010,
    0x4B5C, 0x0010,
    0x4B5E, 0x0010,
    0x4B60, 0x0016,
    0x4B62, 0x001A,
    0x4B64, 0x0008,
    0x4B66, 0x0008,
    0x4B68, 0x0004,
    0x4B6A, 0x0008,
    0x4B6C, 0x0008,
    0x4B6E, 0x0018,
    0x4BC4, 0x0021,
    0x4BC6, 0x0010,
    0x4BC8, 0x0010,
    0x4BCA, 0x0010,
    0x4BCC, 0x0010,
    0x4BCE, 0x0010,
    0x4BD0, 0x0016,
    0x4BD2, 0x001A,
    0x4BD4, 0x0008,
    0x4BD6, 0x0008,
    0x4BD8, 0x0004,
    0x4BDA, 0x0008,
    0x4BDC, 0x0008,
    0x4BDE, 0x0018,
    0x4BE0, 0x0008,
    0x4BE2, 0x0003,
    0x4BE4, 0x0003,
    0x4BE6, 0x0008,
    0x4BE8, 0x0003,
    0x4BEA, 0x0003,
    0x4BEC, 0x0005,
    0x4BEE, 0x0060,
    0x4BF0, 0x004B,
    0x4BF2, 0x0060,
    0x4BF4, 0x0060,
    0x4BF6, 0x0060,
    0x4BF8, 0x0060,
    0x4BFA, 0x0060,
    0x4C08, 0x0060,
    0x4C16, 0x0060,
    0x4C40, 0x0000,
    0x4C42, 0x0000,
    0x4C44, 0x0001,
    0x4C46, 0x0014,
    0x4C48, 0x0014,
    0x4C4A, 0x0014,
    0x4C4C, 0x0014,
    0x4C4E, 0x0000,
    0x4C5C, 0x0002,
    0x4C6C, 0x0004,
    0x4C6E, 0x0001,
    0x4C70, 0x0004,
    0x4C72, 0x0007,
    0x4C74, 0x0004,
    0x4C76, 0x0004,
    0x4C78, 0x0004,
    0x4C7A, 0x0001,
    0x4C7C, 0xFFD0,
    0x4C7E, 0xFFDE,
    0x4C80, 0xFFDE,
    0x4C82, 0xFFCE,
    0x4C84, 0xFFCE,
    0x4C86, 0x0001,
    0x4C88, 0x0000,
    0x4C8A, 0x0000,
    0x4C8C, 0x0006,
    0x4C8E, 0x0006,
    0x4C90, 0x0006,
    0x4C92, 0x0006,
    0x4C94, 0x0000,
    0x4C96, 0x0000,
    0x4C98, 0xFFE0,
    0x4C9A, 0x0004,
    0x4C9C, 0xFFFD,
    0x4C9E, 0xFFFF,
    0x4CA0, 0xFFFF,
    0x4CA2, 0x0000,
    0x4CAA, 0x0006,
    0x4CB0, 0x0000,
    0x4CB2, 0x0000,
    0x4CB6, 0xFFD6,
    0x4CB8, 0x0006,
    0x4CBA, 0xFFCA,
    0x4CBC, 0xFFBA,
    0x4CBE, 0x0000,
    0x4CCC, 0x0000,
    0x4CDA, 0x0000,
    0x4CDC, 0x0002,
    0x4CDE, 0x0001,
    0x4CE0, 0x0001,
    0x4CE2, 0x0004,
    0x4CE4, 0x0001,
    0x4CE6, 0x0001,
    0x4CE8, 0x0002,
    0x4CEA, 0x000A,
    0x4CEC, 0x0040,
    0x4CEE, 0x0040,
    0x4CF0, 0x0040,
    0x4CF2, 0x0040,
    0x4CF4, 0x0040,
    0x4CF6, 0x000A,
    0x4CF8, 0x0002,
    0x4CFA, 0x0001,
    0x4CFC, 0x0001,
    0x4CFE, 0x0004,
    0x4D00, 0x0001,
    0x4D02, 0x0001,
    0x4D04, 0x0002,
    0x4D06, 0x000A,
    0x4D08, 0x0040,
    0x4D0A, 0x0040,
    0x4D0C, 0x0040,
    0x4D0E, 0x0040,
    0x4D10, 0x0040,
    0x4D12, 0x000A,
    0x4D14, 0x0002,
    0x4D16, 0x0001,
    0x4D18, 0x0001,
    0x4D1A, 0x0004,
    0x4D1C, 0x0001,
    0x4D1E, 0x0001,
    0x4D20, 0x0002,
    0x4D22, 0x000A,
    0x4D24, 0x0040,
    0x4D26, 0x0040,
    0x4D28, 0x0040,
    0x4D2A, 0x0040,
    0x4D2C, 0x0040,
    0x4D2E, 0x000A,
    0x4D74, 0x0000,
    0x4D82, 0x0000,
    0x4DF4, 0x0000,
    0x4DF6, 0x0305,
    0x4DF8, 0x0004,
    0x4DFA, 0x0004,
    0x4DFC, 0x0004,
    0x4DFE, 0x0000,
    0x4E00, 0x0000,
    0x4E04, 0x0053,
    0x4E06, 0x0053,
    0x4E08, 0x0053,
    0x4E0A, 0x0053,
    0x4E0C, 0x0053,
    0x4E0E, 0x0053,
    0x4E2C, 0x000F,
    0x4E2E, 0x012F,
    0x4E30, 0x01E8,
    0x4E32, 0x01E8,
    0x4E34, 0x0351,
    0x4E36, 0x064F,
    0x4E38, 0x000F,
    0x4E3C, 0x004B,
    0x4E3E, 0x0060,
    0x4E40, 0x0060,
    0x4E42, 0x0060,
    0x4E44, 0x0060,
    0x4E46, 0x0030,
    0x4E48, 0x000F,
    0x4E4A, 0x012F,
    0x4E4C, 0x01E8,
    0x4E4E, 0x01E8,
    0x4E50, 0x0351,
    0x4E52, 0x064F,
    0x4E54, 0x000F,
    0x4E58, 0x004B,
    0x4E5A, 0x0060,
    0x4E5C, 0x0060,
    0x4E5E, 0x0060,
    0x4E60, 0x0060,
    0x4E62, 0x0030,
    0x4E9A, 0x0000,
    0x4EB6, 0x0008,
    0x4EE0, 0x000A,
    0x4EFC, 0x0018,
    0x4F1A, 0x0002,
    0x4F1C, 0x001A,
    0x4F1E, 0x0064,
    0x4F20, 0x0001,
    0x4F22, 0x0064,
    0x4F24, 0x0064,
    0x4F26, 0x0002,
    0x4F28, 0x008A,
    0x4F2A, 0x0054,
    0x4F2C, 0x0080,
    0x4F2E, 0x0342,
    0x4F30, 0x0080,
    0x4F32, 0x0080,
    0x4F34, 0x008A,
    0x4F36, 0x0088,
    0x4F38, 0x0052,
    0x4F3A, 0x007E,
    0x4F3C, 0x0340,
    0x4F3E, 0x007E,
    0x4F40, 0x007E,
    0x4F42, 0x0088,
    0x4F52, 0x0004,
    0x4F60, 0x000A,
    0x4F6E, 0x0004,
    0x4F70, 0x0008,
    0x4F72, 0x0008,
    0x4F74, 0x0008,
    0x4F76, 0x0008,
    0x4F78, 0x0008,
    0x4F7A, 0x0004,
    0x4F7C, 0x000A,
    0x4F7E, 0x0008,
    0x4F80, 0x0008,
    0x4F82, 0x0008,
    0x4F84, 0x0008,
    0x4F86, 0x0008,
    0x4F88, 0x000A,
    0x50BE, 0x001B,
    0x50C0, 0x0024,
    0x50C2, 0x0034,
    0x50C4, 0x00F0,
    0x50C6, 0x0019,
    0x50C8, 0x0019,
    0x50CA, 0x0010,
    0x50CC, 0x0021,
    0x50CE, 0x0005,
    0x50D0, 0x001C,
    0x50D2, 0x00F6,
    0x50D4, 0x0008,
    0x50D6, 0x0008,
    0x50D8, 0x0016,
    0x50E0, 0x0104,
    0x50E6, 0x0016,
    0x50E8, 0x000F,
    0x50EC, 0x0008,
    0x50EE, 0x0008,
    0x50F0, 0x0008,
    0x50F2, 0x0008,
    0x50F4, 0x000F,
    0x5118, 0x0005,
    0x5126, 0x000F,
    0x51FE, 0x0005,
    0x520C, 0x000A,
    0x5214, 0x0007,
    0x521A, 0x0005,
    0x527E, 0x0003,
    0x528C, 0x0010,
    0x528E, 0x0016,
    0x5290, 0x0016,
    0x5292, 0x0016,
    0x5294, 0x0016,
    0x5296, 0x0016,
    0x5298, 0x0015,
    0x529E, 0x0027,
    0x52A0, 0x0029,
    0x52A2, 0x0027,
    0x52A4, 0x0027,
    0x52A6, 0x002D,
    0x52B6, 0x0032,
    0x52B8, 0x0035,
    0x52BA, 0x0036,
    0x52BC, 0x0036,
    0x52BE, 0x0036,
    0x52C0, 0x0036,
    0x52C2, 0x0037,
    0x5500, 0x00C7,
    0x5554, 0x00C7,
    0x578A, 0x0004,
    0x578C, 0x000A,
    0x578E, 0x0004,
    0x5790, 0x0004,
    0x5792, 0x001F,
    0x57CC, 0x005E,
    0x57CE, 0x003E,
    0x57D0, 0x0084,
    0x57D2, 0x0154,
    0x57D4, 0x0100,
    0x57D6, 0x0100,
    0x57D8, 0x0070,
    0x57E6, 0x0115,
    0x57E8, 0x0089,
    0x57EC, 0x0078,
    0x57EE, 0x0078,
    0x57F0, 0x0088,
    0x57F2, 0x0088,
    0x57F4, 0x00C6,
    0x5804, 0x0089,
    0x5806, 0x00A9,
    0x5808, 0x0174,
    0x580A, 0x01E4,
    0x580C, 0x0158,
    0x580E, 0x0158,
    0x5810, 0x00C6,
    0x581A, 0x00F0,
    0x581C, 0x00E0,
    0x581E, 0x00C6,
    0x629E, 0x0000,
    0x62AC, 0x0000,
    0x65AE, 0x017C,
    0x65BC, 0x01C1,
    0x65F6, 0x0000,
    0x65FA, 0x8000,
    0x65FC, 0x8000,
    0x65FE, 0x8000,
    0x6600, 0x8000,
    0x6604, 0x0000,
    0x6608, 0x8000,
    0x660A, 0x8000,
    0x660C, 0x8000,
    0x660E, 0x8000,
    0x8F42, 0x0000,
    0x8F72, 0x0600,
    0x8F7E, 0x0017,
    0x8F80, 0x170B,
    0x8F82, 0x0B0B,
    0x8F84, 0x0B0B,
    0x8F8C, 0x0004,
    0x8F8E, 0x040B,
    0x8F90, 0x0B0B,
    0x8F92, 0x0B0B,
    0x8F9A, 0x0001,
    0x8F9C, 0x0100,
    0x8F9E, 0x0101,
    0x8FA0, 0x0101,
    0x8FA8, 0x0001,
    0x8FAA, 0x0100,
    0x8FAC, 0x0101,
    0x8FAE, 0x0101,
    0x8FB6, 0x0090,
    0x8FB8, 0x0B07,
    0x8FBA, 0x0B0B,
    0x8FBC, 0x0B0B,
    0x8FC4, 0x0090,
    0x8FC6, 0x9005,
    0x8FC8, 0x9090,
    0x8FCA, 0x9090,
    0x8FD0, 0x0087,
    0x8FD2, 0x0082,
    0x8FD4, 0xF7DD,
    0x8FD6, 0xF105,
    0x8FD8, 0x3008,
    0x8FDA, 0x00FF,
    0x8FDC, 0x03FF,
    0x8FDE, 0x1901,
    0x8FE0, 0x06C9,
    0x8FE2, 0x0249,
    0x8FE4, 0x0249,
    0x8FE6, 0x0010,
    0x8FE8, 0x0449,
    0x8FEA, 0x0790,
    0x8FF6, 0x0D0D,
    0x8FF8, 0x080D,
    0x8FFA, 0x0D0D,
    0x8FFC, 0x0D0D,
    0x8FFE, 0x0D08,
    0x9000, 0x0D0D,
    0x9002, 0x0D0D,
    0x9066, 0x80F5,
    0x9996, 0xA6F1,
    0x9998, 0x412C,
    0x999A, 0xA8B1,
    0x999C, 0x0000,
    0x999E, 0x0044,
    0x9D50, 0x013F,
    0x9D54, 0x0000,
    0x9D56, 0x01FF,
    0x9D58, 0xFFFF,
    0x9DD4, 0x4000,
    0x9DD6, 0xFA9E,
    0x9DD8, 0x4000,
    0x9DDA, 0xFAA0,
    0x9DE4, 0x1206,
    0x9DE6, 0x0C06,
    0x9E60, 0x0C06,
    0x9E62, 0x1206,
    0x9E64, 0x0C06,
    0x9EDE, 0x0C06,
    0xA0A8, 0x0000,
    0xA0EE, 0x0100,
    0xA15C, 0x0002,
    0xA1C4, 0xBC76,
    0xA1D2, 0xFE00,
    0xA4FE, 0x0011,
    0xA50C, 0x0032,
    0xA512, 0x0000,
    0xA514, 0x0000,
    0xA516, 0x00AA,
    0xA51E, 0x0000,
    0xA520, 0x001E,
    0xA522, 0x001E,
    0xA52E, 0x0000,
    0xA530, 0x0000,
    0xA53C, 0x000A,
    0xA53E, 0x0000,
    0xA540, 0x0000,
    0xA542, 0x0000,
    0xA54A, 0x0000,
    0xA54C, 0x0001,
    0xA54E, 0x0001,
    0xA550, 0x0001,
    0xA558, 0x0001,
    0xA55A, 0x0000,
    0xA734, 0x0000,
    0xA736, 0x0022,
    0xA738, 0x0024,
    0xA73A, 0x0026,
    0xA73C, 0x0028,
    0xA73E, 0x002A,
    0xA740, 0x002C,
    0xA742, 0x002E,
    0xA744, 0x0030,
    0xA746, 0x0032,
    0xA748, 0x0034,
    0xA74A, 0x0036,
    0xA74C, 0x0038,
    0xA74E, 0x003A,
    0xA750, 0x003C,
    0xA752, 0x003E,
    0xA754, 0x0040,
    0xA756, 0x0048,
    0xA758, 0x0050,
    0xA75A, 0x0058,
    0xA75C, 0x0060,
    0xA75E, 0x0068,
    0xA760, 0x0070,
    0xA762, 0x0078,
    0xA764, 0x0080,
    0xA766, 0x00A0,
    0xA768, 0x00C0,
    0xA76A, 0x00E0,
    0xA76C, 0x0100,
    0xA9E0, 0x8822,
    0xAA00, 0x0000,
    0xB252, 0x0202,
    0xB254, 0x0200,
    0xB264, 0x0001,
    0xB390, 0x0202,
    0xB39C, 0x0800,
    0xB3DC, 0x0600,
    0xB3DE, 0x0000,
    0xB3EE, 0x0600,
    0xB3F0, 0x0101,
    0xB57A, 0x0004,
    0xB57C, 0x0004,
    0xB8C0, 0x0011,
    0xB8C2, 0x000D,
    0xB8C6, 0x0B08,
    0xC880, 0x0100,
    0xC890, 0x00FF,
    0xC892, 0x0012,
    0xC896, 0x4F88,
    0xC89A, 0x0001,
    0xC89C, 0x0030,
    0xC89E, 0x0002,
    0xE8A2, 0x0100,
    0xE8A4, 0x0030,
    0xE8A8, 0x0000,
    0xE8AA, 0x4F8A,
    0xFF64, 0x0002,
    0xFF6A, 0x1000,
    0xFF6C, 0x1040,
    0xFF72, 0x0FF0,
    0xFF74, 0x1000,
    0xFF7A, 0x1000,
    0xFF7C, 0x1000,
    0xFF82, 0x1000,
    0xFF84, 0x1000,
    0xFF8A, 0x1000,
    0xFF8C, 0x1000,
    0xFF92, 0x1000,
    0xFF94, 0x1000,
    0xFF9A, 0x1000,
    0xFF9C, 0x1040,
    0xFFA2, 0x0FF0,
    0xFFA4, 0x1000,
    0xFFAA, 0x1000,
    0xFFAC, 0x1000,
    0xFFB2, 0x1000,
    0xFFB4, 0x1000,
    0xFFBA, 0x1000,
    0xFFBC, 0x1000,
    0xFFC2, 0x1000,
    0xFFC4, 0x1000,
    0xFFCA, 0x1000,
    0xFFCC, 0x1040,
    0xFFD2, 0x0FF0,
    0xFFD4, 0x1000,
    0xFFDA, 0x1000,
    0xFFDC, 0x1000,
    0xFFE2, 0x1000,
    0xFFE4, 0x1000,
    0xFFEA, 0x1000,
    0xFFEC, 0x1000,
    0xFFF2, 0x1000,
    0xFFF4, 0x1000,
    0xFFFA, 0x1000,
    0xFCFC, 0x4000,
    0x6028, 0x2000,
    0x602A, 0xFFFC,
    0x6F12, 0x1040,
    0xFCFC, 0x2001,
    0x0002, 0x0FF0,
    0x0004, 0x1000,
    0x000A, 0x1000,
    0x000C, 0x1000,
    0x0012, 0x1000,
    0x0014, 0x1000,
    0x001A, 0x1000,
    0x001C, 0x1000,
    0x0022, 0x1000,
    0x0024, 0x1000,
    0x002A, 0x0000,
    0x002C, 0x0000,
    0x0032, 0x0000,
    0x0034, 0x0000,
    0x003A, 0x0000,
    0x003C, 0x0000,
    0x0042, 0x0000,
    0x0044, 0x0000,
    0x004A, 0x0000,
    0x004C, 0x0000,
    0x0052, 0x0000,
    0x0054, 0x0000,
    0x005A, 0x0000,
    0x005C, 0x0000,
    0x0062, 0x0000,
    0x0064, 0x0000,
    0x006A, 0x0000,
    0x006C, 0x0000,
    0x0072, 0x0000,
    0x0074, 0x0000,
    0x007A, 0x0000,
    0x007C, 0x0000,
    0x0082, 0x0000,
    0x0084, 0x0000,
    0x008A, 0x0000,
    0x008C, 0x0000,
    0x0092, 0x0000,
    0x0094, 0x0000,
    0x009A, 0x0000,
    0x009C, 0x0000,
    0x00A2, 0x0000,
    0x00A4, 0x0000,
    0x00AA, 0x0000,
    0x00AC, 0x0000,
    0x00B2, 0x0000,
    0x00B4, 0x0000,
    0x00BA, 0x0000,
    0x00BC, 0x0000,
    0x00C2, 0x0000,
    0x00C4, 0x0000,
    0x00CA, 0x0000,
    0x00CC, 0x0000,
    0x00D2, 0x0000,
    0x00D4, 0x0000,
    0x00DA, 0x0000,
    0x00DC, 0x0000,
    0x00E2, 0x0000,
    0x00E4, 0x0000,
    0x01B4, 0x0600,
    0x01B6, 0x0003,
    0x01BA, 0x0003,
    0x01BE, 0x0003,
    0x01C2, 0x0003,
    0x01D6, 0x0003,
    0x01DA, 0x0003,
    0x01DE, 0x0003,
    0x01E2, 0x0003,
    0x01F6, 0x0003,
    0x01FA, 0x0003,
    0x01FE, 0x0003,
    0x0202, 0x0003,
    0x0216, 0x0003,
    0x021A, 0x0003,
    0x021E, 0x0003,
    0x0222, 0x0003,
    0x0236, 0x0000,
    0x023A, 0x0000,
    0x023E, 0x0000,
    0x0242, 0x0000,
    0x0256, 0x0000,
    0x025A, 0x0000,
    0x025E, 0x0000,
    0x0262, 0x0000,
    0x0276, 0x0000,
    0x027A, 0x0000,
    0x027E, 0x0000,
    0x0282, 0x0000,
    0x0296, 0x0000,
    0x029A, 0x0000,
    0x029E, 0x0000,
    0x02A2, 0x0000,
    0x0336, 0x0000,
    0x0338, 0x0000,
    0x033A, 0x0000,
    0x033C, 0x0000,
    0x033E, 0x0000,
    0x0340, 0x0000,
    0x0342, 0x0000,
    0x0344, 0x0000,
    0x0346, 0x0000,
    0x0348, 0x0000,
    0x034A, 0x0000,
    0x034C, 0x0000,
    0x034E, 0x0000,
    0x0350, 0x0000,
    0x0352, 0x0000,
    0x0354, 0x0000,
    0x0356, 0x0000,
    0x0358, 0x0000,
    0x035A, 0x0000,
    0x035C, 0x0000,
    0x035E, 0x0000,
    0x0360, 0x0000,
    0x0362, 0x0000,
    0x0364, 0x0000,
    0x0366, 0x0000,
    0x0368, 0x0000,
    0x036A, 0x0000,
    0x036C, 0x0000,
    0x036E, 0x0000,
    0x0370, 0x0000,
    0x0372, 0x0000,
    0x0374, 0x0000,
    0x0376, 0x0001,
    0x0378, 0x0000,
    0x037A, 0x0001,
    0x037C, 0x0000,
    0x037E, 0x0001,
    0x0380, 0x0000,
    0x0382, 0x0001,
    0x0384, 0x0000,
    0x0386, 0x0000,
    0x0388, 0x0000,
    0x038A, 0x0000,
    0x038C, 0x0000,
    0x038E, 0x0000,
    0x0390, 0x0000,
    0x0392, 0x0000,
    0x0394, 0x0000,
    0x0396, 0x0001,
    0x0398, 0x0000,
    0x039A, 0x0001,
    0x039C, 0x0000,
    0x039E, 0x0001,
    0x03A0, 0x0000,
    0x03A2, 0x0001,
    0x03A4, 0x0000,
    0x03A6, 0x0000,
    0x03A8, 0x0000,
    0x03AA, 0x0000,
    0x03AC, 0x0000,
    0x03AE, 0x0000,
    0x03B0, 0x0000,
    0x03B2, 0x0000,
    0x03B4, 0x0000,
    0x03B6, 0x0000,
    0x03BA, 0x0000,
    0x03BE, 0x0000,
    0x03C2, 0x0000,
    0x03D6, 0x0000,
    0x03DA, 0x0000,
    0x03DE, 0x0000,
    0x03E2, 0x0000,
    0x03F6, 0x0000,
    0x03FA, 0x0000,
    0x03FE, 0x0000,
    0x0402, 0x0000,
    0x0416, 0x0000,
    0x041A, 0x0000,
    0x041E, 0x0000,
    0x0422, 0x0000,
    0x2270, 0x0204,
    0x25D4, 0x0101,
    0x25FA, 0x2000,
    0x2648, 0x0200,
    0x264A, 0x0400,
    0x264C, 0x0200,
    0x264E, 0x0200,
    0x2660, 0x0202,
    0x2B7E, 0x0200,
    0x2B84, 0x0000,
    0x2BA0, 0x0200,
    0x2BA2, 0x0200,
    0x2BA4, 0x0000,
    0x2BA6, 0x0000,
    0x2BA8, 0x0000,
    0x2BAA, 0x0000,
    0x2BAC, 0x0200,
    0x2BAE, 0x0200,
    0x2BB0, 0x0100,
    0x2BB2, 0x0100,
    0x2BB4, 0x0100,
    0x2BB6, 0x0100,
    0x2BB8, 0x0100,
    0x2BBA, 0x0100,
    0x2BBC, 0x0100,
    0x2BBE, 0x0100,
    0x2BC4, 0x078A,
    0x2BC6, 0xFFFF,
    0x2BC8, 0xFFFF,
    0x2BCA, 0x0000,
    0x2BCC, 0x0000,
    0x2CBE, 0x0202,
    0x2DD6, 0x0101,
    0x2DD8, 0x0602,
    0x2DDC, 0x0204,
    0x2DFE, 0x0105,
    0x2E0E, 0x0000,
    0x2E16, 0x0064,
    0x2E18, 0x0096,
    0x2E1A, 0x0078,
    0x2E1C, 0x0190,
    0x2E1E, 0x0258,
    0x2E20, 0x0320,
    0x3348, 0x0002,
    0x34FE, 0x0400,
    0x350C, 0x000B,
    0x3516, 0x0079,
    0x3518, 0x007C,
    0x351A, 0x007B,
    0x351C, 0x007B,
    0x351E, 0x00A3,
    0x3520, 0x00A3,
    0x3522, 0x00A2,
    0x3524, 0x00A4,
    0x3526, 0x00A3,
    0x3528, 0x00A3,
    0x352A, 0x00AF,
    0x352C, 0x00B0,
    0x352E, 0x00B1,
    0x3530, 0x00B2,
    0x3532, 0x00A6,
    0x3534, 0x00A6,
    0x3536, 0x0079,
    0x3538, 0x007C,
    0x353A, 0x007B,
    0x353C, 0x007B,
    0x353E, 0x00A3,
    0x3540, 0x00A3,
    0x3542, 0x00A2,
    0x3544, 0x00A4,
    0x3546, 0x00A3,
    0x3548, 0x00A3,
    0x354A, 0x00AF,
    0x354C, 0x00B0,
    0x354E, 0x00B1,
    0x3550, 0x00B2,
    0x3552, 0x00A6,
    0x3554, 0x00A6,
    0x3714, 0x0000,
    0x371E, 0x0030,
    0x3720, 0x0035,
    0x3722, 0x0037,
    0x3724, 0x0044,
    0x3726, 0x0047,
    0x3728, 0x0054,
    0x372A, 0x0057,
    0x372C, 0x005B,
    0x372E, 0x005D,
    0x3730, 0x005E,
    0x3732, 0x0060,
    0x3734, 0x0062,
    0x3736, 0x005E,
    0x3738, 0x0064,
    0x373A, 0x0068,
    0x373C, 0x006A,
    0x373E, 0x0030,
    0x3740, 0x0035,
    0x3742, 0x0037,
    0x3744, 0x0044,
    0x3746, 0x0047,
    0x3748, 0x0054,
    0x374A, 0x0057,
    0x374C, 0x005B,
    0x374E, 0x005D,
    0x3750, 0x005E,
    0x3752, 0x0060,
    0x3754, 0x0062,
    0x3756, 0x005E,
    0x3758, 0x0064,
    0x375A, 0x0068,
    0x375C, 0x006A,
    0x391C, 0x0000,
    0x3926, 0x0000,
    0x3928, 0x0000,
    0x392A, 0x0000,
    0x392C, 0x0000,
    0x392E, 0x0000,
    0x3930, 0x0000,
    0x3932, 0x0000,
    0x3946, 0x0000,
    0x3948, 0x0000,
    0x394A, 0x0000,
    0x394C, 0x0000,
    0x394E, 0x0000,
    0x3950, 0x0000,
    0x3952, 0x0000,
    0x3B4C, 0x000F,
    0x4780, 0x0200,
    0x498C, 0x012C,
    0x498E, 0x012C,
    0x4990, 0x012C,
    0x4992, 0x012C,
    0x4994, 0x0190,
    0x4996, 0x0190,
    0x4998, 0x0190,
    0x49B8, 0x0258,
    0x49BA, 0x0258,
    0x49BC, 0x0258,
    0x49CA, 0x0190,
    0x49CC, 0x0190,
    0x49CE, 0x0190,
    0x49DC, 0x01F4,
    0x49DE, 0x01F4,
    0x49E0, 0x01F4,
    0x49E6, 0x005A,
    0x49E8, 0x003C,
    0x49EA, 0x0028,
    0x49EC, 0x0014,
    0x49EE, 0x0004,
    0x49F0, 0x0004,
    0x49F2, 0x0004,
    0x49F8, 0x0064,
    0x49FA, 0x004B,
    0x49FC, 0x0032,
    0x49FE, 0x0019,
    0x4A00, 0x000A,
    0x4A02, 0x000A,
    0x4A04, 0x000A,
    0x4A0A, 0x006E,
    0x4A0C, 0x0050,
    0x4A0E, 0x003C,
    0x4A10, 0x001E,
    0x4A12, 0x0014,
    0x4A14, 0x0014,
    0x4A16, 0x0014,
    0x4A1C, 0x0078,
    0x4A1E, 0x0055,
    0x4A20, 0x0046,
    0x4A22, 0x0023,
    0x4A24, 0x001E,
    0x4A26, 0x001E,
    0x4A28, 0x001E,
    0x4A2E, 0x007D,
    0x4A30, 0x005F,
    0x4A32, 0x004B,
    0x4A34, 0x0032,
    0x4A36, 0x0032,
    0x4A38, 0x0032,
    0x4A3A, 0x0032,
    0x4A40, 0x0082,
    0x4A42, 0x0069,
    0x4A44, 0x0050,
    0x4A46, 0x0050,
    0x4A48, 0x0050,
    0x4A4A, 0x0050,
    0x4A4C, 0x0050,
    0x4A64, 0x0000,
    0x4A66, 0x0000,
    0x4A68, 0x0000,
    0x4A6A, 0x0003,
    0x4A6C, 0x0006,
    0x4A6E, 0x0006,
    0x4A70, 0x0006,
    0x4A76, 0x0000,
    0x4A78, 0x0000,
    0x4A7A, 0x0000,
    0x4A7C, 0x0003,
    0x4A7E, 0x0007,
    0x4A80, 0x0007,
    0x4A82, 0x0007,
    0x4A88, 0x0000,
    0x4A8A, 0x000A,
    0x4A8C, 0x0014,
    0x4A8E, 0x0019,
    0x4A90, 0x001E,
    0x4A92, 0x001E,
    0x4A94, 0x001E,
    0x4B06, 0x0001,
    0x4B08, 0x0001,
    0x4B0A, 0x0001,
    0x4B0C, 0x0000,
    0x4B0E, 0x0000,
    0x4B10, 0x0000,
    0x4B12, 0x0000,
    0x4BA8, 0x003C,
    0x4BAA, 0x0006,
    0x4BAC, 0x0006,
    0x4BAE, 0x0006,
    0x4BB0, 0x0006,
    0x4BB2, 0x0006,
    0x4BB4, 0x0006,
    0x4BCC, 0x0028,
    0x4BCE, 0x0001,
    0x4BD0, 0x0001,
    0x4BD2, 0x0001,
    0x4BD4, 0x0001,
    0x4BD6, 0x0001,
    0x4BD8, 0x0001,
    0x4C02, 0x003C,
    0x4C04, 0x0008,
    0x4C06, 0x0008,
    0x4C08, 0x0008,
    0x4C0A, 0x0008,
    0x4C0C, 0x0008,
    0x4C0E, 0x0008,
    0x4C26, 0x0028,
    0x4C28, 0x0014,
    0x4C2A, 0x0014,
    0x4C2C, 0x0014,
    0x4C2E, 0x0014,
    0x4C30, 0x0014,
    0x4C32, 0x0014,
    0x4C52, 0x044C,
    0x4C54, 0x044C,
    0x4C56, 0x044C,
    0x4CE2, 0x001E,
    0x4CE4, 0x001E,
    0x4CE6, 0x001E,
    0x4DBA, 0x00E6,
    0x4DBC, 0x00E6,
    0x4DBE, 0x00E6,
    0x4DCC, 0x00E6,
    0x4DCE, 0x00E6,
    0x4DD0, 0x00E6,
    0x4DDE, 0x00E6,
    0x4DE0, 0x00E6,
    0x4DE2, 0x00E6,
    0x4E02, 0x0050,
    0x4E04, 0x0050,
    0x4E06, 0x0050,
    0x4F3E, 0x001E,
    0x4F40, 0x001E,
    0x4F42, 0x001E,
    0x4F44, 0x0028,
    0x4F46, 0x0032,
    0x4F48, 0x0032,
    0x4F4A, 0x0032,
    0x4F50, 0x001E,
    0x4F52, 0x001E,
    0x4F54, 0x001E,
    0x4F56, 0x0028,
    0x4F58, 0x0050,
    0x4F5A, 0x0050,
    0x4F5C, 0x0050,
    0x4F62, 0x001E,
    0x4F64, 0x001E,
    0x4F66, 0x001E,
    0x4F68, 0x0028,
    0x4F6A, 0x006E,
    0x4F6C, 0x006E,
    0x4F6E, 0x006E,
    0x4F74, 0x001E,
    0x4F76, 0x001E,
    0x4F78, 0x001E,
    0x4F7A, 0x0028,
    0x4F7C, 0x0082,
    0x4F7E, 0x0082,
    0x4F80, 0x0082,
    0x4F86, 0x0028,
    0x4F88, 0x0028,
    0x4F8A, 0x0028,
    0x4F8C, 0x0032,
    0x4F8E, 0x0082,
    0x4F90, 0x0082,
    0x4F92, 0x0082,
    0x85FA, 0x0000,
    0xFCFC, 0x2002,
    0xDDD6, 0x001F,
    0xDDD8, 0x000C,
    0xDDDA, 0x000C,
    0xDDDC, 0x000C,
    0xDDDE, 0x000C,
    0xDDE0, 0x000C,
    0xDDEC, 0x0000,
    0xDDF6, 0x0100,
    0xDDF8, 0x8000,
    0xDDFA, 0x0216,
    0xDE02, 0x003F,
    0xDE04, 0x0001,
    0xDE06, 0x0F13,
    0xDE08, 0x0F13,
    0xDE0A, 0x000C,
    0xDE0C, 0x000C,
    0xDE0E, 0x0000,
    0xDE16, 0x0000,
    0xDE18, 0x04EF,
    0xDE1C, 0x0001,
    0xDE20, 0x0000,
    0xDE22, 0x0100,
    0xDE24, 0x0000,
    0xDE26, 0x0200,
    0xDE28, 0x0000,
    0xDE2A, 0x0400,
    0xDE2C, 0x0000,
    0xDE2E, 0x0800,
    0xDE30, 0x0000,
    0xDE32, 0x2000,
    0xDE34, 0x0000,
    0xDE36, 0x4000,
    0xDE38, 0x0000,
    0xDE3A, 0x0100,
    0xDE3C, 0x0000,
    0xDE3E, 0x0200,
    0xDE40, 0x0000,
    0xDE42, 0x0400,
    0xDE44, 0x0000,
    0xDE46, 0x0800,
    0xDE48, 0x0000,
    0xDE4A, 0x2000,
    0xDE4C, 0x0000,
    0xDE4E, 0x4000,
    0xDE50, 0x0000,
    0xDE52, 0x0100,
    0xDE54, 0x0000,
    0xDE56, 0x0200,
    0xDE58, 0x0000,
    0xDE5A, 0x0400,
    0xDE5C, 0x0000,
    0xDE5E, 0x0800,
    0xDE60, 0x0000,
    0xDE62, 0x2000,
    0xDE64, 0x0000,
    0xDE66, 0x4000,
    0xDE68, 0x0000,
    0xDE6A, 0x0100,
    0xDE6C, 0x0000,
    0xDE6E, 0x0200,
    0xDE70, 0x0000,
    0xDE72, 0x0400,
    0xDE74, 0x0000,
    0xDE76, 0x0800,
    0xDE78, 0x0000,
    0xDE7A, 0x2000,
    0xDE7C, 0x0000,
    0xDE7E, 0x4000,
    0xDE80, 0x0000,
    0xDE82, 0x0000,
    0xDE84, 0x0000,
    0xDE86, 0x0000,
    0xDE88, 0x0000,
    0xDE8A, 0x0000,
    0xDE8C, 0x0000,
    0xDE8E, 0x0000,
    0xDE90, 0x0000,
    0xDE92, 0x0000,
    0xDE94, 0x0000,
    0xDE96, 0x0000,
    0xDE98, 0x0000,
    0xDE9A, 0x0000,
    0xDE9C, 0x0000,
    0xDE9E, 0x0000,
    0xDEA0, 0x0000,
    0xDEA2, 0x0000,
    0xDEA4, 0x0000,
    0xDEA6, 0x0000,
    0xDEA8, 0x0000,
    0xDEAA, 0x0000,
    0xDEAC, 0x0000,
    0xDEAE, 0x0000,
    0xDEB0, 0x0000,
    0xDEB2, 0x0000,
    0xDEB4, 0x0000,
    0xDEB6, 0x0000,
    0xDEB8, 0x0000,
    0xDEBA, 0x0000,
    0xDEBC, 0x0000,
    0xDEBE, 0x0000,
    0xDEC0, 0x0000,
    0xDEC2, 0x0000,
    0xDEC4, 0x0000,
    0xDEC6, 0x0000,
    0xDEC8, 0x0000,
    0xDECA, 0x0000,
    0xDECC, 0x0000,
    0xDECE, 0x0000,
    0xDED0, 0x0000,
    0xDED2, 0x0000,
    0xDED4, 0x0000,
    0xDED6, 0x0000,
    0xDED8, 0x0000,
    0xDEDA, 0x0000,
    0xDEDC, 0x0000,
    0xDEDE, 0x0000,
    0xDF40, 0x0000,
    0xDF42, 0x01FF,
    0xDF44, 0x0000,
    0xDF46, 0x03FF,
    0xDF48, 0x0000,
    0xDF4A, 0x07FF,
    0xDF4C, 0x0000,
    0xDF4E, 0x1FFF,
    0xDF50, 0x0000,
    0xDF52, 0x3FFF,
    0xDF54, 0x0001,
    0xDF56, 0x0000,
    0xDF58, 0x0000,
    0xDF5A, 0x01FF,
    0xDF5C, 0x0000,
    0xDF5E, 0x03FF,
    0xDF60, 0x0000,
    0xDF62, 0x07FF,
    0xDF64, 0x0000,
    0xDF66, 0x1FFF,
    0xDF68, 0x0000,
    0xDF6A, 0x3FFF,
    0xDF6C, 0x0001,
    0xDF6E, 0x0000,
    0xDF70, 0x0000,
    0xDF72, 0x01FF,
    0xDF74, 0x0000,
    0xDF76, 0x03FF,
    0xDF78, 0x0000,
    0xDF7A, 0x07FF,
    0xDF7C, 0x0000,
    0xDF7E, 0x1FFF,
    0xDF80, 0x0000,
    0xDF82, 0x3FFF,
    0xDF84, 0x0001,
    0xDF86, 0x0000,
    0xDF88, 0x0000,
    0xDF8A, 0x01FF,
    0xDF8C, 0x0000,
    0xDF8E, 0x03FF,
    0xDF90, 0x0000,
    0xDF92, 0x07FF,
    0xDF94, 0x0000,
    0xDF96, 0x1FFF,
    0xDF98, 0x0000,
    0xDF9A, 0x3FFF,
    0xDF9C, 0x0001,
    0xDF9E, 0x0000,
    0xDFA0, 0x0000,
    0xDFA2, 0x0000,
    0xDFA4, 0x0000,
    0xDFA6, 0x0000,
    0xDFA8, 0x0000,
    0xDFAA, 0x0000,
    0xDFAC, 0x0000,
    0xDFAE, 0x0000,
    0xDFB0, 0x0000,
    0xDFB2, 0x0000,
    0xDFB4, 0x0000,
    0xDFB6, 0x0000,
    0xDFB8, 0x0000,
    0xDFBA, 0x0000,
    0xDFBC, 0x0000,
    0xDFBE, 0x0000,
    0xDFC0, 0x0000,
    0xDFC2, 0x0000,
    0xDFC4, 0x0000,
    0xDFC6, 0x0000,
    0xDFC8, 0x0000,
    0xDFCA, 0x0000,
    0xDFCC, 0x0000,
    0xDFCE, 0x0000,
    0xDFD0, 0x0000,
    0xDFD2, 0x0000,
    0xDFD4, 0x0000,
    0xDFD6, 0x0000,
    0xDFD8, 0x0000,
    0xDFDA, 0x0000,
    0xDFDC, 0x0000,
    0xDFDE, 0x0000,
    0xDFE0, 0x0000,
    0xDFE2, 0x0000,
    0xDFE4, 0x0000,
    0xDFE6, 0x0000,
    0xDFE8, 0x0000,
    0xDFEA, 0x0000,
    0xDFEC, 0x0000,
    0xDFEE, 0x0000,
    0xDFF0, 0x0000,
    0xDFF2, 0x0000,
    0xDFF4, 0x0000,
    0xDFF6, 0x0000,
    0xDFF8, 0x0000,
    0xDFFA, 0x0000,
    0xDFFC, 0x0000,
    0xDFFE, 0x0000,
    0xE060, 0x0000,
    0xE06E, 0x2000,
    0xE070, 0x1800,
    0xE072, 0x2020,
    0xE074, 0x1830,
    0xE076, 0xFFFF,
    0xE078, 0xFFFF,
    0xE07A, 0x0000,
    0xFCFC, 0x4000,
    0x0086, 0x2000,
    0x020A, 0x0100,
    0x0228, 0x0100,
    0x0380, 0x0004,
    0x0382, 0x000C,
    0x0384, 0x0008,
    0x0386, 0x0008,
    0x0722, 0x0800,
    0x0900, 0x3388,
    0x0B02, 0x0202,
    0x0B04, 0x0001,
    0x0B06, 0x0101,
    0x0B08, 0x0100,
    0x0B0A, 0x0101,
    0x0B0C, 0x0100,
    0x0BCC, 0x0000,
    0x0BE2, 0x0000,
};

//2048x1536@30fps
static kal_uint16 s5khp5_custom4_setting[] = {
    0xFCFC, 0x2000,
    0x0F8C, 0x0000,
    0x1004, 0x0000,
    0x46F2, 0x0000,
    0x4718, 0xFFFF,
    0x472C, 0x0000,
    0x472E, 0x0000,
    0x4760, 0x0200,
    0x8F40, 0x0702,
    0xA76E, 0x0180,
    0xA770, 0x0200,
    0xA772, 0x0300,
    0xA774, 0x0400,
    0xA776, 0x1E20,
    0xA778, 0x2223,
    0xA77A, 0x2526,
    0xA77C, 0x2728,
    0xA77E, 0x292A,
    0xA780, 0x2B2C,
    0xA782, 0x2C2D,
    0xA784, 0x2E2E,
    0xA786, 0x2F31,
    0xA788, 0x3233,
    0xA78A, 0x3435,
    0xA78C, 0x3637,
    0xA78E, 0x3739,
    0xA790, 0x3A3B,
    0xA792, 0x3B3D,
    0xA794, 0x3E3E,
    0xA796, 0x3F2C,
    0xB8C4, 0x0000,
    0xFCFC, 0x2001,
    0x10F0, 0x0200,
    0x2C02, 0x0004,
    0x2C04, 0x0004,
    0x2C06, 0x0000,
    0x2DD0, 0x0000,
    0x34BC, 0x013F,
    0x34BE, 0x017F,
    0x34C0, 0x01BF,
    0x34C2, 0x01FF,
    0x34C4, 0x027F,
    0x34C6, 0x02FF,
    0x34C8, 0x037F,
    0x34CA, 0x03FF,
    0x34CC, 0x05FF,
    0x34CE, 0x07FF,
    0x34D0, 0x09FF,
    0x34D2, 0x0BFF,
    0x34D4, 0x0DFF,
    0x34D6, 0x0FFF,
    0x34D8, 0x3FFF,
    0xFCFC, 0x4000,
    0x0112, 0x0A0A,
    0x0114, 0x0201,
    0x0118, 0x0004,
    0x011C, 0x0101,
    0x0136, 0x1800,
    0x013E, 0x0000,
    0x0202, 0x0200,
    0x0204, 0x0020,
    0x021E, 0x0000,
    0x0226, 0x0200,
    0x022C, 0x0200,
    0x0260, 0x0001,
    0x0262, 0x0200,
    0x0264, 0x0006,
    0x0270, 0x2B2B,
    0x0272, 0x2B10,
    0x0274, 0x302B,
    0x0304, 0x0003,
    0x0306, 0x00F0,
    0x030C, 0x0000,
    0x030E, 0x0003,
    0x0310, 0x00BA,
    0x0312, 0x0000,
    0x031A, 0x0003,
    0x031C, 0x0028,
    0x031E, 0x0002,
    0x0340, 0x2810,
    0x0342, 0x1860,
    0x0344, 0x0000,
    0x0346, 0x0020,
    0x0348, 0x4034,
    0x034A, 0x3050,
    0x034C, 0x0800,
    0x034E, 0x0600,
    0x0350, 0x0004,
    0x0352, 0x0004,
    0x0720, 0x0001,
    0x0724, 0x0000,
    0x072C, 0x0400,
    0x072E, 0x0180,
    0x081C, 0x1015,
    0x081E, 0x0F00,
    0x0BCA, 0x0101,
    0xFCFC, 0x2000,
    0x0E90, 0x0803,
    0x0E92, 0x0803,
    0x0E94, 0x0803,
    0x0E96, 0x0803,
    0x0F64, 0x0040,
    0x34BA, 0x0000,
    0x34BC, 0x0004,
    0x3512, 0xFA36,
    0x3514, 0xFB0E,
    0x3552, 0x0000,
    0x3554, 0x0000,
    0x3E14, 0x0101,
    0x3E16, 0x0100,
    0x3E1E, 0x03FF,
    0x3E20, 0x03FF,
    0x3E22, 0x01FF,
    0x3E24, 0x003F,
    0x3E30, 0x0400,
    0x3E32, 0x0400,
    0x3E34, 0x0200,
    0x3E36, 0x0040,
    0x4114, 0x0008,
    0x4116, 0x0048,
    0x4118, 0x4000,
    0x411A, 0xFA28,
    0x411C, 0xA8B1,
    0x411E, 0xA0B1,
    0x4120, 0x4000,
    0x4122, 0xFA2C,
    0x4124, 0x0002,
    0x4126, 0x0003,
    0x4128, 0x4000,
    0x412A, 0xFC1E,
    0x41B4, 0x000C,
    0x41B6, 0x0000,
    0x41B8, 0x4000,
    0x41BA, 0xFAB2,
    0x41BC, 0x000C,
    0x41BE, 0x0000,
    0x41C0, 0x4000,
    0x41C2, 0xFAB4,
    0x4254, 0x06DB,
    0x4256, 0x06C9,
    0x4258, 0x4000,
    0x425A, 0xFA12,
    0x42F4, 0x01D5,
    0x42F6, 0x01F9,
    0x42F8, 0x4000,
    0x42FA, 0xF470,
    0x42FC, 0x01D5,
    0x42FE, 0x01F9,
    0x4300, 0x4000,
    0x4302, 0xF478,
    0x46F0, 0x0101,
    0x47C2, 0x0101,
    0x485A, 0x0103,
    0x487C, 0x0004,
    0x4882, 0x0004,
    0x489A, 0x0004,
    0x48A0, 0x0004,
    0x48B8, 0x0012,
    0x48BE, 0x0014,
    0x48D6, 0x0014,
    0x48DC, 0x000C,
    0x48F4, 0x0012,
    0x48FA, 0x0014,
    0x4918, 0x0101,
    0x491A, 0x0000,
    0x49D0, 0x0000,
    0x49D4, 0x2214,
    0x49DA, 0x1422,
    0x49E6, 0x2118,
    0x49EC, 0x1821,
    0x49F8, 0x8080,
    0x4A58, 0x0030,
    0x4A5A, 0xFFF1,
    0x4A5C, 0x0001,
    0x4A5E, 0x00C8,
    0x4A60, 0x0001,
    0x4A62, 0x0001,
    0x4A64, 0x0030,
    0x4A66, 0x001B,
    0x4A68, 0x0007,
    0x4A6A, 0x0006,
    0x4A6C, 0x0018,
    0x4A6E, 0x0006,
    0x4A70, 0x0006,
    0x4A72, 0x0019,
    0x4A90, 0xFFF9,
    0x4A92, 0xFFFA,
    0x4A94, 0x0005,
    0x4A96, 0x0005,
    0x4A98, 0x0010,
    0x4A9A, 0x0010,
    0x4A9C, 0xFFFC,
    0x4A9E, 0x0048,
    0x4AA0, 0x0020,
    0x4AA2, 0x000E,
    0x4AA4, 0x000E,
    0x4AA6, 0x0007,
    0x4AA8, 0x0007,
    0x4AAA, 0x0048,
    0x4AAC, 0xFFF3,
    0x4AB0, 0xFFFC,
    0x4AB8, 0xFFFC,
    0x4ABA, 0x0048,
    0x4ABE, 0x0000,
    0x4AC0, 0x000E,
    0x4AC2, 0x001E,
    0x4AC4, 0x002E,
    0x4AC6, 0x0048,
    0x4AD4, 0xFFFC,
    0x4AE2, 0x0048,
    0x4AE4, 0x0021,
    0x4AE6, 0x0010,
    0x4AE8, 0x0010,
    0x4AEA, 0x0010,
    0x4AEC, 0x0010,
    0x4AEE, 0x0010,
    0x4AF0, 0x0016,
    0x4AF2, 0x001A,
    0x4AF4, 0x0008,
    0x4AF6, 0x0008,
    0x4AF8, 0x0004,
    0x4AFA, 0x0008,
    0x4AFC, 0x0008,
    0x4AFE, 0x0018,
    0x4B54, 0x0021,
    0x4B56, 0x0010,
    0x4B58, 0x0010,
    0x4B5A, 0x0010,
    0x4B5C, 0x0010,
    0x4B5E, 0x0010,
    0x4B60, 0x0016,
    0x4B62, 0x001A,
    0x4B64, 0x0008,
    0x4B66, 0x0008,
    0x4B68, 0x0004,
    0x4B6A, 0x0008,
    0x4B6C, 0x0008,
    0x4B6E, 0x0018,
    0x4BC4, 0x0021,
    0x4BC6, 0x0010,
    0x4BC8, 0x0010,
    0x4BCA, 0x0010,
    0x4BCC, 0x0010,
    0x4BCE, 0x0010,
    0x4BD0, 0x0016,
    0x4BD2, 0x001A,
    0x4BD4, 0x0008,
    0x4BD6, 0x0008,
    0x4BD8, 0x0004,
    0x4BDA, 0x0008,
    0x4BDC, 0x0008,
    0x4BDE, 0x0018,
    0x4BE0, 0x0008,
    0x4BE2, 0x0003,
    0x4BE4, 0x0003,
    0x4BE6, 0x0008,
    0x4BE8, 0x0003,
    0x4BEA, 0x0003,
    0x4BEC, 0x0005,
    0x4BEE, 0x0060,
    0x4BF0, 0x004B,
    0x4BF2, 0x0060,
    0x4BF4, 0x0060,
    0x4BF6, 0x0060,
    0x4BF8, 0x0060,
    0x4BFA, 0x0060,
    0x4C08, 0x0060,
    0x4C16, 0x0060,
    0x4C40, 0x0000,
    0x4C42, 0x0000,
    0x4C44, 0x0001,
    0x4C46, 0x0014,
    0x4C48, 0x0014,
    0x4C4A, 0x0014,
    0x4C4C, 0x0014,
    0x4C4E, 0x0000,
    0x4C5C, 0x0002,
    0x4C6C, 0x0004,
    0x4C6E, 0x0001,
    0x4C70, 0x0004,
    0x4C72, 0x0007,
    0x4C74, 0x0004,
    0x4C76, 0x0004,
    0x4C78, 0x0004,
    0x4C7A, 0x0001,
    0x4C7C, 0xFFD0,
    0x4C7E, 0xFFDE,
    0x4C80, 0xFFDE,
    0x4C82, 0xFFCE,
    0x4C84, 0xFFCE,
    0x4C86, 0x0001,
    0x4C88, 0x0000,
    0x4C8A, 0x0000,
    0x4C8C, 0x0006,
    0x4C8E, 0x0006,
    0x4C90, 0x0006,
    0x4C92, 0x0006,
    0x4C94, 0x0000,
    0x4C96, 0x0000,
    0x4C98, 0xFFE0,
    0x4C9A, 0x0004,
    0x4C9C, 0xFFFD,
    0x4C9E, 0xFFFF,
    0x4CA0, 0xFFFF,
    0x4CA2, 0x0000,
    0x4CAA, 0x0006,
    0x4CB0, 0x0000,
    0x4CB2, 0x0000,
    0x4CB6, 0xFFD6,
    0x4CB8, 0x0006,
    0x4CBA, 0xFFCA,
    0x4CBC, 0xFFBA,
    0x4CBE, 0x0000,
    0x4CCC, 0x0000,
    0x4CDA, 0x0000,
    0x4CDC, 0x0002,
    0x4CDE, 0x0001,
    0x4CE0, 0x0001,
    0x4CE2, 0x0004,
    0x4CE4, 0x0001,
    0x4CE6, 0x0001,
    0x4CE8, 0x0002,
    0x4CEA, 0x000A,
    0x4CEC, 0x0040,
    0x4CEE, 0x0040,
    0x4CF0, 0x0040,
    0x4CF2, 0x0040,
    0x4CF4, 0x0040,
    0x4CF6, 0x000A,
    0x4CF8, 0x0002,
    0x4CFA, 0x0001,
    0x4CFC, 0x0001,
    0x4CFE, 0x0004,
    0x4D00, 0x0001,
    0x4D02, 0x0001,
    0x4D04, 0x0002,
    0x4D06, 0x000A,
    0x4D08, 0x0040,
    0x4D0A, 0x0040,
    0x4D0C, 0x0040,
    0x4D0E, 0x0040,
    0x4D10, 0x0040,
    0x4D12, 0x000A,
    0x4D14, 0x0002,
    0x4D16, 0x0001,
    0x4D18, 0x0001,
    0x4D1A, 0x0004,
    0x4D1C, 0x0001,
    0x4D1E, 0x0001,
    0x4D20, 0x0002,
    0x4D22, 0x000A,
    0x4D24, 0x0040,
    0x4D26, 0x0040,
    0x4D28, 0x0040,
    0x4D2A, 0x0040,
    0x4D2C, 0x0040,
    0x4D2E, 0x000A,
    0x4D74, 0x0000,
    0x4D82, 0x0000,
    0x4DF4, 0x0000,
    0x4DF6, 0x0305,
    0x4DF8, 0x0004,
    0x4DFA, 0x0004,
    0x4DFC, 0x0004,
    0x4DFE, 0x0000,
    0x4E00, 0x0000,
    0x4E04, 0x0053,
    0x4E06, 0x0053,
    0x4E08, 0x0053,
    0x4E0A, 0x0053,
    0x4E0C, 0x0053,
    0x4E0E, 0x0053,
    0x4E2C, 0x000F,
    0x4E2E, 0x012F,
    0x4E30, 0x01E8,
    0x4E32, 0x01E8,
    0x4E34, 0x0351,
    0x4E36, 0x064F,
    0x4E38, 0x000F,
    0x4E3C, 0x004B,
    0x4E3E, 0x0060,
    0x4E40, 0x0060,
    0x4E42, 0x0060,
    0x4E44, 0x0060,
    0x4E46, 0x0030,
    0x4E48, 0x000F,
    0x4E4A, 0x012F,
    0x4E4C, 0x01E8,
    0x4E4E, 0x01E8,
    0x4E50, 0x0351,
    0x4E52, 0x064F,
    0x4E54, 0x000F,
    0x4E58, 0x004B,
    0x4E5A, 0x0060,
    0x4E5C, 0x0060,
    0x4E5E, 0x0060,
    0x4E60, 0x0060,
    0x4E62, 0x0030,
    0x4E9A, 0x0000,
    0x4EB6, 0x0008,
    0x4EE0, 0x000A,
    0x4EFC, 0x0018,
    0x4F1A, 0x0002,
    0x4F1C, 0x001A,
    0x4F1E, 0x0064,
    0x4F20, 0x0001,
    0x4F22, 0x0064,
    0x4F24, 0x0064,
    0x4F26, 0x0002,
    0x4F28, 0x008A,
    0x4F2A, 0x0054,
    0x4F2C, 0x0080,
    0x4F2E, 0x0342,
    0x4F30, 0x0080,
    0x4F32, 0x0080,
    0x4F34, 0x008A,
    0x4F36, 0x0088,
    0x4F38, 0x0052,
    0x4F3A, 0x007E,
    0x4F3C, 0x0340,
    0x4F3E, 0x007E,
    0x4F40, 0x007E,
    0x4F42, 0x0088,
    0x4F52, 0x0004,
    0x4F60, 0x000A,
    0x4F6E, 0x0004,
    0x4F70, 0x0008,
    0x4F72, 0x0008,
    0x4F74, 0x0008,
    0x4F76, 0x0008,
    0x4F78, 0x0008,
    0x4F7A, 0x0004,
    0x4F7C, 0x000A,
    0x4F7E, 0x0008,
    0x4F80, 0x0008,
    0x4F82, 0x0008,
    0x4F84, 0x0008,
    0x4F86, 0x0008,
    0x4F88, 0x000A,
    0x50BE, 0x001B,
    0x50C0, 0x0024,
    0x50C2, 0x0034,
    0x50C4, 0x00F0,
    0x50C6, 0x0019,
    0x50C8, 0x0019,
    0x50CA, 0x0010,
    0x50CC, 0x0021,
    0x50CE, 0x0005,
    0x50D0, 0x001C,
    0x50D2, 0x00F6,
    0x50D4, 0x0008,
    0x50D6, 0x0008,
    0x50D8, 0x0016,
    0x50E0, 0x0104,
    0x50E6, 0x0016,
    0x50E8, 0x000F,
    0x50EC, 0x0008,
    0x50EE, 0x0008,
    0x50F0, 0x0008,
    0x50F2, 0x0008,
    0x50F4, 0x000F,
    0x5118, 0x0005,
    0x5126, 0x000F,
    0x51FE, 0x0005,
    0x520C, 0x000A,
    0x5214, 0x0007,
    0x521A, 0x0005,
    0x527E, 0x0003,
    0x528C, 0x0010,
    0x528E, 0x0016,
    0x5290, 0x0016,
    0x5292, 0x0016,
    0x5294, 0x0016,
    0x5296, 0x0016,
    0x5298, 0x0015,
    0x529E, 0x0027,
    0x52A0, 0x0029,
    0x52A2, 0x0027,
    0x52A4, 0x0027,
    0x52A6, 0x002D,
    0x52B6, 0x0032,
    0x52B8, 0x0035,
    0x52BA, 0x0036,
    0x52BC, 0x0036,
    0x52BE, 0x0036,
    0x52C0, 0x0036,
    0x52C2, 0x0037,
    0x5500, 0x00C7,
    0x5554, 0x00C7,
    0x578A, 0x0004,
    0x578C, 0x000A,
    0x578E, 0x0004,
    0x5790, 0x0004,
    0x5792, 0x001F,
    0x57CC, 0x005E,
    0x57CE, 0x003E,
    0x57D0, 0x0084,
    0x57D2, 0x0154,
    0x57D4, 0x0100,
    0x57D6, 0x0100,
    0x57D8, 0x0070,
    0x57E6, 0x0115,
    0x57E8, 0x0089,
    0x57EC, 0x0078,
    0x57EE, 0x0078,
    0x57F0, 0x0088,
    0x57F2, 0x0088,
    0x57F4, 0x00C6,
    0x5804, 0x0089,
    0x5806, 0x00A9,
    0x5808, 0x0174,
    0x580A, 0x01E4,
    0x580C, 0x0158,
    0x580E, 0x0158,
    0x5810, 0x00C6,
    0x581A, 0x00F0,
    0x581C, 0x00E0,
    0x581E, 0x00C6,
    0x629E, 0x0000,
    0x62AC, 0x0000,
    0x65AE, 0x017C,
    0x65BC, 0x01C1,
    0x65F6, 0x0000,
    0x65FA, 0x8000,
    0x65FC, 0x8000,
    0x65FE, 0x8000,
    0x6600, 0x8000,
    0x6604, 0x0000,
    0x6608, 0x8000,
    0x660A, 0x8000,
    0x660C, 0x8000,
    0x660E, 0x8000,
    0x8F42, 0x0000,
    0x8F72, 0x0600,
    0x8F7E, 0x0017,
    0x8F80, 0x170B,
    0x8F82, 0x0B0B,
    0x8F84, 0x0B0B,
    0x8F8C, 0x0004,
    0x8F8E, 0x040B,
    0x8F90, 0x0B0B,
    0x8F92, 0x0B0B,
    0x8F9A, 0x0001,
    0x8F9C, 0x0100,
    0x8F9E, 0x0101,
    0x8FA0, 0x0101,
    0x8FA8, 0x0001,
    0x8FAA, 0x0100,
    0x8FAC, 0x0101,
    0x8FAE, 0x0101,
    0x8FB6, 0x0090,
    0x8FB8, 0x0B07,
    0x8FBA, 0x0B0B,
    0x8FBC, 0x0B0B,
    0x8FC4, 0x0090,
    0x8FC6, 0x9005,
    0x8FC8, 0x9090,
    0x8FCA, 0x9090,
    0x8FD0, 0x0087,
    0x8FD2, 0x0082,
    0x8FD4, 0xF7DD,
    0x8FD6, 0xF105,
    0x8FD8, 0x3008,
    0x8FDA, 0x00FF,
    0x8FDC, 0x03FF,
    0x8FDE, 0x1901,
    0x8FE0, 0x06C9,
    0x8FE2, 0x0249,
    0x8FE4, 0x0249,
    0x8FE6, 0x0010,
    0x8FE8, 0x0449,
    0x8FEA, 0x0790,
    0x8FF6, 0x0D0D,
    0x8FF8, 0x080D,
    0x8FFA, 0x0D0D,
    0x8FFC, 0x0D0D,
    0x8FFE, 0x0D08,
    0x9000, 0x0D0D,
    0x9002, 0x0D0D,
    0x9066, 0x80F5,
    0x9996, 0xA6F1,
    0x9998, 0x412C,
    0x999A, 0xA8B1,
    0x999C, 0x0000,
    0x999E, 0x0044,
    0x9D50, 0x013F,
    0x9D54, 0x0000,
    0x9D56, 0x01FF,
    0x9D58, 0xFFFF,
    0x9DD4, 0x4000,
    0x9DD6, 0xFA9E,
    0x9DD8, 0x4000,
    0x9DDA, 0xFAA0,
    0x9DE4, 0x1206,
    0x9DE6, 0x0C06,
    0x9E60, 0x0C06,
    0x9E62, 0x1206,
    0x9E64, 0x0C06,
    0x9EDE, 0x0C06,
    0xA0A8, 0x0000,
    0xA0EE, 0x0100,
    0xA15C, 0x0002,
    0xA1C4, 0xBC76,
    0xA1D2, 0xFE00,
    0xA4FE, 0x0011,
    0xA50C, 0x0014,
    0xA512, 0x0000,
    0xA514, 0x0000,
    0xA516, 0x00A0,
    0xA51E, 0x0000,
    0xA520, 0x001E,
    0xA522, 0x001E,
    0xA52E, 0x0000,
    0xA530, 0x0000,
    0xA53C, 0x000A,
    0xA53E, 0x0000,
    0xA540, 0x0000,
    0xA542, 0x0000,
    0xA54A, 0x0000,
    0xA54C, 0x0001,
    0xA54E, 0x0001,
    0xA550, 0x0001,
    0xA558, 0x0001,
    0xA55A, 0x0000,
    0xA734, 0x0000,
    0xA736, 0x0022,
    0xA738, 0x0024,
    0xA73A, 0x0026,
    0xA73C, 0x0028,
    0xA73E, 0x002A,
    0xA740, 0x002C,
    0xA742, 0x002E,
    0xA744, 0x0030,
    0xA746, 0x0032,
    0xA748, 0x0034,
    0xA74A, 0x0036,
    0xA74C, 0x0038,
    0xA74E, 0x003A,
    0xA750, 0x003C,
    0xA752, 0x003E,
    0xA754, 0x0040,
    0xA756, 0x0048,
    0xA758, 0x0050,
    0xA75A, 0x0058,
    0xA75C, 0x0060,
    0xA75E, 0x0068,
    0xA760, 0x0070,
    0xA762, 0x0078,
    0xA764, 0x0080,
    0xA766, 0x00A0,
    0xA768, 0x00C0,
    0xA76A, 0x00E0,
    0xA76C, 0x0100,
    0xA9E0, 0x8822,
    0xAA00, 0x0000,
    0xB252, 0x0202,
    0xB254, 0x0200,
    0xB264, 0x0001,
    0xB390, 0x0202,
    0xB39C, 0x0800,
    0xB3DC, 0x0600,
    0xB3DE, 0x0000,
    0xB3EE, 0x0600,
    0xB3F0, 0x0101,
    0xB57A, 0x0004,
    0xB57C, 0x0004,
    0xB8C0, 0x0011,
    0xB8C2, 0x000D,
    0xB8C6, 0x0B08,
    0xC880, 0x0100,
    0xC890, 0x00FF,
    0xC892, 0x0012,
    0xC896, 0x4F88,
    0xC89A, 0x0001,
    0xC89C, 0x0030,
    0xC89E, 0x0002,
    0xE8A2, 0x0100,
    0xE8A4, 0x0030,
    0xE8A8, 0x0000,
    0xE8AA, 0x4F8A,
    0xFF64, 0x0002,
    0xFF6A, 0x1000,
    0xFF6C, 0x1040,
    0xFF72, 0x0FF0,
    0xFF74, 0x1000,
    0xFF7A, 0x1000,
    0xFF7C, 0x1000,
    0xFF82, 0x1000,
    0xFF84, 0x1000,
    0xFF8A, 0x1000,
    0xFF8C, 0x1000,
    0xFF92, 0x1000,
    0xFF94, 0x1000,
    0xFF9A, 0x1000,
    0xFF9C, 0x1040,
    0xFFA2, 0x0FF0,
    0xFFA4, 0x1000,
    0xFFAA, 0x1000,
    0xFFAC, 0x1000,
    0xFFB2, 0x1000,
    0xFFB4, 0x1000,
    0xFFBA, 0x1000,
    0xFFBC, 0x1000,
    0xFFC2, 0x1000,
    0xFFC4, 0x1000,
    0xFFCA, 0x1000,
    0xFFCC, 0x1040,
    0xFFD2, 0x0FF0,
    0xFFD4, 0x1000,
    0xFFDA, 0x1000,
    0xFFDC, 0x1000,
    0xFFE2, 0x1000,
    0xFFE4, 0x1000,
    0xFFEA, 0x1000,
    0xFFEC, 0x1000,
    0xFFF2, 0x1000,
    0xFFF4, 0x1000,
    0xFFFA, 0x1000,
    0xFCFC, 0x4000,
    0x6028, 0x2000,
    0x602A, 0xFFFC,
    0x6F12, 0x1040,
    0xFCFC, 0x2001,
    0x0002, 0x0FF0,
    0x0004, 0x1000,
    0x000A, 0x1000,
    0x000C, 0x1000,
    0x0012, 0x1000,
    0x0014, 0x1000,
    0x001A, 0x1000,
    0x001C, 0x1000,
    0x0022, 0x1000,
    0x0024, 0x1000,
    0x002A, 0x0000,
    0x002C, 0x0000,
    0x0032, 0x0000,
    0x0034, 0x0000,
    0x003A, 0x0000,
    0x003C, 0x0000,
    0x0042, 0x0000,
    0x0044, 0x0000,
    0x004A, 0x0000,
    0x004C, 0x0000,
    0x0052, 0x0000,
    0x0054, 0x0000,
    0x005A, 0x0000,
    0x005C, 0x0000,
    0x0062, 0x0000,
    0x0064, 0x0000,
    0x006A, 0x0000,
    0x006C, 0x0000,
    0x0072, 0x0000,
    0x0074, 0x0000,
    0x007A, 0x0000,
    0x007C, 0x0000,
    0x0082, 0x0000,
    0x0084, 0x0000,
    0x008A, 0x0000,
    0x008C, 0x0000,
    0x0092, 0x0000,
    0x0094, 0x0000,
    0x009A, 0x0000,
    0x009C, 0x0000,
    0x00A2, 0x0000,
    0x00A4, 0x0000,
    0x00AA, 0x0000,
    0x00AC, 0x0000,
    0x00B2, 0x0000,
    0x00B4, 0x0000,
    0x00BA, 0x0000,
    0x00BC, 0x0000,
    0x00C2, 0x0000,
    0x00C4, 0x0000,
    0x00CA, 0x0000,
    0x00CC, 0x0000,
    0x00D2, 0x0000,
    0x00D4, 0x0000,
    0x00DA, 0x0000,
    0x00DC, 0x0000,
    0x00E2, 0x0000,
    0x00E4, 0x0000,
    0x01B4, 0x0600,
    0x01B6, 0x0003,
    0x01BA, 0x0003,
    0x01BE, 0x0003,
    0x01C2, 0x0003,
    0x01D6, 0x0003,
    0x01DA, 0x0003,
    0x01DE, 0x0003,
    0x01E2, 0x0003,
    0x01F6, 0x0003,
    0x01FA, 0x0003,
    0x01FE, 0x0003,
    0x0202, 0x0003,
    0x0216, 0x0003,
    0x021A, 0x0003,
    0x021E, 0x0003,
    0x0222, 0x0003,
    0x0236, 0x0000,
    0x023A, 0x0000,
    0x023E, 0x0000,
    0x0242, 0x0000,
    0x0256, 0x0000,
    0x025A, 0x0000,
    0x025E, 0x0000,
    0x0262, 0x0000,
    0x0276, 0x0000,
    0x027A, 0x0000,
    0x027E, 0x0000,
    0x0282, 0x0000,
    0x0296, 0x0000,
    0x029A, 0x0000,
    0x029E, 0x0000,
    0x02A2, 0x0000,
    0x0336, 0x0000,
    0x0338, 0x0000,
    0x033A, 0x0000,
    0x033C, 0x0000,
    0x033E, 0x0000,
    0x0340, 0x0000,
    0x0342, 0x0000,
    0x0344, 0x0000,
    0x0346, 0x0000,
    0x0348, 0x0000,
    0x034A, 0x0000,
    0x034C, 0x0000,
    0x034E, 0x0000,
    0x0350, 0x0000,
    0x0352, 0x0000,
    0x0354, 0x0000,
    0x0356, 0x0000,
    0x0358, 0x0000,
    0x035A, 0x0000,
    0x035C, 0x0000,
    0x035E, 0x0000,
    0x0360, 0x0000,
    0x0362, 0x0000,
    0x0364, 0x0000,
    0x0366, 0x0000,
    0x0368, 0x0000,
    0x036A, 0x0000,
    0x036C, 0x0000,
    0x036E, 0x0000,
    0x0370, 0x0000,
    0x0372, 0x0000,
    0x0374, 0x0000,
    0x0376, 0x0001,
    0x0378, 0x0000,
    0x037A, 0x0001,
    0x037C, 0x0000,
    0x037E, 0x0001,
    0x0380, 0x0000,
    0x0382, 0x0001,
    0x0384, 0x0000,
    0x0386, 0x0000,
    0x0388, 0x0000,
    0x038A, 0x0000,
    0x038C, 0x0000,
    0x038E, 0x0000,
    0x0390, 0x0000,
    0x0392, 0x0000,
    0x0394, 0x0000,
    0x0396, 0x0001,
    0x0398, 0x0000,
    0x039A, 0x0001,
    0x039C, 0x0000,
    0x039E, 0x0001,
    0x03A0, 0x0000,
    0x03A2, 0x0001,
    0x03A4, 0x0000,
    0x03A6, 0x0000,
    0x03A8, 0x0000,
    0x03AA, 0x0000,
    0x03AC, 0x0000,
    0x03AE, 0x0000,
    0x03B0, 0x0000,
    0x03B2, 0x0000,
    0x03B4, 0x0000,
    0x03B6, 0x0000,
    0x03BA, 0x0000,
    0x03BE, 0x0000,
    0x03C2, 0x0000,
    0x03D6, 0x0000,
    0x03DA, 0x0000,
    0x03DE, 0x0000,
    0x03E2, 0x0000,
    0x03F6, 0x0000,
    0x03FA, 0x0000,
    0x03FE, 0x0000,
    0x0402, 0x0000,
    0x0416, 0x0000,
    0x041A, 0x0000,
    0x041E, 0x0000,
    0x0422, 0x0000,
    0x2270, 0x0204,
    0x25D4, 0x0101,
    0x25FA, 0x2000,
    0x2648, 0x0200,
    0x264A, 0x0400,
    0x264C, 0x0200,
    0x264E, 0x0200,
    0x2660, 0x0202,
    0x2B7E, 0x0200,
    0x2B84, 0x0000,
    0x2BA0, 0x0200,
    0x2BA2, 0x0200,
    0x2BA4, 0x0000,
    0x2BA6, 0x0000,
    0x2BA8, 0x0000,
    0x2BAA, 0x0000,
    0x2BAC, 0x0200,
    0x2BAE, 0x0200,
    0x2BB0, 0x0100,
    0x2BB2, 0x0100,
    0x2BB4, 0x0100,
    0x2BB6, 0x0100,
    0x2BB8, 0x0100,
    0x2BBA, 0x0100,
    0x2BBC, 0x0100,
    0x2BBE, 0x0100,
    0x2BC4, 0x078A,
    0x2BC6, 0xFFFF,
    0x2BC8, 0xFFFF,
    0x2BCA, 0x0000,
    0x2BCC, 0x0000,
    0x2CBE, 0x0202,
    0x2DD6, 0x0101,
    0x2DD8, 0x0602,
    0x2DDC, 0x0204,
    0x2DFE, 0x0105,
    0x2E0E, 0x0000,
    0x2E16, 0x0064,
    0x2E18, 0x0096,
    0x2E1A, 0x0078,
    0x2E1C, 0x0190,
    0x2E1E, 0x0258,
    0x2E20, 0x0320,
    0x3348, 0x0002,
    0x34FE, 0x0400,
    0x350C, 0x000B,
    0x3516, 0x0079,
    0x3518, 0x007C,
    0x351A, 0x007B,
    0x351C, 0x007B,
    0x351E, 0x00A3,
    0x3520, 0x00A3,
    0x3522, 0x00A2,
    0x3524, 0x00A4,
    0x3526, 0x00A3,
    0x3528, 0x00A3,
    0x352A, 0x00AF,
    0x352C, 0x00B0,
    0x352E, 0x00B1,
    0x3530, 0x00B2,
    0x3532, 0x00A6,
    0x3534, 0x00A6,
    0x3536, 0x0079,
    0x3538, 0x007C,
    0x353A, 0x007B,
    0x353C, 0x007B,
    0x353E, 0x00A3,
    0x3540, 0x00A3,
    0x3542, 0x00A2,
    0x3544, 0x00A4,
    0x3546, 0x00A3,
    0x3548, 0x00A3,
    0x354A, 0x00AF,
    0x354C, 0x00B0,
    0x354E, 0x00B1,
    0x3550, 0x00B2,
    0x3552, 0x00A6,
    0x3554, 0x00A6,
    0x3714, 0x0000,
    0x371E, 0x0030,
    0x3720, 0x0035,
    0x3722, 0x0037,
    0x3724, 0x0044,
    0x3726, 0x0047,
    0x3728, 0x0054,
    0x372A, 0x0057,
    0x372C, 0x005B,
    0x372E, 0x005D,
    0x3730, 0x005E,
    0x3732, 0x0060,
    0x3734, 0x0062,
    0x3736, 0x005E,
    0x3738, 0x0064,
    0x373A, 0x0068,
    0x373C, 0x006A,
    0x373E, 0x0030,
    0x3740, 0x0035,
    0x3742, 0x0037,
    0x3744, 0x0044,
    0x3746, 0x0047,
    0x3748, 0x0054,
    0x374A, 0x0057,
    0x374C, 0x005B,
    0x374E, 0x005D,
    0x3750, 0x005E,
    0x3752, 0x0060,
    0x3754, 0x0062,
    0x3756, 0x005E,
    0x3758, 0x0064,
    0x375A, 0x0068,
    0x375C, 0x006A,
    0x391C, 0x0000,
    0x3926, 0x0000,
    0x3928, 0x0000,
    0x392A, 0x0000,
    0x392C, 0x0000,
    0x392E, 0x0000,
    0x3930, 0x0000,
    0x3932, 0x0000,
    0x3946, 0x0000,
    0x3948, 0x0000,
    0x394A, 0x0000,
    0x394C, 0x0000,
    0x394E, 0x0000,
    0x3950, 0x0000,
    0x3952, 0x0000,
    0x3B4C, 0x000F,
    0x4780, 0x0200,
    0x498C, 0x012C,
    0x498E, 0x012C,
    0x4990, 0x012C,
    0x4992, 0x012C,
    0x4994, 0x0190,
    0x4996, 0x0190,
    0x4998, 0x0190,
    0x49B8, 0x0258,
    0x49BA, 0x0258,
    0x49BC, 0x0258,
    0x49CA, 0x0190,
    0x49CC, 0x0190,
    0x49CE, 0x0190,
    0x49DC, 0x01F4,
    0x49DE, 0x01F4,
    0x49E0, 0x01F4,
    0x49E6, 0x005A,
    0x49E8, 0x003C,
    0x49EA, 0x0028,
    0x49EC, 0x0014,
    0x49EE, 0x0004,
    0x49F0, 0x0004,
    0x49F2, 0x0004,
    0x49F8, 0x0064,
    0x49FA, 0x004B,
    0x49FC, 0x0032,
    0x49FE, 0x0019,
    0x4A00, 0x000A,
    0x4A02, 0x000A,
    0x4A04, 0x000A,
    0x4A0A, 0x006E,
    0x4A0C, 0x0050,
    0x4A0E, 0x003C,
    0x4A10, 0x001E,
    0x4A12, 0x0014,
    0x4A14, 0x0014,
    0x4A16, 0x0014,
    0x4A1C, 0x0078,
    0x4A1E, 0x0055,
    0x4A20, 0x0046,
    0x4A22, 0x0023,
    0x4A24, 0x001E,
    0x4A26, 0x001E,
    0x4A28, 0x001E,
    0x4A2E, 0x007D,
    0x4A30, 0x005F,
    0x4A32, 0x004B,
    0x4A34, 0x0032,
    0x4A36, 0x0032,
    0x4A38, 0x0032,
    0x4A3A, 0x0032,
    0x4A40, 0x0082,
    0x4A42, 0x0069,
    0x4A44, 0x0050,
    0x4A46, 0x0050,
    0x4A48, 0x0050,
    0x4A4A, 0x0050,
    0x4A4C, 0x0050,
    0x4A64, 0x0000,
    0x4A66, 0x0000,
    0x4A68, 0x0000,
    0x4A6A, 0x0003,
    0x4A6C, 0x0006,
    0x4A6E, 0x0006,
    0x4A70, 0x0006,
    0x4A76, 0x0000,
    0x4A78, 0x0000,
    0x4A7A, 0x0000,
    0x4A7C, 0x0003,
    0x4A7E, 0x0007,
    0x4A80, 0x0007,
    0x4A82, 0x0007,
    0x4A88, 0x0000,
    0x4A8A, 0x000A,
    0x4A8C, 0x0014,
    0x4A8E, 0x0019,
    0x4A90, 0x001E,
    0x4A92, 0x001E,
    0x4A94, 0x001E,
    0x4B06, 0x0001,
    0x4B08, 0x0001,
    0x4B0A, 0x0001,
    0x4B0C, 0x0000,
    0x4B0E, 0x0000,
    0x4B10, 0x0000,
    0x4B12, 0x0000,
    0x4BA8, 0x003C,
    0x4BAA, 0x0006,
    0x4BAC, 0x0006,
    0x4BAE, 0x0006,
    0x4BB0, 0x0006,
    0x4BB2, 0x0006,
    0x4BB4, 0x0006,
    0x4BCC, 0x0028,
    0x4BCE, 0x0001,
    0x4BD0, 0x0001,
    0x4BD2, 0x0001,
    0x4BD4, 0x0001,
    0x4BD6, 0x0001,
    0x4BD8, 0x0001,
    0x4C02, 0x003C,
    0x4C04, 0x0008,
    0x4C06, 0x0008,
    0x4C08, 0x0008,
    0x4C0A, 0x0008,
    0x4C0C, 0x0008,
    0x4C0E, 0x0008,
    0x4C26, 0x0028,
    0x4C28, 0x0014,
    0x4C2A, 0x0014,
    0x4C2C, 0x0014,
    0x4C2E, 0x0014,
    0x4C30, 0x0014,
    0x4C32, 0x0014,
    0x4C52, 0x044C,
    0x4C54, 0x044C,
    0x4C56, 0x044C,
    0x4CE2, 0x001E,
    0x4CE4, 0x001E,
    0x4CE6, 0x001E,
    0x4DBA, 0x00E6,
    0x4DBC, 0x00E6,
    0x4DBE, 0x00E6,
    0x4DCC, 0x00E6,
    0x4DCE, 0x00E6,
    0x4DD0, 0x00E6,
    0x4DDE, 0x00E6,
    0x4DE0, 0x00E6,
    0x4DE2, 0x00E6,
    0x4E02, 0x0050,
    0x4E04, 0x0050,
    0x4E06, 0x0050,
    0x4F3E, 0x001E,
    0x4F40, 0x001E,
    0x4F42, 0x001E,
    0x4F44, 0x0028,
    0x4F46, 0x0032,
    0x4F48, 0x0032,
    0x4F4A, 0x0032,
    0x4F50, 0x001E,
    0x4F52, 0x001E,
    0x4F54, 0x001E,
    0x4F56, 0x0028,
    0x4F58, 0x0050,
    0x4F5A, 0x0050,
    0x4F5C, 0x0050,
    0x4F62, 0x001E,
    0x4F64, 0x001E,
    0x4F66, 0x001E,
    0x4F68, 0x0028,
    0x4F6A, 0x006E,
    0x4F6C, 0x006E,
    0x4F6E, 0x006E,
    0x4F74, 0x001E,
    0x4F76, 0x001E,
    0x4F78, 0x001E,
    0x4F7A, 0x0028,
    0x4F7C, 0x0082,
    0x4F7E, 0x0082,
    0x4F80, 0x0082,
    0x4F86, 0x0028,
    0x4F88, 0x0028,
    0x4F8A, 0x0028,
    0x4F8C, 0x0032,
    0x4F8E, 0x0082,
    0x4F90, 0x0082,
    0x4F92, 0x0082,
    0x85FA, 0x0000,
    0xFCFC, 0x2002,
    0xDDD6, 0x001F,
    0xDDD8, 0x000C,
    0xDDDA, 0x000C,
    0xDDDC, 0x000C,
    0xDDDE, 0x000C,
    0xDDE0, 0x000C,
    0xDDEC, 0x0000,
    0xDDF6, 0x0100,
    0xDDF8, 0x8000,
    0xDDFA, 0x0216,
    0xDE02, 0x003F,
    0xDE04, 0x0001,
    0xDE06, 0x0F13,
    0xDE08, 0x0F13,
    0xDE0A, 0x000C,
    0xDE0C, 0x000C,
    0xDE0E, 0x0000,
    0xDE16, 0x0000,
    0xDE18, 0x04EF,
    0xDE1C, 0x0001,
    0xDE20, 0x0000,
    0xDE22, 0x0100,
    0xDE24, 0x0000,
    0xDE26, 0x0200,
    0xDE28, 0x0000,
    0xDE2A, 0x0400,
    0xDE2C, 0x0000,
    0xDE2E, 0x0800,
    0xDE30, 0x0000,
    0xDE32, 0x2000,
    0xDE34, 0x0000,
    0xDE36, 0x4000,
    0xDE38, 0x0000,
    0xDE3A, 0x0100,
    0xDE3C, 0x0000,
    0xDE3E, 0x0200,
    0xDE40, 0x0000,
    0xDE42, 0x0400,
    0xDE44, 0x0000,
    0xDE46, 0x0800,
    0xDE48, 0x0000,
    0xDE4A, 0x2000,
    0xDE4C, 0x0000,
    0xDE4E, 0x4000,
    0xDE50, 0x0000,
    0xDE52, 0x0100,
    0xDE54, 0x0000,
    0xDE56, 0x0200,
    0xDE58, 0x0000,
    0xDE5A, 0x0400,
    0xDE5C, 0x0000,
    0xDE5E, 0x0800,
    0xDE60, 0x0000,
    0xDE62, 0x2000,
    0xDE64, 0x0000,
    0xDE66, 0x4000,
    0xDE68, 0x0000,
    0xDE6A, 0x0100,
    0xDE6C, 0x0000,
    0xDE6E, 0x0200,
    0xDE70, 0x0000,
    0xDE72, 0x0400,
    0xDE74, 0x0000,
    0xDE76, 0x0800,
    0xDE78, 0x0000,
    0xDE7A, 0x2000,
    0xDE7C, 0x0000,
    0xDE7E, 0x4000,
    0xDE80, 0x0000,
    0xDE82, 0x0000,
    0xDE84, 0x0000,
    0xDE86, 0x0000,
    0xDE88, 0x0000,
    0xDE8A, 0x0000,
    0xDE8C, 0x0000,
    0xDE8E, 0x0000,
    0xDE90, 0x0000,
    0xDE92, 0x0000,
    0xDE94, 0x0000,
    0xDE96, 0x0000,
    0xDE98, 0x0000,
    0xDE9A, 0x0000,
    0xDE9C, 0x0000,
    0xDE9E, 0x0000,
    0xDEA0, 0x0000,
    0xDEA2, 0x0000,
    0xDEA4, 0x0000,
    0xDEA6, 0x0000,
    0xDEA8, 0x0000,
    0xDEAA, 0x0000,
    0xDEAC, 0x0000,
    0xDEAE, 0x0000,
    0xDEB0, 0x0000,
    0xDEB2, 0x0000,
    0xDEB4, 0x0000,
    0xDEB6, 0x0000,
    0xDEB8, 0x0000,
    0xDEBA, 0x0000,
    0xDEBC, 0x0000,
    0xDEBE, 0x0000,
    0xDEC0, 0x0000,
    0xDEC2, 0x0000,
    0xDEC4, 0x0000,
    0xDEC6, 0x0000,
    0xDEC8, 0x0000,
    0xDECA, 0x0000,
    0xDECC, 0x0000,
    0xDECE, 0x0000,
    0xDED0, 0x0000,
    0xDED2, 0x0000,
    0xDED4, 0x0000,
    0xDED6, 0x0000,
    0xDED8, 0x0000,
    0xDEDA, 0x0000,
    0xDEDC, 0x0000,
    0xDEDE, 0x0000,
    0xDF40, 0x0000,
    0xDF42, 0x01FF,
    0xDF44, 0x0000,
    0xDF46, 0x03FF,
    0xDF48, 0x0000,
    0xDF4A, 0x07FF,
    0xDF4C, 0x0000,
    0xDF4E, 0x1FFF,
    0xDF50, 0x0000,
    0xDF52, 0x3FFF,
    0xDF54, 0x0001,
    0xDF56, 0x0000,
    0xDF58, 0x0000,
    0xDF5A, 0x01FF,
    0xDF5C, 0x0000,
    0xDF5E, 0x03FF,
    0xDF60, 0x0000,
    0xDF62, 0x07FF,
    0xDF64, 0x0000,
    0xDF66, 0x1FFF,
    0xDF68, 0x0000,
    0xDF6A, 0x3FFF,
    0xDF6C, 0x0001,
    0xDF6E, 0x0000,
    0xDF70, 0x0000,
    0xDF72, 0x01FF,
    0xDF74, 0x0000,
    0xDF76, 0x03FF,
    0xDF78, 0x0000,
    0xDF7A, 0x07FF,
    0xDF7C, 0x0000,
    0xDF7E, 0x1FFF,
    0xDF80, 0x0000,
    0xDF82, 0x3FFF,
    0xDF84, 0x0001,
    0xDF86, 0x0000,
    0xDF88, 0x0000,
    0xDF8A, 0x01FF,
    0xDF8C, 0x0000,
    0xDF8E, 0x03FF,
    0xDF90, 0x0000,
    0xDF92, 0x07FF,
    0xDF94, 0x0000,
    0xDF96, 0x1FFF,
    0xDF98, 0x0000,
    0xDF9A, 0x3FFF,
    0xDF9C, 0x0001,
    0xDF9E, 0x0000,
    0xDFA0, 0x0000,
    0xDFA2, 0x0000,
    0xDFA4, 0x0000,
    0xDFA6, 0x0000,
    0xDFA8, 0x0000,
    0xDFAA, 0x0000,
    0xDFAC, 0x0000,
    0xDFAE, 0x0000,
    0xDFB0, 0x0000,
    0xDFB2, 0x0000,
    0xDFB4, 0x0000,
    0xDFB6, 0x0000,
    0xDFB8, 0x0000,
    0xDFBA, 0x0000,
    0xDFBC, 0x0000,
    0xDFBE, 0x0000,
    0xDFC0, 0x0000,
    0xDFC2, 0x0000,
    0xDFC4, 0x0000,
    0xDFC6, 0x0000,
    0xDFC8, 0x0000,
    0xDFCA, 0x0000,
    0xDFCC, 0x0000,
    0xDFCE, 0x0000,
    0xDFD0, 0x0000,
    0xDFD2, 0x0000,
    0xDFD4, 0x0000,
    0xDFD6, 0x0000,
    0xDFD8, 0x0000,
    0xDFDA, 0x0000,
    0xDFDC, 0x0000,
    0xDFDE, 0x0000,
    0xDFE0, 0x0000,
    0xDFE2, 0x0000,
    0xDFE4, 0x0000,
    0xDFE6, 0x0000,
    0xDFE8, 0x0000,
    0xDFEA, 0x0000,
    0xDFEC, 0x0000,
    0xDFEE, 0x0000,
    0xDFF0, 0x0000,
    0xDFF2, 0x0000,
    0xDFF4, 0x0000,
    0xDFF6, 0x0000,
    0xDFF8, 0x0000,
    0xDFFA, 0x0000,
    0xDFFC, 0x0000,
    0xDFFE, 0x0000,
    0xE060, 0x0000,
    0xE06E, 0x2000,
    0xE070, 0x1800,
    0xE072, 0x2020,
    0xE074, 0x1830,
    0xE076, 0xFFFF,
    0xE078, 0xFFFF,
    0xE07A, 0x0000,
    0xFCFC, 0x4000,
    0x0086, 0x2000,
    0x020A, 0x0100,
    0x0228, 0x0100,
    0x0380, 0x0004,
    0x0382, 0x000C,
    0x0384, 0x0008,
    0x0386, 0x0008,
    0x0722, 0x0800,
    0x0900, 0x3388,
    0x0B02, 0x0202,
    0x0B04, 0x0001,
    0x0B06, 0x0101,
    0x0B08, 0x0100,
    0x0B0A, 0x0101,
    0x0B0C, 0x0100,
    0x0BCC, 0x0000,
    0x0BE2, 0x0000,
};

// in sensor zoom preview
static kal_uint16 fast_mode_change_index00[] = {
    0xFCFC, 0x2000,
    0x0F8C, 0x0000,
    0x46F2, 0x0000,
    0x472C, 0x0000,
    0x472E, 0x0000,
    0x4760, 0x0200,
    0xFCFC, 0x4000,
    0x0114, 0x0201,
    0x0118, 0x0004,
    0x011C, 0x0101,
    0x0136, 0x1800,
    0x013E, 0x0000,
    0x0202, 0x0200,
    0x0204, 0x0020,
    0x0226, 0x0200,
    0x022C, 0x0200,
    0x0260, 0x0001,
    0x0262, 0x0200,
    0x0264, 0x0006,
    0x0270, 0x2B2B,
    0x0272, 0x2B10,
    0x0274, 0x302B,
    0x0304, 0x0003,
    0x0306, 0x00F0,
    0x030C, 0x0000,
    0x030E, 0x0003,
    0x0310, 0x00BA,
    0x0312, 0x0000,
    0x031A, 0x0003,
    0x031C, 0x0028,
    0x031E, 0x0002,
    0x0340, 0x1256,
    0x081C, 0x1015,
    0x081E, 0x0F00,
    0x0BCA, 0x0101,
    0xFCFC, 0x2003,
    0x0C8A, 0x0000,
    0x0C8E, 0xFFFF,
    0x0C92, 0x0702,
    0x0CE2, 0x0180,
    0x0CE4, 0x0200,
    0x0CE6, 0x0300,
    0x0CE8, 0x0400,
    0x0CEA, 0x1E20,
    0x0CEC, 0x2223,
    0x0CEE, 0x2526,
    0x0CF0, 0x2728,
    0x0CF2, 0x292A,
    0x0CF4, 0x2B2C,
    0x0CF6, 0x2C2D,
    0x0CF8, 0x2E2E,
    0x0CFA, 0x2F31,
    0x0CFC, 0x3233,
    0x0CFE, 0x3435,
    0x0D00, 0x3637,
    0x0D02, 0x3739,
    0x0D04, 0x3A3B,
    0x0D06, 0x3B3D,
    0x0D08, 0x3E3E,
    0x0D0A, 0x3F2C,
    0x0C96, 0x0000,
    0x0CA2, 0x0200,
    0x0CA6, 0x0008,
    0x0CAA, 0x0008,
    0x0CAE, 0x0000,
    0x0CB2, 0x0000,
    0x0D14, 0x013F,
    0x0D16, 0x017F,
    0x0D18, 0x01BF,
    0x0D1A, 0x01FF,
    0x0D1C, 0x027F,
    0x0D1E, 0x02FF,
    0x0D20, 0x037F,
    0x0D22, 0x03FF,
    0x0D24, 0x05FF,
    0x0D26, 0x07FF,
    0x0D28, 0x09FF,
    0x0D2A, 0x0BFF,
    0x0D2C, 0x0DFF,
    0x0D2E, 0x0FFF,
    0x0D30, 0x3FFF,
    0x0CBE, 0x0A0A,
    0x0CC2, 0x0000,
    0x0D3A, 0x3540,
    0x0D3C, 0x0000,
    0x0D3E, 0x0020,
    0x0D40, 0x403C,
    0x0D42, 0x305C,
    0x0D44, 0x1000,
    0x0D46, 0x0C00,
    0x0D48, 0x0008,
    0x0D4A, 0x0008,
    0x0CC6, 0x0001,
    0x0CCA, 0x0000,
    0x0CCE, 0x0800,
    0x0CD2, 0x0300,
    0x0CD6, 0x0000,
    0xFCFC, 0x4000,
    0x0B32, 0x0000,
    0x0B30, 0x0100,
};

//change to index1 for 2x isz
static kal_uint16 fast_mode_change_index01[] = {
    0xFCFC, 0x2000,
    0x0F8C, 0x0000,
    0x46F2, 0x0000,
    0x472C, 0x0000,
    0x472E, 0x0000,
    0x4760, 0x0200,
    0xFCFC, 0x4000,
    0x0114, 0x0201,
    0x0118, 0x0004,
    0x011C, 0x0101,
    0x0136, 0x1800,
    0x013E, 0x0000,
    0x0202, 0x0200,
    0x0204, 0x0020,
    0x0226, 0x0200,
    0x022C, 0x0200,
    0x0260, 0x0001,
    0x0262, 0x0200,
    0x0264, 0x0006,
    0x0270, 0x2B2B,
    0x0272, 0x2B10,
    0x0274, 0x302B,
    0x0304, 0x0003,
    0x0306, 0x00F0,
    0x030C, 0x0000,
    0x030E, 0x0003,
    0x0310, 0x00BA,
    0x0312, 0x0000,
    0x031A, 0x0003,
    0x031C, 0x0028,
    0x031E, 0x0002,
    0x0340, 0x190A,
    0x081C, 0x1015,
    0x081E, 0x0F00,
    0x0BCA, 0x0101,
    0xFCFC, 0x2003,
    0x0C8A, 0x0000,
    0x0C8E, 0xFFFF,
    0x0C92, 0x0702,
    0x0CE2, 0x0180,
    0x0CE4, 0x0200,
    0x0CE6, 0x0300,
    0x0CE8, 0x0400,
    0x0CEA, 0x1B1D,
    0x0CEC, 0x1F21,
    0x0CEE, 0x2224,
    0x0CF0, 0x2526,
    0x0CF2, 0x2728,
    0x0CF4, 0x292A,
    0x0CF6, 0x2B2B,
    0x0CF8, 0x2C2D,
    0x0CFA, 0x2D2F,
    0x0CFC, 0x3132,
    0x0CFE, 0x3334,
    0x0D00, 0x3536,
    0x0D02, 0x3638,
    0x0D04, 0x3A3A,
    0x0D06, 0x3B3D,
    0x0D08, 0x3D3E,
    0x0D0A, 0x3E2C,
    0x0C96, 0x0000,
    0x0CA2, 0x0200,
    0x0CA6, 0x0010,
    0x0CAA, 0x0010,
    0x0CAE, 0x0000,
    0x0CB2, 0x0200,
    0x0D14, 0x013F,
    0x0D16, 0x017F,
    0x0D18, 0x01BF,
    0x0D1A, 0x01FF,
    0x0D1C, 0x02FF,
    0x0D1E, 0x03FF,
    0x0D20, 0x04FF,
    0x0D22, 0x05FF,
    0x0D24, 0x06FF,
    0x0D26, 0x07FF,
    0x0D28, 0x0BFF,
    0x0D2A, 0x0FFF,
    0x0D2C, 0x17FF,
    0x0D2E, 0x1FFF,
    0x0D30, 0x2FFF,
    0x0CBE, 0x0A0A,
    0x0CC2, 0x0000,
    0x0D3A, 0x2700,
    0x0D3C, 0x1000,
    0x0D3E, 0x0C20,
    0x0D40, 0x303E,
    0x0D42, 0x245E,
    0x0D44, 0x1000,
    0x0D46, 0x0C00,
    0x0D48, 0x0010,
    0x0D4A, 0x0010,
    0x0CC6, 0x0001,
    0x0CCA, 0x0000,
    0x0CCE, 0x0400,
    0x0CD2, 0x0180,
    0x0CD6, 0x0000,
    0xFCFC, 0x4000,
    0x0B32, 0x0000,
    0x0B30, 0x0101,
};
